ISO-10303-21;
HEADER;
FILE_DESCRIPTION(('FreeCAD Model'),'2;1');
FILE_NAME('Open CASCADE Shape Model','2026-08-05T14:12:57',(''),(''),
  'Open CASCADE STEP processor 7.8','FreeCAD','Unknown');
FILE_SCHEMA(('AUTOMOTIVE_DESIGN { 1 0 10303 214 1 1 1 1 }'));
ENDSEC;
DATA;
#1 = APPLICATION_PROTOCOL_DEFINITION('international standard',
  'automotive_design',2000,#2);
#2 = APPLICATION_CONTEXT(
  'core data for automotive mechanical design processes');
#3 = SHAPE_DEFINITION_REPRESENTATION(#4,#10);
#4 = PRODUCT_DEFINITION_SHAPE('','',#5);
#5 = PRODUCT_DEFINITION('design','',#6,#9);
#6 = PRODUCT_DEFINITION_FORMATION('','',#7);
#7 = PRODUCT('Casing_V2','Casing_V2','',(#8));
#8 = PRODUCT_CONTEXT('',#2,'mechanical');
#9 = PRODUCT_DEFINITION_CONTEXT('part definition',#2,'design');
#10 = SHAPE_REPRESENTATION('',(#11,#15,#19),#23);
#11 = AXIS2_PLACEMENT_3D('',#12,#13,#14);
#12 = CARTESIAN_POINT('',(0.,0.,0.));
#13 = DIRECTION('',(0.,0.,1.));
#14 = DIRECTION('',(1.,0.,-0.));
#15 = AXIS2_PLACEMENT_3D('',#16,#17,#18);
#16 = CARTESIAN_POINT('',(0.,0.,0.));
#17 = DIRECTION('',(0.,0.,1.));
#18 = DIRECTION('',(1.,0.,0.));
#19 = AXIS2_PLACEMENT_3D('',#20,#21,#22);
#20 = CARTESIAN_POINT('',(0.,0.,0.));
#21 = DIRECTION('',(0.,0.,1.));
#22 = DIRECTION('',(1.,0.,0.));
#23 = ( GEOMETRIC_REPRESENTATION_CONTEXT(3) 
GLOBAL_UNCERTAINTY_ASSIGNED_CONTEXT((#27)) GLOBAL_UNIT_ASSIGNED_CONTEXT(
(#24,#25,#26)) REPRESENTATION_CONTEXT('Context #1',
  '3D Context with UNIT and UNCERTAINTY') );
#24 = ( LENGTH_UNIT() NAMED_UNIT(*) SI_UNIT(.MILLI.,.METRE.) );
#25 = ( NAMED_UNIT(*) PLANE_ANGLE_UNIT() SI_UNIT($,.RADIAN.) );
#26 = ( NAMED_UNIT(*) SI_UNIT($,.STERADIAN.) SOLID_ANGLE_UNIT() );
#27 = UNCERTAINTY_MEASURE_WITH_UNIT(LENGTH_MEASURE(5.E-06),#24,
  'distance_accuracy_value','confusion accuracy');
#28 = PRODUCT_RELATED_PRODUCT_CATEGORY('part',$,(#7));
#29 = SHAPE_DEFINITION_REPRESENTATION(#30,#36);
#30 = PRODUCT_DEFINITION_SHAPE('','',#31);
#31 = PRODUCT_DEFINITION('design','',#32,#35);
#32 = PRODUCT_DEFINITION_FORMATION('','',#33);
#33 = PRODUCT('Bottom','Bottom','',(#34));
#34 = PRODUCT_CONTEXT('',#2,'mechanical');
#35 = PRODUCT_DEFINITION_CONTEXT('part definition',#2,'design');
#36 = ADVANCED_BREP_SHAPE_REPRESENTATION('',(#11,#37),#2065);
#37 = MANIFOLD_SOLID_BREP('',#38);
#38 = CLOSED_SHELL('',(#39,#245,#276,#300,#324,#341,#374,#399,#424,#449,
    #474,#499,#524,#541,#566,#591,#616,#641,#666,#691,#722,#746,#770,
    #787,#818,#842,#866,#883,#914,#938,#962,#986,#1010,#1034,#1058,#1075
    ,#1100,#1254,#1271,#1288,#1305,#1327,#1344,#1361,#1373,#1455,#1488,
    #1513,#1538,#1563,#1588,#1613,#1638,#1655,#1686,#1710,#1734,#1758,
    #1782,#1806,#1830,#1847,#1878,#1902,#1926,#1950,#1974,#1998,#2022,
    #2039));
#39 = ADVANCED_FACE('',(#40,#74,#140,#151,#162,#173,#184,#195,#206),#240
  ,.F.);
#40 = FACE_BOUND('',#41,.F.);
#41 = EDGE_LOOP('',(#42,#52,#60,#68));
#42 = ORIENTED_EDGE('',*,*,#43,.T.);
#43 = EDGE_CURVE('',#44,#46,#48,.T.);
#44 = VERTEX_POINT('',#45);
#45 = CARTESIAN_POINT('',(77.32558200007,18.383491999839,
    -1.276756478319E-15));
#46 = VERTEX_POINT('',#47);
#47 = CARTESIAN_POINT('',(72.12558200007,18.383491999863,
    -1.276756478319E-15));
#48 = LINE('',#49,#50);
#49 = CARTESIAN_POINT('',(75.72558200007,18.383491999846,0.));
#50 = VECTOR('',#51,1.);
#51 = DIRECTION('',(-1.,4.693134769695E-12,0.));
#52 = ORIENTED_EDGE('',*,*,#53,.T.);
#53 = EDGE_CURVE('',#46,#54,#56,.T.);
#54 = VERTEX_POINT('',#55);
#55 = CARTESIAN_POINT('',(72.125582000094,23.583491999863,
    -3.330669073875E-16));
#56 = LINE('',#57,#58);
#57 = CARTESIAN_POINT('',(72.125582000077,19.983491999863,0.));
#58 = VECTOR('',#59,1.);
#59 = DIRECTION('',(4.696687483374E-12,1.,0.));
#60 = ORIENTED_EDGE('',*,*,#61,.T.);
#61 = EDGE_CURVE('',#54,#62,#64,.T.);
#62 = VERTEX_POINT('',#63);
#63 = CARTESIAN_POINT('',(77.325582000094,23.583491999839,
    -9.325873406851E-15));
#64 = LINE('',#65,#66);
#65 = CARTESIAN_POINT('',(73.725582000094,23.583491999856,0.));
#66 = VECTOR('',#67,1.);
#67 = DIRECTION('',(1.,-4.696687483374E-12,0.));
#68 = ORIENTED_EDGE('',*,*,#69,.T.);
#69 = EDGE_CURVE('',#62,#44,#70,.T.);
#70 = LINE('',#71,#72);
#71 = CARTESIAN_POINT('',(77.325582000087,21.983491999839,0.));
#72 = VECTOR('',#73,1.);
#73 = DIRECTION('',(-4.703792910732E-12,-1.,0.));
#74 = FACE_BOUND('',#75,.F.);
#75 = EDGE_LOOP('',(#76,#86,#94,#102,#110,#118,#126,#134));
#76 = ORIENTED_EDGE('',*,*,#77,.T.);
#77 = EDGE_CURVE('',#78,#80,#82,.T.);
#78 = VERTEX_POINT('',#79);
#79 = CARTESIAN_POINT('',(1.,14.535183758488,-2.22044604925E-16));
#80 = VERTEX_POINT('',#81);
#81 = CARTESIAN_POINT('',(21.302775637732,1.,-2.22044604925E-16));
#82 = LINE('',#83,#84);
#83 = CARTESIAN_POINT('',(0.554700196225,14.832050294338,
    -2.22044604925E-16));
#84 = VECTOR('',#85,1.);
#85 = DIRECTION('',(0.832050294338,-0.554700196225,0.));
#86 = ORIENTED_EDGE('',*,*,#87,.F.);
#87 = EDGE_CURVE('',#88,#80,#90,.T.);
#88 = VERTEX_POINT('',#89);
#89 = CARTESIAN_POINT('',(64.697224362268,1.,-2.22044604925E-16));
#90 = LINE('',#91,#92);
#91 = CARTESIAN_POINT('',(65.,1.,-2.22044604925E-16));
#92 = VECTOR('',#93,1.);
#93 = DIRECTION('',(-1.,0.,0.));
#94 = ORIENTED_EDGE('',*,*,#95,.F.);
#95 = EDGE_CURVE('',#96,#88,#98,.T.);
#96 = VERTEX_POINT('',#97);
#97 = CARTESIAN_POINT('',(85.,14.535183758488,-2.22044604925E-16));
#98 = LINE('',#99,#100);
#99 = CARTESIAN_POINT('',(85.445299803775,14.832050294338,
    -2.22044604925E-16));
#100 = VECTOR('',#101,1.);
#101 = DIRECTION('',(-0.832050294338,-0.554700196225,0.));
#102 = ORIENTED_EDGE('',*,*,#103,.F.);
#103 = EDGE_CURVE('',#104,#96,#106,.T.);
#104 = VERTEX_POINT('',#105);
#105 = CARTESIAN_POINT('',(85.,27.464816241512,-2.22044604925E-16));
#106 = LINE('',#107,#108);
#107 = CARTESIAN_POINT('',(85.,28.,-2.22044604925E-16));
#108 = VECTOR('',#109,1.);
#109 = DIRECTION('',(0.,-1.,0.));
#110 = ORIENTED_EDGE('',*,*,#111,.F.);
#111 = EDGE_CURVE('',#112,#104,#114,.T.);
#112 = VERTEX_POINT('',#113);
#113 = CARTESIAN_POINT('',(64.697224362268,41.,-2.22044604925E-16));
#114 = LINE('',#115,#116);
#115 = CARTESIAN_POINT('',(64.445299803775,41.167949705662,
    -2.22044604925E-16));
#116 = VECTOR('',#117,1.);
#117 = DIRECTION('',(0.832050294338,-0.554700196225,0.));
#118 = ORIENTED_EDGE('',*,*,#119,.T.);
#119 = EDGE_CURVE('',#112,#120,#122,.T.);
#120 = VERTEX_POINT('',#121);
#121 = CARTESIAN_POINT('',(21.302775637732,41.,-2.22044604925E-16));
#122 = LINE('',#123,#124);
#123 = CARTESIAN_POINT('',(65.,41.,-2.22044604925E-16));
#124 = VECTOR('',#125,1.);
#125 = DIRECTION('',(-1.,0.,0.));
#126 = ORIENTED_EDGE('',*,*,#127,.T.);
#127 = EDGE_CURVE('',#120,#128,#130,.T.);
#128 = VERTEX_POINT('',#129);
#129 = CARTESIAN_POINT('',(1.,27.464816241512,-2.22044604925E-16));
#130 = LINE('',#131,#132);
#131 = CARTESIAN_POINT('',(21.554700196225,41.167949705662,
    -2.22044604925E-16));
#132 = VECTOR('',#133,1.);
#133 = DIRECTION('',(-0.832050294338,-0.554700196225,0.));
#134 = ORIENTED_EDGE('',*,*,#135,.T.);
#135 = EDGE_CURVE('',#128,#78,#136,.T.);
#136 = LINE('',#137,#138);
#137 = CARTESIAN_POINT('',(1.,28.,-2.22044604925E-16));
#138 = VECTOR('',#139,1.);
#139 = DIRECTION('',(5.991883129465E-18,-1.,0.));
#140 = FACE_BOUND('',#141,.F.);
#141 = EDGE_LOOP('',(#142));
#142 = ORIENTED_EDGE('',*,*,#143,.F.);
#143 = EDGE_CURVE('',#144,#144,#146,.T.);
#144 = VERTEX_POINT('',#145);
#145 = CARTESIAN_POINT('',(23.540908021001,6.960428777886,0.));
#146 = CIRCLE('',#147,1.5);
#147 = AXIS2_PLACEMENT_3D('',#148,#149,#150);
#148 = CARTESIAN_POINT('',(22.040908021001,6.960428777886,0.));
#149 = DIRECTION('',(0.,0.,1.));
#150 = DIRECTION('',(1.,0.,0.));
#151 = FACE_BOUND('',#152,.F.);
#152 = EDGE_LOOP('',(#153));
#153 = ORIENTED_EDGE('',*,*,#154,.F.);
#154 = EDGE_CURVE('',#155,#155,#157,.T.);
#155 = VERTEX_POINT('',#156);
#156 = CARTESIAN_POINT('',(43.790908021001,16.630428777886,0.));
#157 = CIRCLE('',#158,0.8);
#158 = AXIS2_PLACEMENT_3D('',#159,#160,#161);
#159 = CARTESIAN_POINT('',(42.990908021001,16.630428777886,0.));
#160 = DIRECTION('',(0.,0.,1.));
#161 = DIRECTION('',(1.,0.,0.));
#162 = FACE_BOUND('',#163,.F.);
#163 = EDGE_LOOP('',(#164));
#164 = ORIENTED_EDGE('',*,*,#165,.F.);
#165 = EDGE_CURVE('',#166,#166,#168,.T.);
#166 = VERTEX_POINT('',#167);
#167 = CARTESIAN_POINT('',(65.540908021001,6.970428777886,0.));
#168 = CIRCLE('',#169,1.5);
#169 = AXIS2_PLACEMENT_3D('',#170,#171,#172);
#170 = CARTESIAN_POINT('',(64.040908021001,6.970428777886,0.));
#171 = DIRECTION('',(0.,0.,1.));
#172 = DIRECTION('',(1.,0.,0.));
#173 = FACE_BOUND('',#174,.F.);
#174 = EDGE_LOOP('',(#175));
#175 = ORIENTED_EDGE('',*,*,#176,.F.);
#176 = EDGE_CURVE('',#177,#177,#179,.T.);
#177 = VERTEX_POINT('',#178);
#178 = CARTESIAN_POINT('',(43.790908021001,26.630428777886,0.));
#179 = CIRCLE('',#180,0.8);
#180 = AXIS2_PLACEMENT_3D('',#181,#182,#183);
#181 = CARTESIAN_POINT('',(42.990908021001,26.630428777886,0.));
#182 = DIRECTION('',(0.,0.,1.));
#183 = DIRECTION('',(1.,0.,0.));
#184 = FACE_BOUND('',#185,.F.);
#185 = EDGE_LOOP('',(#186));
#186 = ORIENTED_EDGE('',*,*,#187,.F.);
#187 = EDGE_CURVE('',#188,#188,#190,.T.);
#188 = VERTEX_POINT('',#189);
#189 = CARTESIAN_POINT('',(23.540908021001,34.940428777886,0.));
#190 = CIRCLE('',#191,1.5);
#191 = AXIS2_PLACEMENT_3D('',#192,#193,#194);
#192 = CARTESIAN_POINT('',(22.040908021001,34.940428777886,0.));
#193 = DIRECTION('',(0.,0.,1.));
#194 = DIRECTION('',(1.,0.,0.));
#195 = FACE_BOUND('',#196,.F.);
#196 = EDGE_LOOP('',(#197));
#197 = ORIENTED_EDGE('',*,*,#198,.F.);
#198 = EDGE_CURVE('',#199,#199,#201,.T.);
#199 = VERTEX_POINT('',#200);
#200 = CARTESIAN_POINT('',(65.540908021001,34.940428777886,0.));
#201 = CIRCLE('',#202,1.5);
#202 = AXIS2_PLACEMENT_3D('',#203,#204,#205);
#203 = CARTESIAN_POINT('',(64.040908021001,34.940428777886,0.));
#204 = DIRECTION('',(0.,0.,1.));
#205 = DIRECTION('',(1.,0.,0.));
#206 = FACE_BOUND('',#207,.F.);
#207 = EDGE_LOOP('',(#208,#218,#226,#234));
#208 = ORIENTED_EDGE('',*,*,#209,.F.);
#209 = EDGE_CURVE('',#210,#212,#214,.T.);
#210 = VERTEX_POINT('',#211);
#211 = CARTESIAN_POINT('',(8.674418,18.383492,-1.276756478319E-15));
#212 = VERTEX_POINT('',#213);
#213 = CARTESIAN_POINT('',(13.874418,18.383492,-1.276756478319E-15));
#214 = LINE('',#215,#216);
#215 = CARTESIAN_POINT('',(10.274418,18.383492,0.));
#216 = VECTOR('',#217,1.);
#217 = DIRECTION('',(1.,0.,0.));
#218 = ORIENTED_EDGE('',*,*,#219,.F.);
#219 = EDGE_CURVE('',#220,#210,#222,.T.);
#220 = VERTEX_POINT('',#221);
#221 = CARTESIAN_POINT('',(8.674418,23.583492,-2.22044604925E-15));
#222 = LINE('',#223,#224);
#223 = CARTESIAN_POINT('',(8.674418,21.983492,0.));
#224 = VECTOR('',#225,1.);
#225 = DIRECTION('',(0.,-1.,0.));
#226 = ORIENTED_EDGE('',*,*,#227,.F.);
#227 = EDGE_CURVE('',#228,#220,#230,.T.);
#228 = VERTEX_POINT('',#229);
#229 = CARTESIAN_POINT('',(13.874418,23.583492,1.110223024625E-16));
#230 = LINE('',#231,#232);
#231 = CARTESIAN_POINT('',(12.274418,23.583492,0.));
#232 = VECTOR('',#233,1.);
#233 = DIRECTION('',(-1.,0.,0.));
#234 = ORIENTED_EDGE('',*,*,#235,.F.);
#235 = EDGE_CURVE('',#212,#228,#236,.T.);
#236 = LINE('',#237,#238);
#237 = CARTESIAN_POINT('',(13.874418,19.983492,0.));
#238 = VECTOR('',#239,1.);
#239 = DIRECTION('',(0.,1.,0.));
#240 = PLANE('',#241);
#241 = AXIS2_PLACEMENT_3D('',#242,#243,#244);
#242 = CARTESIAN_POINT('',(43.,21.,0.));
#243 = DIRECTION('',(0.,0.,1.));
#244 = DIRECTION('',(1.,0.,0.));
#245 = ADVANCED_FACE('',(#246),#271,.F.);
#246 = FACE_BOUND('',#247,.T.);
#247 = EDGE_LOOP('',(#248,#256,#257,#265));
#248 = ORIENTED_EDGE('',*,*,#249,.F.);
#249 = EDGE_CURVE('',#44,#250,#252,.T.);
#250 = VERTEX_POINT('',#251);
#251 = CARTESIAN_POINT('',(75.725582000077,19.983491999846,
    0.999790963055));
#252 = LINE('',#253,#254);
#253 = CARTESIAN_POINT('',(75.772589390004,19.936484609919,
    0.970417485776));
#254 = VECTOR('',#255,1.);
#255 = DIRECTION('',(-0.64678375661,0.646783756616,0.40415534682));
#256 = ORIENTED_EDGE('',*,*,#43,.T.);
#257 = ORIENTED_EDGE('',*,*,#258,.T.);
#258 = EDGE_CURVE('',#46,#259,#261,.T.);
#259 = VERTEX_POINT('',#260);
#260 = CARTESIAN_POINT('',(73.725582000077,19.983491999856,
    0.999790963055));
#261 = LINE('',#262,#263);
#262 = CARTESIAN_POINT('',(73.67857461015,19.936484609929,0.970417485776
    ));
#263 = VECTOR('',#264,1.);
#264 = DIRECTION('',(0.646783756616,0.64678375661,0.40415534682));
#265 = ORIENTED_EDGE('',*,*,#266,.F.);
#266 = EDGE_CURVE('',#250,#259,#267,.T.);
#267 = LINE('',#268,#269);
#268 = CARTESIAN_POINT('',(75.725582000077,19.983491999846,
    0.999790963055));
#269 = VECTOR('',#270,1.);
#270 = DIRECTION('',(-1.,4.693134769695E-12,0.));
#271 = PLANE('',#272);
#272 = AXIS2_PLACEMENT_3D('',#273,#274,#275);
#273 = CARTESIAN_POINT('',(75.725582000074,19.183491999846,
    0.499895481527));
#274 = DIRECTION('',(-2.486986214852E-12,-0.529919264233,0.848048096156)
  );
#275 = DIRECTION('',(1.,-4.693136725494E-12,3.129931353416E-18));
#276 = ADVANCED_FACE('',(#277),#295,.F.);
#277 = FACE_BOUND('',#278,.T.);
#278 = EDGE_LOOP('',(#279,#287,#288,#289));
#279 = ORIENTED_EDGE('',*,*,#280,.F.);
#280 = EDGE_CURVE('',#62,#281,#283,.T.);
#281 = VERTEX_POINT('',#282);
#282 = CARTESIAN_POINT('',(75.725582000087,21.983491999846,
    0.999790963055));
#283 = LINE('',#284,#285);
#284 = CARTESIAN_POINT('',(75.772589390014,22.030499389773,
    0.970417485776));
#285 = VECTOR('',#286,1.);
#286 = DIRECTION('',(-0.646783756616,-0.64678375661,0.40415534682));
#287 = ORIENTED_EDGE('',*,*,#69,.T.);
#288 = ORIENTED_EDGE('',*,*,#249,.T.);
#289 = ORIENTED_EDGE('',*,*,#290,.F.);
#290 = EDGE_CURVE('',#281,#250,#291,.T.);
#291 = LINE('',#292,#293);
#292 = CARTESIAN_POINT('',(75.725582000087,21.983491999846,
    0.999790963055));
#293 = VECTOR('',#294,1.);
#294 = DIRECTION('',(-4.703792910732E-12,-1.,0.));
#295 = PLANE('',#296);
#296 = AXIS2_PLACEMENT_3D('',#297,#298,#299);
#297 = CARTESIAN_POINT('',(76.525582000087,21.983491999843,
    0.499895481527));
#298 = DIRECTION('',(0.529919264233,-2.492635108302E-12,0.848048096156)
  );
#299 = DIRECTION('',(4.703795364227E-12,1.,3.926413044241E-18));
#300 = ADVANCED_FACE('',(#301),#319,.F.);
#301 = FACE_BOUND('',#302,.T.);
#302 = EDGE_LOOP('',(#303,#304,#305,#313));
#303 = ORIENTED_EDGE('',*,*,#258,.F.);
#304 = ORIENTED_EDGE('',*,*,#53,.T.);
#305 = ORIENTED_EDGE('',*,*,#306,.T.);
#306 = EDGE_CURVE('',#54,#307,#309,.T.);
#307 = VERTEX_POINT('',#308);
#308 = CARTESIAN_POINT('',(73.725582000087,21.983491999856,
    0.999790963055));
#309 = LINE('',#310,#311);
#310 = CARTESIAN_POINT('',(73.67857461016,22.030499389783,0.970417485776
    ));
#311 = VECTOR('',#312,1.);
#312 = DIRECTION('',(0.64678375661,-0.646783756616,0.40415534682));
#313 = ORIENTED_EDGE('',*,*,#314,.F.);
#314 = EDGE_CURVE('',#259,#307,#315,.T.);
#315 = LINE('',#316,#317);
#316 = CARTESIAN_POINT('',(73.725582000077,19.983491999856,
    0.999790963055));
#317 = VECTOR('',#318,1.);
#318 = DIRECTION('',(4.696687483374E-12,1.,0.));
#319 = PLANE('',#320);
#320 = AXIS2_PLACEMENT_3D('',#321,#322,#323);
#321 = CARTESIAN_POINT('',(72.925582000077,19.983491999859,
    0.499895481527));
#322 = DIRECTION('',(-0.529919264233,2.4888640928E-12,0.848048096156));
#323 = DIRECTION('',(-4.696686909618E-12,-1.,-9.182015717476E-19));
#324 = ADVANCED_FACE('',(#325),#336,.F.);
#325 = FACE_BOUND('',#326,.T.);
#326 = EDGE_LOOP('',(#327,#328,#329,#330));
#327 = ORIENTED_EDGE('',*,*,#306,.F.);
#328 = ORIENTED_EDGE('',*,*,#61,.T.);
#329 = ORIENTED_EDGE('',*,*,#280,.T.);
#330 = ORIENTED_EDGE('',*,*,#331,.F.);
#331 = EDGE_CURVE('',#307,#281,#332,.T.);
#332 = LINE('',#333,#334);
#333 = CARTESIAN_POINT('',(73.725582000087,21.983491999856,
    0.999790963055));
#334 = VECTOR('',#335,1.);
#335 = DIRECTION('',(1.,-4.696687483374E-12,0.));
#336 = PLANE('',#337);
#337 = AXIS2_PLACEMENT_3D('',#338,#339,#340);
#338 = CARTESIAN_POINT('',(73.725582000091,22.783491999856,
    0.499895481527));
#339 = DIRECTION('',(2.488863276936E-12,0.529919264233,0.848048096156));
#340 = DIRECTION('',(-1.,4.696686477277E-12,-1.610092710049E-18));
#341 = ADVANCED_FACE('',(#342),#369,.T.);
#342 = FACE_BOUND('',#343,.F.);
#343 = EDGE_LOOP('',(#344,#353,#361,#368));
#344 = ORIENTED_EDGE('',*,*,#345,.T.);
#345 = EDGE_CURVE('',#78,#346,#348,.T.);
#346 = VERTEX_POINT('',#347);
#347 = CARTESIAN_POINT('',(-1.443289932013E-15,14.,1.));
#348 = ELLIPSE('',#349,1.134205296827,1.);
#349 = AXIS2_PLACEMENT_3D('',#350,#351,#352);
#350 = CARTESIAN_POINT('',(1.,14.535183758488,1.));
#351 = DIRECTION('',(-0.471857925532,0.881674598768,0.));
#352 = DIRECTION('',(0.881674598768,0.471857925532,0.));
#353 = ORIENTED_EDGE('',*,*,#354,.T.);
#354 = EDGE_CURVE('',#346,#355,#357,.T.);
#355 = VERTEX_POINT('',#356);
#356 = CARTESIAN_POINT('',(21.,0.,1.));
#357 = LINE('',#358,#359);
#358 = CARTESIAN_POINT('',(-3.663735981263E-15,14.,1.));
#359 = VECTOR('',#360,1.);
#360 = DIRECTION('',(0.832050294338,-0.554700196225,0.));
#361 = ORIENTED_EDGE('',*,*,#362,.F.);
#362 = EDGE_CURVE('',#80,#355,#363,.T.);
#363 = ELLIPSE('',#364,1.044831606913,1.);
#364 = AXIS2_PLACEMENT_3D('',#365,#366,#367);
#365 = CARTESIAN_POINT('',(21.302775637732,1.,1.));
#366 = DIRECTION('',(-0.957092026489,0.289784148688,0.));
#367 = DIRECTION('',(-0.289784148688,-0.957092026489,0.));
#368 = ORIENTED_EDGE('',*,*,#77,.F.);
#369 = CYLINDRICAL_SURFACE('',#370,1.);
#370 = AXIS2_PLACEMENT_3D('',#371,#372,#373);
#371 = CARTESIAN_POINT('',(0.554700196225,14.832050294338,1.));
#372 = DIRECTION('',(0.832050294338,-0.554700196225,0.));
#373 = DIRECTION('',(0.,0.,-1.));
#374 = ADVANCED_FACE('',(#375),#394,.T.);
#375 = FACE_BOUND('',#376,.F.);
#376 = EDGE_LOOP('',(#377,#386,#392,#393));
#377 = ORIENTED_EDGE('',*,*,#378,.T.);
#378 = EDGE_CURVE('',#128,#379,#381,.T.);
#379 = VERTEX_POINT('',#380);
#380 = CARTESIAN_POINT('',(-3.552713678801E-15,28.,1.));
#381 = ELLIPSE('',#382,1.134205296827,1.);
#382 = AXIS2_PLACEMENT_3D('',#383,#384,#385);
#383 = CARTESIAN_POINT('',(1.,27.464816241512,1.));
#384 = DIRECTION('',(0.471857925532,0.881674598768,-0.));
#385 = DIRECTION('',(-0.881674598768,0.471857925532,0.));
#386 = ORIENTED_EDGE('',*,*,#387,.T.);
#387 = EDGE_CURVE('',#379,#346,#388,.T.);
#388 = LINE('',#389,#390);
#389 = CARTESIAN_POINT('',(-2.22044604925E-16,28.,1.));
#390 = VECTOR('',#391,1.);
#391 = DIRECTION('',(5.991883129465E-18,-1.,0.));
#392 = ORIENTED_EDGE('',*,*,#345,.F.);
#393 = ORIENTED_EDGE('',*,*,#135,.F.);
#394 = CYLINDRICAL_SURFACE('',#395,1.);
#395 = AXIS2_PLACEMENT_3D('',#396,#397,#398);
#396 = CARTESIAN_POINT('',(1.,28.,1.));
#397 = DIRECTION('',(5.991883129465E-18,-1.,0.));
#398 = DIRECTION('',(0.,0.,-1.));
#399 = ADVANCED_FACE('',(#400),#419,.T.);
#400 = FACE_BOUND('',#401,.T.);
#401 = EDGE_LOOP('',(#402,#411,#417,#418));
#402 = ORIENTED_EDGE('',*,*,#403,.T.);
#403 = EDGE_CURVE('',#88,#404,#406,.T.);
#404 = VERTEX_POINT('',#405);
#405 = CARTESIAN_POINT('',(65.,3.552713678801E-15,1.));
#406 = ELLIPSE('',#407,1.044831606913,1.);
#407 = AXIS2_PLACEMENT_3D('',#408,#409,#410);
#408 = CARTESIAN_POINT('',(64.697224362268,1.,1.));
#409 = DIRECTION('',(-0.957092026489,-0.289784148688,0.));
#410 = DIRECTION('',(0.289784148688,-0.957092026489,0.));
#411 = ORIENTED_EDGE('',*,*,#412,.T.);
#412 = EDGE_CURVE('',#404,#355,#413,.T.);
#413 = LINE('',#414,#415);
#414 = CARTESIAN_POINT('',(65.,6.661338147751E-16,1.));
#415 = VECTOR('',#416,1.);
#416 = DIRECTION('',(-1.,0.,0.));
#417 = ORIENTED_EDGE('',*,*,#362,.F.);
#418 = ORIENTED_EDGE('',*,*,#87,.F.);
#419 = CYLINDRICAL_SURFACE('',#420,1.);
#420 = AXIS2_PLACEMENT_3D('',#421,#422,#423);
#421 = CARTESIAN_POINT('',(65.,1.,1.));
#422 = DIRECTION('',(-1.,0.,0.));
#423 = DIRECTION('',(0.,0.,-1.));
#424 = ADVANCED_FACE('',(#425),#444,.T.);
#425 = FACE_BOUND('',#426,.F.);
#426 = EDGE_LOOP('',(#427,#436,#442,#443));
#427 = ORIENTED_EDGE('',*,*,#428,.T.);
#428 = EDGE_CURVE('',#120,#429,#431,.T.);
#429 = VERTEX_POINT('',#430);
#430 = CARTESIAN_POINT('',(21.,42.,1.));
#431 = ELLIPSE('',#432,1.044831606913,1.);
#432 = AXIS2_PLACEMENT_3D('',#433,#434,#435);
#433 = CARTESIAN_POINT('',(21.302775637732,41.,1.));
#434 = DIRECTION('',(0.957092026489,0.289784148688,-0.));
#435 = DIRECTION('',(-0.289784148688,0.957092026489,0.));
#436 = ORIENTED_EDGE('',*,*,#437,.T.);
#437 = EDGE_CURVE('',#429,#379,#438,.T.);
#438 = LINE('',#439,#440);
#439 = CARTESIAN_POINT('',(21.,42.,1.));
#440 = VECTOR('',#441,1.);
#441 = DIRECTION('',(-0.832050294338,-0.554700196225,0.));
#442 = ORIENTED_EDGE('',*,*,#378,.F.);
#443 = ORIENTED_EDGE('',*,*,#127,.F.);
#444 = CYLINDRICAL_SURFACE('',#445,1.);
#445 = AXIS2_PLACEMENT_3D('',#446,#447,#448);
#446 = CARTESIAN_POINT('',(21.554700196225,41.167949705662,1.));
#447 = DIRECTION('',(-0.832050294338,-0.554700196225,0.));
#448 = DIRECTION('',(0.,0.,-1.));
#449 = ADVANCED_FACE('',(#450),#469,.T.);
#450 = FACE_BOUND('',#451,.T.);
#451 = EDGE_LOOP('',(#452,#461,#467,#468));
#452 = ORIENTED_EDGE('',*,*,#453,.T.);
#453 = EDGE_CURVE('',#96,#454,#456,.T.);
#454 = VERTEX_POINT('',#455);
#455 = CARTESIAN_POINT('',(86.,14.,1.));
#456 = ELLIPSE('',#457,1.134205296827,1.);
#457 = AXIS2_PLACEMENT_3D('',#458,#459,#460);
#458 = CARTESIAN_POINT('',(85.,14.535183758488,1.));
#459 = DIRECTION('',(-0.471857925532,-0.881674598768,-0.));
#460 = DIRECTION('',(-0.881674598768,0.471857925532,0.));
#461 = ORIENTED_EDGE('',*,*,#462,.T.);
#462 = EDGE_CURVE('',#454,#404,#463,.T.);
#463 = LINE('',#464,#465);
#464 = CARTESIAN_POINT('',(86.,14.,1.));
#465 = VECTOR('',#466,1.);
#466 = DIRECTION('',(-0.832050294338,-0.554700196225,0.));
#467 = ORIENTED_EDGE('',*,*,#403,.F.);
#468 = ORIENTED_EDGE('',*,*,#95,.F.);
#469 = CYLINDRICAL_SURFACE('',#470,1.);
#470 = AXIS2_PLACEMENT_3D('',#471,#472,#473);
#471 = CARTESIAN_POINT('',(85.445299803775,14.832050294338,1.));
#472 = DIRECTION('',(-0.832050294338,-0.554700196225,0.));
#473 = DIRECTION('',(0.,0.,-1.));
#474 = ADVANCED_FACE('',(#475),#494,.T.);
#475 = FACE_BOUND('',#476,.F.);
#476 = EDGE_LOOP('',(#477,#486,#492,#493));
#477 = ORIENTED_EDGE('',*,*,#478,.T.);
#478 = EDGE_CURVE('',#112,#479,#481,.T.);
#479 = VERTEX_POINT('',#480);
#480 = CARTESIAN_POINT('',(65.,42.,1.));
#481 = ELLIPSE('',#482,1.044831606913,1.);
#482 = AXIS2_PLACEMENT_3D('',#483,#484,#485);
#483 = CARTESIAN_POINT('',(64.697224362268,41.,1.));
#484 = DIRECTION('',(0.957092026489,-0.289784148688,0.));
#485 = DIRECTION('',(-0.289784148688,-0.957092026489,0.));
#486 = ORIENTED_EDGE('',*,*,#487,.T.);
#487 = EDGE_CURVE('',#479,#429,#488,.T.);
#488 = LINE('',#489,#490);
#489 = CARTESIAN_POINT('',(65.,42.,1.));
#490 = VECTOR('',#491,1.);
#491 = DIRECTION('',(-1.,0.,0.));
#492 = ORIENTED_EDGE('',*,*,#428,.F.);
#493 = ORIENTED_EDGE('',*,*,#119,.F.);
#494 = CYLINDRICAL_SURFACE('',#495,1.);
#495 = AXIS2_PLACEMENT_3D('',#496,#497,#498);
#496 = CARTESIAN_POINT('',(65.,41.,1.));
#497 = DIRECTION('',(-1.,0.,0.));
#498 = DIRECTION('',(0.,0.,-1.));
#499 = ADVANCED_FACE('',(#500),#519,.T.);
#500 = FACE_BOUND('',#501,.T.);
#501 = EDGE_LOOP('',(#502,#511,#517,#518));
#502 = ORIENTED_EDGE('',*,*,#503,.T.);
#503 = EDGE_CURVE('',#104,#504,#506,.T.);
#504 = VERTEX_POINT('',#505);
#505 = CARTESIAN_POINT('',(86.,28.,1.));
#506 = ELLIPSE('',#507,1.134205296827,1.);
#507 = AXIS2_PLACEMENT_3D('',#508,#509,#510);
#508 = CARTESIAN_POINT('',(85.,27.464816241512,1.));
#509 = DIRECTION('',(0.471857925532,-0.881674598768,0.));
#510 = DIRECTION('',(-0.881674598768,-0.471857925532,0.));
#511 = ORIENTED_EDGE('',*,*,#512,.T.);
#512 = EDGE_CURVE('',#504,#454,#513,.T.);
#513 = LINE('',#514,#515);
#514 = CARTESIAN_POINT('',(86.,28.,1.));
#515 = VECTOR('',#516,1.);
#516 = DIRECTION('',(0.,-1.,0.));
#517 = ORIENTED_EDGE('',*,*,#453,.F.);
#518 = ORIENTED_EDGE('',*,*,#103,.F.);
#519 = CYLINDRICAL_SURFACE('',#520,1.);
#520 = AXIS2_PLACEMENT_3D('',#521,#522,#523);
#521 = CARTESIAN_POINT('',(85.,28.,1.));
#522 = DIRECTION('',(0.,-1.,0.));
#523 = DIRECTION('',(-0.,-0.,-1.));
#524 = ADVANCED_FACE('',(#525),#536,.T.);
#525 = FACE_BOUND('',#526,.T.);
#526 = EDGE_LOOP('',(#527,#528,#534,#535));
#527 = ORIENTED_EDGE('',*,*,#478,.T.);
#528 = ORIENTED_EDGE('',*,*,#529,.T.);
#529 = EDGE_CURVE('',#479,#504,#530,.T.);
#530 = LINE('',#531,#532);
#531 = CARTESIAN_POINT('',(65.,42.,1.));
#532 = VECTOR('',#533,1.);
#533 = DIRECTION('',(0.832050294338,-0.554700196225,0.));
#534 = ORIENTED_EDGE('',*,*,#503,.F.);
#535 = ORIENTED_EDGE('',*,*,#111,.F.);
#536 = CYLINDRICAL_SURFACE('',#537,1.);
#537 = AXIS2_PLACEMENT_3D('',#538,#539,#540);
#538 = CARTESIAN_POINT('',(64.445299803775,41.167949705662,1.));
#539 = DIRECTION('',(0.832050294338,-0.554700196225,0.));
#540 = DIRECTION('',(0.,0.,-1.));
#541 = ADVANCED_FACE('',(#542),#561,.F.);
#542 = FACE_BOUND('',#543,.F.);
#543 = EDGE_LOOP('',(#544,#552,#553,#554));
#544 = ORIENTED_EDGE('',*,*,#545,.F.);
#545 = EDGE_CURVE('',#144,#546,#548,.T.);
#546 = VERTEX_POINT('',#547);
#547 = CARTESIAN_POINT('',(23.040908021001,6.960428777886,0.5));
#548 = LINE('',#549,#550);
#549 = CARTESIAN_POINT('',(23.040908021001,6.960428777886,0.5));
#550 = VECTOR('',#551,1.);
#551 = DIRECTION('',(-0.707106781187,0.,0.707106781187));
#552 = ORIENTED_EDGE('',*,*,#143,.T.);
#553 = ORIENTED_EDGE('',*,*,#545,.T.);
#554 = ORIENTED_EDGE('',*,*,#555,.F.);
#555 = EDGE_CURVE('',#546,#546,#556,.T.);
#556 = CIRCLE('',#557,1.);
#557 = AXIS2_PLACEMENT_3D('',#558,#559,#560);
#558 = CARTESIAN_POINT('',(22.040908021001,6.960428777886,0.5));
#559 = DIRECTION('',(0.,0.,1.));
#560 = DIRECTION('',(1.,0.,0.));
#561 = CONICAL_SURFACE('',#562,1.,0.785398163397);
#562 = AXIS2_PLACEMENT_3D('',#563,#564,#565);
#563 = CARTESIAN_POINT('',(22.040908021001,6.960428777886,0.5));
#564 = DIRECTION('',(-0.,-0.,-1.));
#565 = DIRECTION('',(1.,0.,0.));
#566 = ADVANCED_FACE('',(#567),#586,.F.);
#567 = FACE_BOUND('',#568,.F.);
#568 = EDGE_LOOP('',(#569,#578,#584,#585));
#569 = ORIENTED_EDGE('',*,*,#570,.F.);
#570 = EDGE_CURVE('',#571,#571,#573,.T.);
#571 = VERTEX_POINT('',#572);
#572 = CARTESIAN_POINT('',(43.790908021001,16.630428777886,1.));
#573 = CIRCLE('',#574,0.8);
#574 = AXIS2_PLACEMENT_3D('',#575,#576,#577);
#575 = CARTESIAN_POINT('',(42.990908021001,16.630428777886,1.));
#576 = DIRECTION('',(0.,0.,1.));
#577 = DIRECTION('',(1.,0.,0.));
#578 = ORIENTED_EDGE('',*,*,#579,.T.);
#579 = EDGE_CURVE('',#571,#155,#580,.T.);
#580 = LINE('',#581,#582);
#581 = CARTESIAN_POINT('',(43.790908021001,16.630428777886,1.));
#582 = VECTOR('',#583,1.);
#583 = DIRECTION('',(-0.,-0.,-1.));
#584 = ORIENTED_EDGE('',*,*,#154,.T.);
#585 = ORIENTED_EDGE('',*,*,#579,.F.);
#586 = CYLINDRICAL_SURFACE('',#587,0.8);
#587 = AXIS2_PLACEMENT_3D('',#588,#589,#590);
#588 = CARTESIAN_POINT('',(42.990908021001,16.630428777886,1.));
#589 = DIRECTION('',(0.,0.,1.));
#590 = DIRECTION('',(1.,0.,0.));
#591 = ADVANCED_FACE('',(#592),#611,.F.);
#592 = FACE_BOUND('',#593,.F.);
#593 = EDGE_LOOP('',(#594,#602,#603,#604));
#594 = ORIENTED_EDGE('',*,*,#595,.F.);
#595 = EDGE_CURVE('',#166,#596,#598,.T.);
#596 = VERTEX_POINT('',#597);
#597 = CARTESIAN_POINT('',(65.040908021001,6.970428777886,0.5));
#598 = LINE('',#599,#600);
#599 = CARTESIAN_POINT('',(65.040908021001,6.970428777886,0.5));
#600 = VECTOR('',#601,1.);
#601 = DIRECTION('',(-0.707106781187,0.,0.707106781187));
#602 = ORIENTED_EDGE('',*,*,#165,.T.);
#603 = ORIENTED_EDGE('',*,*,#595,.T.);
#604 = ORIENTED_EDGE('',*,*,#605,.F.);
#605 = EDGE_CURVE('',#596,#596,#606,.T.);
#606 = CIRCLE('',#607,1.);
#607 = AXIS2_PLACEMENT_3D('',#608,#609,#610);
#608 = CARTESIAN_POINT('',(64.040908021001,6.970428777886,0.5));
#609 = DIRECTION('',(0.,0.,1.));
#610 = DIRECTION('',(1.,0.,0.));
#611 = CONICAL_SURFACE('',#612,1.,0.785398163397);
#612 = AXIS2_PLACEMENT_3D('',#613,#614,#615);
#613 = CARTESIAN_POINT('',(64.040908021001,6.970428777886,0.5));
#614 = DIRECTION('',(-0.,-0.,-1.));
#615 = DIRECTION('',(1.,0.,0.));
#616 = ADVANCED_FACE('',(#617),#636,.F.);
#617 = FACE_BOUND('',#618,.F.);
#618 = EDGE_LOOP('',(#619,#628,#634,#635));
#619 = ORIENTED_EDGE('',*,*,#620,.F.);
#620 = EDGE_CURVE('',#621,#621,#623,.T.);
#621 = VERTEX_POINT('',#622);
#622 = CARTESIAN_POINT('',(43.790908021001,26.630428777886,1.));
#623 = CIRCLE('',#624,0.8);
#624 = AXIS2_PLACEMENT_3D('',#625,#626,#627);
#625 = CARTESIAN_POINT('',(42.990908021001,26.630428777886,1.));
#626 = DIRECTION('',(0.,0.,1.));
#627 = DIRECTION('',(1.,0.,0.));
#628 = ORIENTED_EDGE('',*,*,#629,.T.);
#629 = EDGE_CURVE('',#621,#177,#630,.T.);
#630 = LINE('',#631,#632);
#631 = CARTESIAN_POINT('',(43.790908021001,26.630428777886,1.));
#632 = VECTOR('',#633,1.);
#633 = DIRECTION('',(-0.,-0.,-1.));
#634 = ORIENTED_EDGE('',*,*,#176,.T.);
#635 = ORIENTED_EDGE('',*,*,#629,.F.);
#636 = CYLINDRICAL_SURFACE('',#637,0.8);
#637 = AXIS2_PLACEMENT_3D('',#638,#639,#640);
#638 = CARTESIAN_POINT('',(42.990908021001,26.630428777886,1.));
#639 = DIRECTION('',(0.,0.,1.));
#640 = DIRECTION('',(1.,0.,0.));
#641 = ADVANCED_FACE('',(#642),#661,.F.);
#642 = FACE_BOUND('',#643,.F.);
#643 = EDGE_LOOP('',(#644,#652,#653,#654));
#644 = ORIENTED_EDGE('',*,*,#645,.F.);
#645 = EDGE_CURVE('',#188,#646,#648,.T.);
#646 = VERTEX_POINT('',#647);
#647 = CARTESIAN_POINT('',(23.040908021001,34.940428777886,0.5));
#648 = LINE('',#649,#650);
#649 = CARTESIAN_POINT('',(23.040908021001,34.940428777886,0.5));
#650 = VECTOR('',#651,1.);
#651 = DIRECTION('',(-0.707106781187,0.,0.707106781187));
#652 = ORIENTED_EDGE('',*,*,#187,.T.);
#653 = ORIENTED_EDGE('',*,*,#645,.T.);
#654 = ORIENTED_EDGE('',*,*,#655,.F.);
#655 = EDGE_CURVE('',#646,#646,#656,.T.);
#656 = CIRCLE('',#657,1.);
#657 = AXIS2_PLACEMENT_3D('',#658,#659,#660);
#658 = CARTESIAN_POINT('',(22.040908021001,34.940428777886,0.5));
#659 = DIRECTION('',(0.,0.,1.));
#660 = DIRECTION('',(1.,0.,0.));
#661 = CONICAL_SURFACE('',#662,1.,0.785398163397);
#662 = AXIS2_PLACEMENT_3D('',#663,#664,#665);
#663 = CARTESIAN_POINT('',(22.040908021001,34.940428777886,0.5));
#664 = DIRECTION('',(-0.,-0.,-1.));
#665 = DIRECTION('',(1.,0.,0.));
#666 = ADVANCED_FACE('',(#667),#686,.F.);
#667 = FACE_BOUND('',#668,.F.);
#668 = EDGE_LOOP('',(#669,#677,#678,#679));
#669 = ORIENTED_EDGE('',*,*,#670,.F.);
#670 = EDGE_CURVE('',#199,#671,#673,.T.);
#671 = VERTEX_POINT('',#672);
#672 = CARTESIAN_POINT('',(65.040908021001,34.940428777886,0.5));
#673 = LINE('',#674,#675);
#674 = CARTESIAN_POINT('',(65.040908021001,34.940428777886,0.5));
#675 = VECTOR('',#676,1.);
#676 = DIRECTION('',(-0.707106781187,0.,0.707106781187));
#677 = ORIENTED_EDGE('',*,*,#198,.T.);
#678 = ORIENTED_EDGE('',*,*,#670,.T.);
#679 = ORIENTED_EDGE('',*,*,#680,.F.);
#680 = EDGE_CURVE('',#671,#671,#681,.T.);
#681 = CIRCLE('',#682,1.);
#682 = AXIS2_PLACEMENT_3D('',#683,#684,#685);
#683 = CARTESIAN_POINT('',(64.040908021001,34.940428777886,0.5));
#684 = DIRECTION('',(0.,0.,1.));
#685 = DIRECTION('',(1.,0.,0.));
#686 = CONICAL_SURFACE('',#687,1.,0.785398163397);
#687 = AXIS2_PLACEMENT_3D('',#688,#689,#690);
#688 = CARTESIAN_POINT('',(64.040908021001,34.940428777886,0.5));
#689 = DIRECTION('',(-0.,-0.,-1.));
#690 = DIRECTION('',(1.,0.,0.));
#691 = ADVANCED_FACE('',(#692),#717,.T.);
#692 = FACE_BOUND('',#693,.F.);
#693 = EDGE_LOOP('',(#694,#702,#703,#711));
#694 = ORIENTED_EDGE('',*,*,#695,.F.);
#695 = EDGE_CURVE('',#210,#696,#698,.T.);
#696 = VERTEX_POINT('',#697);
#697 = CARTESIAN_POINT('',(10.274418,19.983492,0.999790963055));
#698 = LINE('',#699,#700);
#699 = CARTESIAN_POINT('',(10.227410610073,19.936484610073,
    0.970417485776));
#700 = VECTOR('',#701,1.);
#701 = DIRECTION('',(0.646783756613,0.646783756613,0.40415534682));
#702 = ORIENTED_EDGE('',*,*,#209,.T.);
#703 = ORIENTED_EDGE('',*,*,#704,.T.);
#704 = EDGE_CURVE('',#212,#705,#707,.T.);
#705 = VERTEX_POINT('',#706);
#706 = CARTESIAN_POINT('',(12.274418,19.983492,0.999790963055));
#707 = LINE('',#708,#709);
#708 = CARTESIAN_POINT('',(12.321425389927,19.936484610073,
    0.970417485776));
#709 = VECTOR('',#710,1.);
#710 = DIRECTION('',(-0.646783756613,0.646783756613,0.40415534682));
#711 = ORIENTED_EDGE('',*,*,#712,.F.);
#712 = EDGE_CURVE('',#696,#705,#713,.T.);
#713 = LINE('',#714,#715);
#714 = CARTESIAN_POINT('',(10.274418,19.983492,0.999790963055));
#715 = VECTOR('',#716,1.);
#716 = DIRECTION('',(1.,0.,0.));
#717 = PLANE('',#718);
#718 = AXIS2_PLACEMENT_3D('',#719,#720,#721);
#719 = CARTESIAN_POINT('',(10.274418,19.183492,0.499895481527));
#720 = DIRECTION('',(-2.912500601003E-18,0.529919264233,-0.848048096156)
  );
#721 = DIRECTION('',(-1.,-1.543390175563E-18,2.469940589735E-18));
#722 = ADVANCED_FACE('',(#723),#741,.T.);
#723 = FACE_BOUND('',#724,.F.);
#724 = EDGE_LOOP('',(#725,#733,#734,#735));
#725 = ORIENTED_EDGE('',*,*,#726,.F.);
#726 = EDGE_CURVE('',#220,#727,#729,.T.);
#727 = VERTEX_POINT('',#728);
#728 = CARTESIAN_POINT('',(10.274418,21.983492,0.999790963055));
#729 = LINE('',#730,#731);
#730 = CARTESIAN_POINT('',(10.227410610073,22.030499389927,
    0.970417485776));
#731 = VECTOR('',#732,1.);
#732 = DIRECTION('',(0.646783756613,-0.646783756613,0.40415534682));
#733 = ORIENTED_EDGE('',*,*,#219,.T.);
#734 = ORIENTED_EDGE('',*,*,#695,.T.);
#735 = ORIENTED_EDGE('',*,*,#736,.F.);
#736 = EDGE_CURVE('',#727,#696,#737,.T.);
#737 = LINE('',#738,#739);
#738 = CARTESIAN_POINT('',(10.274418,21.983492,0.999790963055));
#739 = VECTOR('',#740,1.);
#740 = DIRECTION('',(0.,-1.,0.));
#741 = PLANE('',#742);
#742 = AXIS2_PLACEMENT_3D('',#743,#744,#745);
#743 = CARTESIAN_POINT('',(9.474418,21.983492,0.499895481527));
#744 = DIRECTION('',(0.529919264233,2.325699263279E-17,-0.848048096156)
  );
#745 = DIRECTION('',(-1.232432842425E-17,1.,1.972304832457E-17));
#746 = ADVANCED_FACE('',(#747),#765,.T.);
#747 = FACE_BOUND('',#748,.F.);
#748 = EDGE_LOOP('',(#749,#750,#751,#759));
#749 = ORIENTED_EDGE('',*,*,#704,.F.);
#750 = ORIENTED_EDGE('',*,*,#235,.T.);
#751 = ORIENTED_EDGE('',*,*,#752,.T.);
#752 = EDGE_CURVE('',#228,#753,#755,.T.);
#753 = VERTEX_POINT('',#754);
#754 = CARTESIAN_POINT('',(12.274418,21.983492,0.999790963055));
#755 = LINE('',#756,#757);
#756 = CARTESIAN_POINT('',(12.321425389927,22.030499389927,
    0.970417485776));
#757 = VECTOR('',#758,1.);
#758 = DIRECTION('',(-0.646783756613,-0.646783756613,0.40415534682));
#759 = ORIENTED_EDGE('',*,*,#760,.F.);
#760 = EDGE_CURVE('',#705,#753,#761,.T.);
#761 = LINE('',#762,#763);
#762 = CARTESIAN_POINT('',(12.274418,19.983492,0.999790963055));
#763 = VECTOR('',#764,1.);
#764 = DIRECTION('',(0.,1.,0.));
#765 = PLANE('',#766);
#766 = AXIS2_PLACEMENT_3D('',#767,#768,#769);
#767 = CARTESIAN_POINT('',(13.074418,19.983492,0.499895481527));
#768 = DIRECTION('',(-0.529919264233,-2.325699263279E-17,-0.848048096156
    ));
#769 = DIRECTION('',(1.232432842425E-17,-1.,1.972304832457E-17));
#770 = ADVANCED_FACE('',(#771),#782,.T.);
#771 = FACE_BOUND('',#772,.F.);
#772 = EDGE_LOOP('',(#773,#774,#775,#776));
#773 = ORIENTED_EDGE('',*,*,#752,.F.);
#774 = ORIENTED_EDGE('',*,*,#227,.T.);
#775 = ORIENTED_EDGE('',*,*,#726,.T.);
#776 = ORIENTED_EDGE('',*,*,#777,.F.);
#777 = EDGE_CURVE('',#753,#727,#778,.T.);
#778 = LINE('',#779,#780);
#779 = CARTESIAN_POINT('',(12.274418,21.983492,0.999790963055));
#780 = VECTOR('',#781,1.);
#781 = DIRECTION('',(-1.,0.,0.));
#782 = PLANE('',#783);
#783 = AXIS2_PLACEMENT_3D('',#784,#785,#786);
#784 = CARTESIAN_POINT('',(12.274418,22.783492,0.499895481527));
#785 = DIRECTION('',(2.912500601003E-18,-0.529919264233,-0.848048096156)
  );
#786 = DIRECTION('',(1.,1.543390175563E-18,2.469940589735E-18));
#787 = ADVANCED_FACE('',(#788),#813,.T.);
#788 = FACE_BOUND('',#789,.T.);
#789 = EDGE_LOOP('',(#790,#798,#806,#812));
#790 = ORIENTED_EDGE('',*,*,#791,.F.);
#791 = EDGE_CURVE('',#792,#259,#794,.T.);
#792 = VERTEX_POINT('',#793);
#793 = CARTESIAN_POINT('',(73.725582000077,19.983491999856,1.));
#794 = LINE('',#795,#796);
#795 = CARTESIAN_POINT('',(73.725582000077,19.983491999856,1.));
#796 = VECTOR('',#797,1.);
#797 = DIRECTION('',(-0.,-0.,-1.));
#798 = ORIENTED_EDGE('',*,*,#799,.F.);
#799 = EDGE_CURVE('',#800,#792,#802,.T.);
#800 = VERTEX_POINT('',#801);
#801 = CARTESIAN_POINT('',(75.725582000077,19.983491999846,1.));
#802 = LINE('',#803,#804);
#803 = CARTESIAN_POINT('',(75.725582000077,19.983491999846,1.));
#804 = VECTOR('',#805,1.);
#805 = DIRECTION('',(-1.,4.693134769695E-12,0.));
#806 = ORIENTED_EDGE('',*,*,#807,.T.);
#807 = EDGE_CURVE('',#800,#250,#808,.T.);
#808 = LINE('',#809,#810);
#809 = CARTESIAN_POINT('',(75.725582000077,19.983491999846,1.));
#810 = VECTOR('',#811,1.);
#811 = DIRECTION('',(-0.,-0.,-1.));
#812 = ORIENTED_EDGE('',*,*,#266,.T.);
#813 = PLANE('',#814);
#814 = AXIS2_PLACEMENT_3D('',#815,#816,#817);
#815 = CARTESIAN_POINT('',(75.725582000077,19.983491999846,1.));
#816 = DIRECTION('',(4.693134769695E-12,1.,0.));
#817 = DIRECTION('',(-1.,4.693134769695E-12,0.));
#818 = ADVANCED_FACE('',(#819),#837,.T.);
#819 = FACE_BOUND('',#820,.T.);
#820 = EDGE_LOOP('',(#821,#822,#830,#836));
#821 = ORIENTED_EDGE('',*,*,#807,.F.);
#822 = ORIENTED_EDGE('',*,*,#823,.F.);
#823 = EDGE_CURVE('',#824,#800,#826,.T.);
#824 = VERTEX_POINT('',#825);
#825 = CARTESIAN_POINT('',(75.725582000087,21.983491999846,1.));
#826 = LINE('',#827,#828);
#827 = CARTESIAN_POINT('',(75.725582000087,21.983491999846,1.));
#828 = VECTOR('',#829,1.);
#829 = DIRECTION('',(-4.703792910732E-12,-1.,0.));
#830 = ORIENTED_EDGE('',*,*,#831,.T.);
#831 = EDGE_CURVE('',#824,#281,#832,.T.);
#832 = LINE('',#833,#834);
#833 = CARTESIAN_POINT('',(75.725582000087,21.983491999846,1.));
#834 = VECTOR('',#835,1.);
#835 = DIRECTION('',(-0.,-0.,-1.));
#836 = ORIENTED_EDGE('',*,*,#290,.T.);
#837 = PLANE('',#838);
#838 = AXIS2_PLACEMENT_3D('',#839,#840,#841);
#839 = CARTESIAN_POINT('',(75.725582000087,21.983491999846,1.));
#840 = DIRECTION('',(-1.,4.703792910732E-12,0.));
#841 = DIRECTION('',(-4.703792910732E-12,-1.,0.));
#842 = ADVANCED_FACE('',(#843),#861,.T.);
#843 = FACE_BOUND('',#844,.T.);
#844 = EDGE_LOOP('',(#845,#853,#859,#860));
#845 = ORIENTED_EDGE('',*,*,#846,.F.);
#846 = EDGE_CURVE('',#847,#307,#849,.T.);
#847 = VERTEX_POINT('',#848);
#848 = CARTESIAN_POINT('',(73.725582000087,21.983491999856,1.));
#849 = LINE('',#850,#851);
#850 = CARTESIAN_POINT('',(73.725582000087,21.983491999856,1.));
#851 = VECTOR('',#852,1.);
#852 = DIRECTION('',(-0.,-0.,-1.));
#853 = ORIENTED_EDGE('',*,*,#854,.F.);
#854 = EDGE_CURVE('',#792,#847,#855,.T.);
#855 = LINE('',#856,#857);
#856 = CARTESIAN_POINT('',(73.725582000077,19.983491999856,1.));
#857 = VECTOR('',#858,1.);
#858 = DIRECTION('',(4.696687483374E-12,1.,0.));
#859 = ORIENTED_EDGE('',*,*,#791,.T.);
#860 = ORIENTED_EDGE('',*,*,#314,.T.);
#861 = PLANE('',#862);
#862 = AXIS2_PLACEMENT_3D('',#863,#864,#865);
#863 = CARTESIAN_POINT('',(73.725582000077,19.983491999856,1.));
#864 = DIRECTION('',(1.,-4.696687483374E-12,0.));
#865 = DIRECTION('',(4.696687483374E-12,1.,0.));
#866 = ADVANCED_FACE('',(#867),#878,.T.);
#867 = FACE_BOUND('',#868,.T.);
#868 = EDGE_LOOP('',(#869,#870,#876,#877));
#869 = ORIENTED_EDGE('',*,*,#831,.F.);
#870 = ORIENTED_EDGE('',*,*,#871,.F.);
#871 = EDGE_CURVE('',#847,#824,#872,.T.);
#872 = LINE('',#873,#874);
#873 = CARTESIAN_POINT('',(73.725582000087,21.983491999856,1.));
#874 = VECTOR('',#875,1.);
#875 = DIRECTION('',(1.,-4.696687483374E-12,0.));
#876 = ORIENTED_EDGE('',*,*,#846,.T.);
#877 = ORIENTED_EDGE('',*,*,#331,.T.);
#878 = PLANE('',#879);
#879 = AXIS2_PLACEMENT_3D('',#880,#881,#882);
#880 = CARTESIAN_POINT('',(73.725582000087,21.983491999856,1.));
#881 = DIRECTION('',(-4.696687483374E-12,-1.,0.));
#882 = DIRECTION('',(1.,-4.696687483374E-12,0.));
#883 = ADVANCED_FACE('',(#884),#909,.F.);
#884 = FACE_BOUND('',#885,.F.);
#885 = EDGE_LOOP('',(#886,#894,#902,#908));
#886 = ORIENTED_EDGE('',*,*,#887,.T.);
#887 = EDGE_CURVE('',#346,#888,#890,.T.);
#888 = VERTEX_POINT('',#889);
#889 = CARTESIAN_POINT('',(-2.940002800363E-33,14.,2.));
#890 = LINE('',#891,#892);
#891 = CARTESIAN_POINT('',(-2.940002800363E-33,14.,0.));
#892 = VECTOR('',#893,1.);
#893 = DIRECTION('',(0.,0.,1.));
#894 = ORIENTED_EDGE('',*,*,#895,.T.);
#895 = EDGE_CURVE('',#888,#896,#898,.T.);
#896 = VERTEX_POINT('',#897);
#897 = CARTESIAN_POINT('',(21.,2.91763608003E-15,2.));
#898 = LINE('',#899,#900);
#899 = CARTESIAN_POINT('',(-2.940002800363E-33,14.,2.));
#900 = VECTOR('',#901,1.);
#901 = DIRECTION('',(0.832050294338,-0.554700196225,0.));
#902 = ORIENTED_EDGE('',*,*,#903,.F.);
#903 = EDGE_CURVE('',#355,#896,#904,.T.);
#904 = LINE('',#905,#906);
#905 = CARTESIAN_POINT('',(21.,2.91763608003E-15,0.));
#906 = VECTOR('',#907,1.);
#907 = DIRECTION('',(0.,0.,1.));
#908 = ORIENTED_EDGE('',*,*,#354,.F.);
#909 = PLANE('',#910);
#910 = AXIS2_PLACEMENT_3D('',#911,#912,#913);
#911 = CARTESIAN_POINT('',(-2.940002800363E-33,14.,0.));
#912 = DIRECTION('',(0.554700196225,0.832050294338,0.));
#913 = DIRECTION('',(0.832050294338,-0.554700196225,0.));
#914 = ADVANCED_FACE('',(#915),#933,.F.);
#915 = FACE_BOUND('',#916,.F.);
#916 = EDGE_LOOP('',(#917,#925,#931,#932));
#917 = ORIENTED_EDGE('',*,*,#918,.T.);
#918 = EDGE_CURVE('',#379,#919,#921,.T.);
#919 = VERTEX_POINT('',#920);
#920 = CARTESIAN_POINT('',(-8.388636381251E-17,28.,2.));
#921 = LINE('',#922,#923);
#922 = CARTESIAN_POINT('',(-8.388636381251E-17,28.,0.));
#923 = VECTOR('',#924,1.);
#924 = DIRECTION('',(0.,0.,1.));
#925 = ORIENTED_EDGE('',*,*,#926,.T.);
#926 = EDGE_CURVE('',#919,#888,#927,.T.);
#927 = LINE('',#928,#929);
#928 = CARTESIAN_POINT('',(-8.388636381251E-17,28.,2.));
#929 = VECTOR('',#930,1.);
#930 = DIRECTION('',(5.991883129465E-18,-1.,0.));
#931 = ORIENTED_EDGE('',*,*,#887,.F.);
#932 = ORIENTED_EDGE('',*,*,#387,.F.);
#933 = PLANE('',#934);
#934 = AXIS2_PLACEMENT_3D('',#935,#936,#937);
#935 = CARTESIAN_POINT('',(-8.388636381251E-17,28.,0.));
#936 = DIRECTION('',(1.,5.991883129465E-18,0.));
#937 = DIRECTION('',(5.991883129465E-18,-1.,0.));
#938 = ADVANCED_FACE('',(#939),#957,.T.);
#939 = FACE_BOUND('',#940,.T.);
#940 = EDGE_LOOP('',(#941,#942,#943,#951));
#941 = ORIENTED_EDGE('',*,*,#903,.F.);
#942 = ORIENTED_EDGE('',*,*,#412,.F.);
#943 = ORIENTED_EDGE('',*,*,#944,.T.);
#944 = EDGE_CURVE('',#404,#945,#947,.T.);
#945 = VERTEX_POINT('',#946);
#946 = CARTESIAN_POINT('',(65.,1.263417334603E-15,2.));
#947 = LINE('',#948,#949);
#948 = CARTESIAN_POINT('',(65.,1.263417334603E-15,0.));
#949 = VECTOR('',#950,1.);
#950 = DIRECTION('',(0.,0.,1.));
#951 = ORIENTED_EDGE('',*,*,#952,.F.);
#952 = EDGE_CURVE('',#896,#945,#953,.T.);
#953 = LINE('',#954,#955);
#954 = CARTESIAN_POINT('',(21.,2.91763608003E-15,2.));
#955 = VECTOR('',#956,1.);
#956 = DIRECTION('',(1.,-7.519176115577E-17,0.));
#957 = PLANE('',#958);
#958 = AXIS2_PLACEMENT_3D('',#959,#960,#961);
#959 = CARTESIAN_POINT('',(43.,1.694952659497E-15,1.));
#960 = DIRECTION('',(-0.,-1.,-0.));
#961 = DIRECTION('',(0.,0.,-1.));
#962 = ADVANCED_FACE('',(#963),#981,.F.);
#963 = FACE_BOUND('',#964,.F.);
#964 = EDGE_LOOP('',(#965,#973,#979,#980));
#965 = ORIENTED_EDGE('',*,*,#966,.T.);
#966 = EDGE_CURVE('',#429,#967,#969,.T.);
#967 = VERTEX_POINT('',#968);
#968 = CARTESIAN_POINT('',(21.,42.,2.));
#969 = LINE('',#970,#971);
#970 = CARTESIAN_POINT('',(21.,42.,0.));
#971 = VECTOR('',#972,1.);
#972 = DIRECTION('',(0.,0.,1.));
#973 = ORIENTED_EDGE('',*,*,#974,.T.);
#974 = EDGE_CURVE('',#967,#919,#975,.T.);
#975 = LINE('',#976,#977);
#976 = CARTESIAN_POINT('',(21.,42.,2.));
#977 = VECTOR('',#978,1.);
#978 = DIRECTION('',(-0.832050294338,-0.554700196225,0.));
#979 = ORIENTED_EDGE('',*,*,#918,.F.);
#980 = ORIENTED_EDGE('',*,*,#437,.F.);
#981 = PLANE('',#982);
#982 = AXIS2_PLACEMENT_3D('',#983,#984,#985);
#983 = CARTESIAN_POINT('',(21.,42.,0.));
#984 = DIRECTION('',(0.554700196225,-0.832050294338,0.));
#985 = DIRECTION('',(-0.832050294338,-0.554700196225,0.));
#986 = ADVANCED_FACE('',(#987),#1005,.T.);
#987 = FACE_BOUND('',#988,.T.);
#988 = EDGE_LOOP('',(#989,#997,#1003,#1004));
#989 = ORIENTED_EDGE('',*,*,#990,.T.);
#990 = EDGE_CURVE('',#454,#991,#993,.T.);
#991 = VERTEX_POINT('',#992);
#992 = CARTESIAN_POINT('',(86.,14.,2.));
#993 = LINE('',#994,#995);
#994 = CARTESIAN_POINT('',(86.,14.,0.));
#995 = VECTOR('',#996,1.);
#996 = DIRECTION('',(0.,0.,1.));
#997 = ORIENTED_EDGE('',*,*,#998,.T.);
#998 = EDGE_CURVE('',#991,#945,#999,.T.);
#999 = LINE('',#1000,#1001);
#1000 = CARTESIAN_POINT('',(86.,14.,2.));
#1001 = VECTOR('',#1002,1.);
#1002 = DIRECTION('',(-0.832050294338,-0.554700196225,0.));
#1003 = ORIENTED_EDGE('',*,*,#944,.F.);
#1004 = ORIENTED_EDGE('',*,*,#462,.F.);
#1005 = PLANE('',#1006);
#1006 = AXIS2_PLACEMENT_3D('',#1007,#1008,#1009);
#1007 = CARTESIAN_POINT('',(86.,14.,0.));
#1008 = DIRECTION('',(0.554700196225,-0.832050294338,0.));
#1009 = DIRECTION('',(-0.832050294338,-0.554700196225,0.));
#1010 = ADVANCED_FACE('',(#1011),#1029,.T.);
#1011 = FACE_BOUND('',#1012,.T.);
#1012 = EDGE_LOOP('',(#1013,#1014,#1022,#1028));
#1013 = ORIENTED_EDGE('',*,*,#966,.T.);
#1014 = ORIENTED_EDGE('',*,*,#1015,.T.);
#1015 = EDGE_CURVE('',#967,#1016,#1018,.T.);
#1016 = VERTEX_POINT('',#1017);
#1017 = CARTESIAN_POINT('',(65.,42.,2.));
#1018 = LINE('',#1019,#1020);
#1019 = CARTESIAN_POINT('',(43.,42.,2.));
#1020 = VECTOR('',#1021,1.);
#1021 = DIRECTION('',(1.,0.,0.));
#1022 = ORIENTED_EDGE('',*,*,#1023,.F.);
#1023 = EDGE_CURVE('',#479,#1016,#1024,.T.);
#1024 = LINE('',#1025,#1026);
#1025 = CARTESIAN_POINT('',(65.,42.,0.));
#1026 = VECTOR('',#1027,1.);
#1027 = DIRECTION('',(0.,0.,1.));
#1028 = ORIENTED_EDGE('',*,*,#487,.T.);
#1029 = PLANE('',#1030);
#1030 = AXIS2_PLACEMENT_3D('',#1031,#1032,#1033);
#1031 = CARTESIAN_POINT('',(43.,42.,1.));
#1032 = DIRECTION('',(0.,1.,0.));
#1033 = DIRECTION('',(0.,0.,1.));
#1034 = ADVANCED_FACE('',(#1035),#1053,.T.);
#1035 = FACE_BOUND('',#1036,.T.);
#1036 = EDGE_LOOP('',(#1037,#1045,#1051,#1052));
#1037 = ORIENTED_EDGE('',*,*,#1038,.T.);
#1038 = EDGE_CURVE('',#504,#1039,#1041,.T.);
#1039 = VERTEX_POINT('',#1040);
#1040 = CARTESIAN_POINT('',(86.,28.,2.));
#1041 = LINE('',#1042,#1043);
#1042 = CARTESIAN_POINT('',(86.,28.,0.));
#1043 = VECTOR('',#1044,1.);
#1044 = DIRECTION('',(0.,0.,1.));
#1045 = ORIENTED_EDGE('',*,*,#1046,.T.);
#1046 = EDGE_CURVE('',#1039,#991,#1047,.T.);
#1047 = LINE('',#1048,#1049);
#1048 = CARTESIAN_POINT('',(86.,28.,2.));
#1049 = VECTOR('',#1050,1.);
#1050 = DIRECTION('',(0.,-1.,0.));
#1051 = ORIENTED_EDGE('',*,*,#990,.F.);
#1052 = ORIENTED_EDGE('',*,*,#512,.F.);
#1053 = PLANE('',#1054);
#1054 = AXIS2_PLACEMENT_3D('',#1055,#1056,#1057);
#1055 = CARTESIAN_POINT('',(86.,28.,0.));
#1056 = DIRECTION('',(1.,0.,0.));
#1057 = DIRECTION('',(0.,-1.,0.));
#1058 = ADVANCED_FACE('',(#1059),#1070,.T.);
#1059 = FACE_BOUND('',#1060,.T.);
#1060 = EDGE_LOOP('',(#1061,#1062,#1068,#1069));
#1061 = ORIENTED_EDGE('',*,*,#1023,.T.);
#1062 = ORIENTED_EDGE('',*,*,#1063,.T.);
#1063 = EDGE_CURVE('',#1016,#1039,#1064,.T.);
#1064 = LINE('',#1065,#1066);
#1065 = CARTESIAN_POINT('',(65.,42.,2.));
#1066 = VECTOR('',#1067,1.);
#1067 = DIRECTION('',(0.832050294338,-0.554700196225,0.));
#1068 = ORIENTED_EDGE('',*,*,#1038,.F.);
#1069 = ORIENTED_EDGE('',*,*,#529,.F.);
#1070 = PLANE('',#1071);
#1071 = AXIS2_PLACEMENT_3D('',#1072,#1073,#1074);
#1072 = CARTESIAN_POINT('',(65.,42.,0.));
#1073 = DIRECTION('',(0.554700196225,0.832050294338,0.));
#1074 = DIRECTION('',(0.832050294338,-0.554700196225,0.));
#1075 = ADVANCED_FACE('',(#1076),#1095,.F.);
#1076 = FACE_BOUND('',#1077,.F.);
#1077 = EDGE_LOOP('',(#1078,#1086,#1093,#1094));
#1078 = ORIENTED_EDGE('',*,*,#1079,.F.);
#1079 = EDGE_CURVE('',#1080,#546,#1082,.T.);
#1080 = VERTEX_POINT('',#1081);
#1081 = CARTESIAN_POINT('',(23.040908021001,6.960428777886,1.));
#1082 = LINE('',#1083,#1084);
#1083 = CARTESIAN_POINT('',(23.040908021001,6.960428777886,1.));
#1084 = VECTOR('',#1085,1.);
#1085 = DIRECTION('',(-0.,-0.,-1.));
#1086 = ORIENTED_EDGE('',*,*,#1087,.F.);
#1087 = EDGE_CURVE('',#1080,#1080,#1088,.T.);
#1088 = CIRCLE('',#1089,1.);
#1089 = AXIS2_PLACEMENT_3D('',#1090,#1091,#1092);
#1090 = CARTESIAN_POINT('',(22.040908021001,6.960428777886,1.));
#1091 = DIRECTION('',(0.,0.,1.));
#1092 = DIRECTION('',(1.,0.,0.));
#1093 = ORIENTED_EDGE('',*,*,#1079,.T.);
#1094 = ORIENTED_EDGE('',*,*,#555,.T.);
#1095 = CYLINDRICAL_SURFACE('',#1096,1.);
#1096 = AXIS2_PLACEMENT_3D('',#1097,#1098,#1099);
#1097 = CARTESIAN_POINT('',(22.040908021001,6.960428777886,1.));
#1098 = DIRECTION('',(0.,0.,1.));
#1099 = DIRECTION('',(1.,0.,0.));
#1100 = ADVANCED_FACE('',(#1101,#1167,#1170,#1173,#1184,#1218,#1221,
    #1232,#1238),#1249,.T.);
#1101 = FACE_BOUND('',#1102,.T.);
#1102 = EDGE_LOOP('',(#1103,#1113,#1121,#1129,#1137,#1145,#1153,#1161));
#1103 = ORIENTED_EDGE('',*,*,#1104,.F.);
#1104 = EDGE_CURVE('',#1105,#1107,#1109,.T.);
#1105 = VERTEX_POINT('',#1106);
#1106 = CARTESIAN_POINT('',(3.500000000001,26.126856845183,1.));
#1107 = VERTEX_POINT('',#1108);
#1108 = CARTESIAN_POINT('',(22.059714732192,38.499999999976,1.));
#1109 = LINE('',#1110,#1111);
#1110 = CARTESIAN_POINT('',(2.832050294339,25.681557041408,1.));
#1111 = VECTOR('',#1112,1.);
#1112 = DIRECTION('',(0.832050294338,0.554700196225,0.));
#1113 = ORIENTED_EDGE('',*,*,#1114,.F.);
#1114 = EDGE_CURVE('',#1115,#1105,#1117,.T.);
#1115 = VERTEX_POINT('',#1116);
#1116 = CARTESIAN_POINT('',(3.500000000001,15.873143154707,1.));
#1117 = LINE('',#1118,#1119);
#1118 = CARTESIAN_POINT('',(3.500000000001,15.070367516975,1.));
#1119 = VECTOR('',#1120,1.);
#1120 = DIRECTION('',(-1.123398147673E-16,1.,0.));
#1121 = ORIENTED_EDGE('',*,*,#1122,.F.);
#1122 = EDGE_CURVE('',#1123,#1115,#1125,.T.);
#1123 = VERTEX_POINT('',#1124);
#1124 = CARTESIAN_POINT('',(22.059714732061,3.5,1.));
#1125 = LINE('',#1126,#1127);
#1126 = CARTESIAN_POINT('',(22.437601569801,3.248075441507,1.));
#1127 = VECTOR('',#1128,1.);
#1128 = DIRECTION('',(-0.832050294338,0.554700196225,0.));
#1129 = ORIENTED_EDGE('',*,*,#1130,.F.);
#1130 = EDGE_CURVE('',#1131,#1123,#1133,.T.);
#1131 = VERTEX_POINT('',#1132);
#1132 = CARTESIAN_POINT('',(63.940285267936,3.5,1.));
#1133 = LINE('',#1134,#1135);
#1134 = CARTESIAN_POINT('',(64.394448724534,3.5,1.));
#1135 = VECTOR('',#1136,1.);
#1136 = DIRECTION('',(-1.,-5.189304192503E-17,0.));
#1137 = ORIENTED_EDGE('',*,*,#1138,.T.);
#1138 = EDGE_CURVE('',#1131,#1139,#1141,.T.);
#1139 = VERTEX_POINT('',#1140);
#1140 = CARTESIAN_POINT('',(82.499999999999,15.873143154709,1.));
#1141 = LINE('',#1142,#1143);
#1142 = CARTESIAN_POINT('',(63.562398430196,3.248075441507,1.));
#1143 = VECTOR('',#1144,1.);
#1144 = DIRECTION('',(0.832050294338,0.554700196225,0.));
#1145 = ORIENTED_EDGE('',*,*,#1146,.T.);
#1146 = EDGE_CURVE('',#1139,#1147,#1149,.T.);
#1147 = VERTEX_POINT('',#1148);
#1148 = CARTESIAN_POINT('',(82.499999999999,26.126856845292,1.));
#1149 = LINE('',#1150,#1151);
#1150 = CARTESIAN_POINT('',(82.499999999999,15.070367516977,1.));
#1151 = VECTOR('',#1152,1.);
#1152 = DIRECTION('',(0.,1.,0.));
#1153 = ORIENTED_EDGE('',*,*,#1154,.T.);
#1154 = EDGE_CURVE('',#1147,#1155,#1157,.T.);
#1155 = VERTEX_POINT('',#1156);
#1156 = CARTESIAN_POINT('',(63.940285267973,38.499999999976,1.));
#1157 = LINE('',#1158,#1159);
#1158 = CARTESIAN_POINT('',(83.167949705661,25.681557041517,1.));
#1159 = VECTOR('',#1160,1.);
#1160 = DIRECTION('',(-0.832050294338,0.554700196225,0.));
#1161 = ORIENTED_EDGE('',*,*,#1162,.T.);
#1162 = EDGE_CURVE('',#1155,#1107,#1163,.T.);
#1163 = LINE('',#1164,#1165);
#1164 = CARTESIAN_POINT('',(64.394448724571,38.499999999976,1.));
#1165 = VECTOR('',#1166,1.);
#1166 = DIRECTION('',(-1.,0.,0.));
#1167 = FACE_BOUND('',#1168,.T.);
#1168 = EDGE_LOOP('',(#1169));
#1169 = ORIENTED_EDGE('',*,*,#1087,.F.);
#1170 = FACE_BOUND('',#1171,.T.);
#1171 = EDGE_LOOP('',(#1172));
#1172 = ORIENTED_EDGE('',*,*,#570,.F.);
#1173 = FACE_BOUND('',#1174,.T.);
#1174 = EDGE_LOOP('',(#1175));
#1175 = ORIENTED_EDGE('',*,*,#1176,.F.);
#1176 = EDGE_CURVE('',#1177,#1177,#1179,.T.);
#1177 = VERTEX_POINT('',#1178);
#1178 = CARTESIAN_POINT('',(65.040908021001,6.970428777886,1.));
#1179 = CIRCLE('',#1180,1.);
#1180 = AXIS2_PLACEMENT_3D('',#1181,#1182,#1183);
#1181 = CARTESIAN_POINT('',(64.040908021001,6.970428777886,1.));
#1182 = DIRECTION('',(0.,0.,1.));
#1183 = DIRECTION('',(1.,0.,0.));
#1184 = FACE_BOUND('',#1185,.T.);
#1185 = EDGE_LOOP('',(#1186,#1196,#1204,#1212));
#1186 = ORIENTED_EDGE('',*,*,#1187,.F.);
#1187 = EDGE_CURVE('',#1188,#1190,#1192,.T.);
#1188 = VERTEX_POINT('',#1189);
#1189 = CARTESIAN_POINT('',(10.274418,21.983492,1.));
#1190 = VERTEX_POINT('',#1191);
#1191 = CARTESIAN_POINT('',(10.274418,19.983492,1.));
#1192 = LINE('',#1193,#1194);
#1193 = CARTESIAN_POINT('',(10.274418,21.983492,1.));
#1194 = VECTOR('',#1195,1.);
#1195 = DIRECTION('',(0.,-1.,0.));
#1196 = ORIENTED_EDGE('',*,*,#1197,.F.);
#1197 = EDGE_CURVE('',#1198,#1188,#1200,.T.);
#1198 = VERTEX_POINT('',#1199);
#1199 = CARTESIAN_POINT('',(12.274418,21.983492,1.));
#1200 = LINE('',#1201,#1202);
#1201 = CARTESIAN_POINT('',(12.274418,21.983492,1.));
#1202 = VECTOR('',#1203,1.);
#1203 = DIRECTION('',(-1.,0.,0.));
#1204 = ORIENTED_EDGE('',*,*,#1205,.F.);
#1205 = EDGE_CURVE('',#1206,#1198,#1208,.T.);
#1206 = VERTEX_POINT('',#1207);
#1207 = CARTESIAN_POINT('',(12.274418,19.983492,1.));
#1208 = LINE('',#1209,#1210);
#1209 = CARTESIAN_POINT('',(12.274418,19.983492,1.));
#1210 = VECTOR('',#1211,1.);
#1211 = DIRECTION('',(0.,1.,0.));
#1212 = ORIENTED_EDGE('',*,*,#1213,.F.);
#1213 = EDGE_CURVE('',#1190,#1206,#1214,.T.);
#1214 = LINE('',#1215,#1216);
#1215 = CARTESIAN_POINT('',(10.274418,19.983492,1.));
#1216 = VECTOR('',#1217,1.);
#1217 = DIRECTION('',(1.,0.,0.));
#1218 = FACE_BOUND('',#1219,.T.);
#1219 = EDGE_LOOP('',(#1220));
#1220 = ORIENTED_EDGE('',*,*,#620,.F.);
#1221 = FACE_BOUND('',#1222,.T.);
#1222 = EDGE_LOOP('',(#1223));
#1223 = ORIENTED_EDGE('',*,*,#1224,.F.);
#1224 = EDGE_CURVE('',#1225,#1225,#1227,.T.);
#1225 = VERTEX_POINT('',#1226);
#1226 = CARTESIAN_POINT('',(23.040908021001,34.940428777886,1.));
#1227 = CIRCLE('',#1228,1.);
#1228 = AXIS2_PLACEMENT_3D('',#1229,#1230,#1231);
#1229 = CARTESIAN_POINT('',(22.040908021001,34.940428777886,1.));
#1230 = DIRECTION('',(0.,0.,1.));
#1231 = DIRECTION('',(1.,0.,0.));
#1232 = FACE_BOUND('',#1233,.T.);
#1233 = EDGE_LOOP('',(#1234,#1235,#1236,#1237));
#1234 = ORIENTED_EDGE('',*,*,#871,.T.);
#1235 = ORIENTED_EDGE('',*,*,#823,.T.);
#1236 = ORIENTED_EDGE('',*,*,#799,.T.);
#1237 = ORIENTED_EDGE('',*,*,#854,.T.);
#1238 = FACE_BOUND('',#1239,.T.);
#1239 = EDGE_LOOP('',(#1240));
#1240 = ORIENTED_EDGE('',*,*,#1241,.F.);
#1241 = EDGE_CURVE('',#1242,#1242,#1244,.T.);
#1242 = VERTEX_POINT('',#1243);
#1243 = CARTESIAN_POINT('',(65.040908021001,34.940428777886,1.));
#1244 = CIRCLE('',#1245,1.);
#1245 = AXIS2_PLACEMENT_3D('',#1246,#1247,#1248);
#1246 = CARTESIAN_POINT('',(64.040908021001,34.940428777886,1.));
#1247 = DIRECTION('',(0.,0.,1.));
#1248 = DIRECTION('',(1.,0.,0.));
#1249 = PLANE('',#1250);
#1250 = AXIS2_PLACEMENT_3D('',#1251,#1252,#1253);
#1251 = CARTESIAN_POINT('',(43.,21.,1.));
#1252 = DIRECTION('',(0.,0.,1.));
#1253 = DIRECTION('',(1.,0.,0.));
#1254 = ADVANCED_FACE('',(#1255),#1266,.F.);
#1255 = FACE_BOUND('',#1256,.F.);
#1256 = EDGE_LOOP('',(#1257,#1263,#1264,#1265));
#1257 = ORIENTED_EDGE('',*,*,#1258,.F.);
#1258 = EDGE_CURVE('',#1177,#596,#1259,.T.);
#1259 = LINE('',#1260,#1261);
#1260 = CARTESIAN_POINT('',(65.040908021001,6.970428777886,1.));
#1261 = VECTOR('',#1262,1.);
#1262 = DIRECTION('',(-0.,-0.,-1.));
#1263 = ORIENTED_EDGE('',*,*,#1176,.F.);
#1264 = ORIENTED_EDGE('',*,*,#1258,.T.);
#1265 = ORIENTED_EDGE('',*,*,#605,.T.);
#1266 = CYLINDRICAL_SURFACE('',#1267,1.);
#1267 = AXIS2_PLACEMENT_3D('',#1268,#1269,#1270);
#1268 = CARTESIAN_POINT('',(64.040908021001,6.970428777886,1.));
#1269 = DIRECTION('',(0.,0.,1.));
#1270 = DIRECTION('',(1.,0.,0.));
#1271 = ADVANCED_FACE('',(#1272),#1283,.F.);
#1272 = FACE_BOUND('',#1273,.F.);
#1273 = EDGE_LOOP('',(#1274,#1280,#1281,#1282));
#1274 = ORIENTED_EDGE('',*,*,#1275,.F.);
#1275 = EDGE_CURVE('',#1225,#646,#1276,.T.);
#1276 = LINE('',#1277,#1278);
#1277 = CARTESIAN_POINT('',(23.040908021001,34.940428777886,1.));
#1278 = VECTOR('',#1279,1.);
#1279 = DIRECTION('',(-0.,-0.,-1.));
#1280 = ORIENTED_EDGE('',*,*,#1224,.F.);
#1281 = ORIENTED_EDGE('',*,*,#1275,.T.);
#1282 = ORIENTED_EDGE('',*,*,#655,.T.);
#1283 = CYLINDRICAL_SURFACE('',#1284,1.);
#1284 = AXIS2_PLACEMENT_3D('',#1285,#1286,#1287);
#1285 = CARTESIAN_POINT('',(22.040908021001,34.940428777886,1.));
#1286 = DIRECTION('',(0.,0.,1.));
#1287 = DIRECTION('',(1.,0.,0.));
#1288 = ADVANCED_FACE('',(#1289),#1300,.F.);
#1289 = FACE_BOUND('',#1290,.F.);
#1290 = EDGE_LOOP('',(#1291,#1297,#1298,#1299));
#1291 = ORIENTED_EDGE('',*,*,#1292,.F.);
#1292 = EDGE_CURVE('',#1242,#671,#1293,.T.);
#1293 = LINE('',#1294,#1295);
#1294 = CARTESIAN_POINT('',(65.040908021001,34.940428777886,1.));
#1295 = VECTOR('',#1296,1.);
#1296 = DIRECTION('',(-0.,-0.,-1.));
#1297 = ORIENTED_EDGE('',*,*,#1241,.F.);
#1298 = ORIENTED_EDGE('',*,*,#1292,.T.);
#1299 = ORIENTED_EDGE('',*,*,#680,.T.);
#1300 = CYLINDRICAL_SURFACE('',#1301,1.);
#1301 = AXIS2_PLACEMENT_3D('',#1302,#1303,#1304);
#1302 = CARTESIAN_POINT('',(64.040908021001,34.940428777886,1.));
#1303 = DIRECTION('',(0.,0.,1.));
#1304 = DIRECTION('',(1.,0.,0.));
#1305 = ADVANCED_FACE('',(#1306),#1322,.F.);
#1306 = FACE_BOUND('',#1307,.F.);
#1307 = EDGE_LOOP('',(#1308,#1314,#1315,#1321));
#1308 = ORIENTED_EDGE('',*,*,#1309,.F.);
#1309 = EDGE_CURVE('',#1206,#705,#1310,.T.);
#1310 = LINE('',#1311,#1312);
#1311 = CARTESIAN_POINT('',(12.274418,19.983492,1.));
#1312 = VECTOR('',#1313,1.);
#1313 = DIRECTION('',(-0.,-0.,-1.));
#1314 = ORIENTED_EDGE('',*,*,#1213,.F.);
#1315 = ORIENTED_EDGE('',*,*,#1316,.T.);
#1316 = EDGE_CURVE('',#1190,#696,#1317,.T.);
#1317 = LINE('',#1318,#1319);
#1318 = CARTESIAN_POINT('',(10.274418,19.983492,1.));
#1319 = VECTOR('',#1320,1.);
#1320 = DIRECTION('',(-0.,-0.,-1.));
#1321 = ORIENTED_EDGE('',*,*,#712,.T.);
#1322 = PLANE('',#1323);
#1323 = AXIS2_PLACEMENT_3D('',#1324,#1325,#1326);
#1324 = CARTESIAN_POINT('',(10.274418,19.983492,1.));
#1325 = DIRECTION('',(0.,-1.,0.));
#1326 = DIRECTION('',(1.,0.,0.));
#1327 = ADVANCED_FACE('',(#1328),#1339,.F.);
#1328 = FACE_BOUND('',#1329,.F.);
#1329 = EDGE_LOOP('',(#1330,#1331,#1332,#1338));
#1330 = ORIENTED_EDGE('',*,*,#1316,.F.);
#1331 = ORIENTED_EDGE('',*,*,#1187,.F.);
#1332 = ORIENTED_EDGE('',*,*,#1333,.T.);
#1333 = EDGE_CURVE('',#1188,#727,#1334,.T.);
#1334 = LINE('',#1335,#1336);
#1335 = CARTESIAN_POINT('',(10.274418,21.983492,1.));
#1336 = VECTOR('',#1337,1.);
#1337 = DIRECTION('',(-0.,-0.,-1.));
#1338 = ORIENTED_EDGE('',*,*,#736,.T.);
#1339 = PLANE('',#1340);
#1340 = AXIS2_PLACEMENT_3D('',#1341,#1342,#1343);
#1341 = CARTESIAN_POINT('',(10.274418,21.983492,1.));
#1342 = DIRECTION('',(-1.,0.,0.));
#1343 = DIRECTION('',(0.,-1.,0.));
#1344 = ADVANCED_FACE('',(#1345),#1356,.F.);
#1345 = FACE_BOUND('',#1346,.F.);
#1346 = EDGE_LOOP('',(#1347,#1353,#1354,#1355));
#1347 = ORIENTED_EDGE('',*,*,#1348,.F.);
#1348 = EDGE_CURVE('',#1198,#753,#1349,.T.);
#1349 = LINE('',#1350,#1351);
#1350 = CARTESIAN_POINT('',(12.274418,21.983492,1.));
#1351 = VECTOR('',#1352,1.);
#1352 = DIRECTION('',(-0.,-0.,-1.));
#1353 = ORIENTED_EDGE('',*,*,#1205,.F.);
#1354 = ORIENTED_EDGE('',*,*,#1309,.T.);
#1355 = ORIENTED_EDGE('',*,*,#760,.T.);
#1356 = PLANE('',#1357);
#1357 = AXIS2_PLACEMENT_3D('',#1358,#1359,#1360);
#1358 = CARTESIAN_POINT('',(12.274418,19.983492,1.));
#1359 = DIRECTION('',(1.,0.,0.));
#1360 = DIRECTION('',(0.,1.,0.));
#1361 = ADVANCED_FACE('',(#1362),#1368,.F.);
#1362 = FACE_BOUND('',#1363,.F.);
#1363 = EDGE_LOOP('',(#1364,#1365,#1366,#1367));
#1364 = ORIENTED_EDGE('',*,*,#1333,.F.);
#1365 = ORIENTED_EDGE('',*,*,#1197,.F.);
#1366 = ORIENTED_EDGE('',*,*,#1348,.T.);
#1367 = ORIENTED_EDGE('',*,*,#777,.T.);
#1368 = PLANE('',#1369);
#1369 = AXIS2_PLACEMENT_3D('',#1370,#1371,#1372);
#1370 = CARTESIAN_POINT('',(12.274418,21.983492,1.));
#1371 = DIRECTION('',(0.,1.,0.));
#1372 = DIRECTION('',(-1.,0.,0.));
#1373 = ADVANCED_FACE('',(#1374,#1384),#1450,.T.);
#1374 = FACE_BOUND('',#1375,.T.);
#1375 = EDGE_LOOP('',(#1376,#1377,#1378,#1379,#1380,#1381,#1382,#1383));
#1376 = ORIENTED_EDGE('',*,*,#974,.T.);
#1377 = ORIENTED_EDGE('',*,*,#926,.T.);
#1378 = ORIENTED_EDGE('',*,*,#895,.T.);
#1379 = ORIENTED_EDGE('',*,*,#952,.T.);
#1380 = ORIENTED_EDGE('',*,*,#998,.F.);
#1381 = ORIENTED_EDGE('',*,*,#1046,.F.);
#1382 = ORIENTED_EDGE('',*,*,#1063,.F.);
#1383 = ORIENTED_EDGE('',*,*,#1015,.F.);
#1384 = FACE_BOUND('',#1385,.T.);
#1385 = EDGE_LOOP('',(#1386,#1396,#1404,#1412,#1420,#1428,#1436,#1444));
#1386 = ORIENTED_EDGE('',*,*,#1387,.F.);
#1387 = EDGE_CURVE('',#1388,#1390,#1392,.T.);
#1388 = VERTEX_POINT('',#1389);
#1389 = CARTESIAN_POINT('',(21.302775637732,41.,2.));
#1390 = VERTEX_POINT('',#1391);
#1391 = CARTESIAN_POINT('',(1.,27.464816241512,2.));
#1392 = LINE('',#1393,#1394);
#1393 = CARTESIAN_POINT('',(21.302775637732,41.,2.));
#1394 = VECTOR('',#1395,1.);
#1395 = DIRECTION('',(-0.832050294338,-0.554700196225,0.));
#1396 = ORIENTED_EDGE('',*,*,#1397,.T.);
#1397 = EDGE_CURVE('',#1388,#1398,#1400,.T.);
#1398 = VERTEX_POINT('',#1399);
#1399 = CARTESIAN_POINT('',(64.697224362268,41.,2.));
#1400 = LINE('',#1401,#1402);
#1401 = CARTESIAN_POINT('',(21.302775637732,41.,2.));
#1402 = VECTOR('',#1403,1.);
#1403 = DIRECTION('',(1.,0.,0.));
#1404 = ORIENTED_EDGE('',*,*,#1405,.T.);
#1405 = EDGE_CURVE('',#1398,#1406,#1408,.T.);
#1406 = VERTEX_POINT('',#1407);
#1407 = CARTESIAN_POINT('',(85.,27.464816241512,2.));
#1408 = LINE('',#1409,#1410);
#1409 = CARTESIAN_POINT('',(64.697224362268,41.,2.));
#1410 = VECTOR('',#1411,1.);
#1411 = DIRECTION('',(0.832050294338,-0.554700196225,0.));
#1412 = ORIENTED_EDGE('',*,*,#1413,.T.);
#1413 = EDGE_CURVE('',#1406,#1414,#1416,.T.);
#1414 = VERTEX_POINT('',#1415);
#1415 = CARTESIAN_POINT('',(85.,14.535183758488,2.));
#1416 = LINE('',#1417,#1418);
#1417 = CARTESIAN_POINT('',(85.,27.464816241512,2.));
#1418 = VECTOR('',#1419,1.);
#1419 = DIRECTION('',(0.,-1.,0.));
#1420 = ORIENTED_EDGE('',*,*,#1421,.T.);
#1421 = EDGE_CURVE('',#1414,#1422,#1424,.T.);
#1422 = VERTEX_POINT('',#1423);
#1423 = CARTESIAN_POINT('',(64.697224362268,1.,2.));
#1424 = LINE('',#1425,#1426);
#1425 = CARTESIAN_POINT('',(85.,14.535183758488,2.));
#1426 = VECTOR('',#1427,1.);
#1427 = DIRECTION('',(-0.832050294338,-0.554700196225,0.));
#1428 = ORIENTED_EDGE('',*,*,#1429,.F.);
#1429 = EDGE_CURVE('',#1430,#1422,#1432,.T.);
#1430 = VERTEX_POINT('',#1431);
#1431 = CARTESIAN_POINT('',(21.302775637732,1.,2.));
#1432 = LINE('',#1433,#1434);
#1433 = CARTESIAN_POINT('',(21.302775637732,1.,2.));
#1434 = VECTOR('',#1435,1.);
#1435 = DIRECTION('',(1.,2.558444817845E-17,0.));
#1436 = ORIENTED_EDGE('',*,*,#1437,.F.);
#1437 = EDGE_CURVE('',#1438,#1430,#1440,.T.);
#1438 = VERTEX_POINT('',#1439);
#1439 = CARTESIAN_POINT('',(1.,14.535183758488,2.));
#1440 = LINE('',#1441,#1442);
#1441 = CARTESIAN_POINT('',(1.,14.535183758488,2.));
#1442 = VECTOR('',#1443,1.);
#1443 = DIRECTION('',(0.832050294338,-0.554700196225,0.));
#1444 = ORIENTED_EDGE('',*,*,#1445,.F.);
#1445 = EDGE_CURVE('',#1390,#1438,#1446,.T.);
#1446 = LINE('',#1447,#1448);
#1447 = CARTESIAN_POINT('',(1.,27.464816241512,2.));
#1448 = VECTOR('',#1449,1.);
#1449 = DIRECTION('',(6.869324560201E-17,-1.,0.));
#1450 = PLANE('',#1451);
#1451 = AXIS2_PLACEMENT_3D('',#1452,#1453,#1454);
#1452 = CARTESIAN_POINT('',(43.,21.,2.));
#1453 = DIRECTION('',(0.,0.,1.));
#1454 = DIRECTION('',(1.,0.,0.));
#1455 = ADVANCED_FACE('',(#1456),#1483,.F.);
#1456 = FACE_BOUND('',#1457,.T.);
#1457 = EDGE_LOOP('',(#1458,#1467,#1468,#1477));
#1458 = ORIENTED_EDGE('',*,*,#1459,.T.);
#1459 = EDGE_CURVE('',#1460,#1105,#1462,.T.);
#1460 = VERTEX_POINT('',#1461);
#1461 = CARTESIAN_POINT('',(2.000000000001,26.929632482915,2.5));
#1462 = ELLIPSE('',#1463,1.70130794524,1.5);
#1463 = AXIS2_PLACEMENT_3D('',#1464,#1465,#1466);
#1464 = CARTESIAN_POINT('',(3.500000000001,26.126856845183,2.5));
#1465 = DIRECTION('',(-0.471857925532,-0.881674598768,0.));
#1466 = DIRECTION('',(0.881674598768,-0.471857925532,0.));
#1467 = ORIENTED_EDGE('',*,*,#1104,.T.);
#1468 = ORIENTED_EDGE('',*,*,#1469,.F.);
#1469 = EDGE_CURVE('',#1470,#1107,#1472,.T.);
#1470 = VERTEX_POINT('',#1471);
#1471 = CARTESIAN_POINT('',(21.605551275594,39.999999999976,2.5));
#1472 = ELLIPSE('',#1473,1.567247410369,1.5);
#1473 = AXIS2_PLACEMENT_3D('',#1474,#1475,#1476);
#1474 = CARTESIAN_POINT('',(22.059714732192,38.499999999976,2.5));
#1475 = DIRECTION('',(-0.957092026489,-0.289784148688,-0.));
#1476 = DIRECTION('',(-0.289784148688,0.957092026489,0.));
#1477 = ORIENTED_EDGE('',*,*,#1478,.F.);
#1478 = EDGE_CURVE('',#1460,#1470,#1479,.T.);
#1479 = LINE('',#1480,#1481);
#1480 = CARTESIAN_POINT('',(2.000000000001,26.929632482915,2.5));
#1481 = VECTOR('',#1482,1.);
#1482 = DIRECTION('',(0.832050294338,0.554700196225,0.));
#1483 = CYLINDRICAL_SURFACE('',#1484,1.5);
#1484 = AXIS2_PLACEMENT_3D('',#1485,#1486,#1487);
#1485 = CARTESIAN_POINT('',(2.832050294339,25.681557041408,2.5));
#1486 = DIRECTION('',(0.832050294338,0.554700196225,0.));
#1487 = DIRECTION('',(-0.554700196225,0.832050294338,0.));
#1488 = ADVANCED_FACE('',(#1489),#1508,.F.);
#1489 = FACE_BOUND('',#1490,.T.);
#1490 = EDGE_LOOP('',(#1491,#1500,#1501,#1502));
#1491 = ORIENTED_EDGE('',*,*,#1492,.T.);
#1492 = EDGE_CURVE('',#1493,#1115,#1495,.T.);
#1493 = VERTEX_POINT('',#1494);
#1494 = CARTESIAN_POINT('',(2.000000000001,15.070367516975,2.5));
#1495 = ELLIPSE('',#1496,1.70130794524,1.5);
#1496 = AXIS2_PLACEMENT_3D('',#1497,#1498,#1499);
#1497 = CARTESIAN_POINT('',(3.500000000001,15.873143154707,2.5));
#1498 = DIRECTION('',(0.471857925532,-0.881674598768,0.));
#1499 = DIRECTION('',(-0.881674598768,-0.471857925532,0.));
#1500 = ORIENTED_EDGE('',*,*,#1114,.T.);
#1501 = ORIENTED_EDGE('',*,*,#1459,.F.);
#1502 = ORIENTED_EDGE('',*,*,#1503,.F.);
#1503 = EDGE_CURVE('',#1493,#1460,#1504,.T.);
#1504 = LINE('',#1505,#1506);
#1505 = CARTESIAN_POINT('',(2.000000000001,15.070367516975,2.5));
#1506 = VECTOR('',#1507,1.);
#1507 = DIRECTION('',(-1.123398147673E-16,1.,0.));
#1508 = CYLINDRICAL_SURFACE('',#1509,1.5);
#1509 = AXIS2_PLACEMENT_3D('',#1510,#1511,#1512);
#1510 = CARTESIAN_POINT('',(3.500000000001,15.070367516975,2.5));
#1511 = DIRECTION('',(-1.123398147673E-16,1.,0.));
#1512 = DIRECTION('',(-1.,-1.123398147673E-16,0.));
#1513 = ADVANCED_FACE('',(#1514),#1533,.F.);
#1514 = FACE_BOUND('',#1515,.F.);
#1515 = EDGE_LOOP('',(#1516,#1525,#1526,#1527));
#1516 = ORIENTED_EDGE('',*,*,#1517,.T.);
#1517 = EDGE_CURVE('',#1518,#1155,#1520,.T.);
#1518 = VERTEX_POINT('',#1519);
#1519 = CARTESIAN_POINT('',(64.394448724571,39.999999999976,2.5));
#1520 = ELLIPSE('',#1521,1.567247410369,1.5);
#1521 = AXIS2_PLACEMENT_3D('',#1522,#1523,#1524);
#1522 = CARTESIAN_POINT('',(63.940285267973,38.499999999976,2.5));
#1523 = DIRECTION('',(-0.957092026489,0.289784148688,0.));
#1524 = DIRECTION('',(-0.289784148688,-0.957092026489,0.));
#1525 = ORIENTED_EDGE('',*,*,#1162,.T.);
#1526 = ORIENTED_EDGE('',*,*,#1469,.F.);
#1527 = ORIENTED_EDGE('',*,*,#1528,.F.);
#1528 = EDGE_CURVE('',#1518,#1470,#1529,.T.);
#1529 = LINE('',#1530,#1531);
#1530 = CARTESIAN_POINT('',(64.394448724571,39.999999999976,2.5));
#1531 = VECTOR('',#1532,1.);
#1532 = DIRECTION('',(-1.,0.,0.));
#1533 = CYLINDRICAL_SURFACE('',#1534,1.5);
#1534 = AXIS2_PLACEMENT_3D('',#1535,#1536,#1537);
#1535 = CARTESIAN_POINT('',(64.394448724571,38.499999999976,2.5));
#1536 = DIRECTION('',(-1.,0.,0.));
#1537 = DIRECTION('',(0.,1.,0.));
#1538 = ADVANCED_FACE('',(#1539),#1558,.F.);
#1539 = FACE_BOUND('',#1540,.T.);
#1540 = EDGE_LOOP('',(#1541,#1550,#1551,#1552));
#1541 = ORIENTED_EDGE('',*,*,#1542,.T.);
#1542 = EDGE_CURVE('',#1543,#1123,#1545,.T.);
#1543 = VERTEX_POINT('',#1544);
#1544 = CARTESIAN_POINT('',(21.605551275463,2.,2.5));
#1545 = ELLIPSE('',#1546,1.567247410369,1.5);
#1546 = AXIS2_PLACEMENT_3D('',#1547,#1548,#1549);
#1547 = CARTESIAN_POINT('',(22.059714732061,3.5,2.5));
#1548 = DIRECTION('',(0.957092026489,-0.289784148688,0.));
#1549 = DIRECTION('',(-0.289784148688,-0.957092026489,0.));
#1550 = ORIENTED_EDGE('',*,*,#1122,.T.);
#1551 = ORIENTED_EDGE('',*,*,#1492,.F.);
#1552 = ORIENTED_EDGE('',*,*,#1553,.F.);
#1553 = EDGE_CURVE('',#1543,#1493,#1554,.T.);
#1554 = LINE('',#1555,#1556);
#1555 = CARTESIAN_POINT('',(21.605551275463,2.,2.5));
#1556 = VECTOR('',#1557,1.);
#1557 = DIRECTION('',(-0.832050294338,0.554700196225,0.));
#1558 = CYLINDRICAL_SURFACE('',#1559,1.5);
#1559 = AXIS2_PLACEMENT_3D('',#1560,#1561,#1562);
#1560 = CARTESIAN_POINT('',(22.437601569801,3.248075441507,2.5));
#1561 = DIRECTION('',(-0.832050294338,0.554700196225,0.));
#1562 = DIRECTION('',(-0.554700196225,-0.832050294338,0.));
#1563 = ADVANCED_FACE('',(#1564),#1583,.F.);
#1564 = FACE_BOUND('',#1565,.F.);
#1565 = EDGE_LOOP('',(#1566,#1575,#1576,#1577));
#1566 = ORIENTED_EDGE('',*,*,#1567,.T.);
#1567 = EDGE_CURVE('',#1568,#1147,#1570,.T.);
#1568 = VERTEX_POINT('',#1569);
#1569 = CARTESIAN_POINT('',(83.999999999999,26.929632483024,2.5));
#1570 = ELLIPSE('',#1571,1.70130794524,1.5);
#1571 = AXIS2_PLACEMENT_3D('',#1572,#1573,#1574);
#1572 = CARTESIAN_POINT('',(82.499999999999,26.126856845292,2.5));
#1573 = DIRECTION('',(-0.471857925532,0.881674598768,0.));
#1574 = DIRECTION('',(-0.881674598768,-0.471857925532,0.));
#1575 = ORIENTED_EDGE('',*,*,#1154,.T.);
#1576 = ORIENTED_EDGE('',*,*,#1517,.F.);
#1577 = ORIENTED_EDGE('',*,*,#1578,.F.);
#1578 = EDGE_CURVE('',#1568,#1518,#1579,.T.);
#1579 = LINE('',#1580,#1581);
#1580 = CARTESIAN_POINT('',(83.999999999999,26.929632483024,2.5));
#1581 = VECTOR('',#1582,1.);
#1582 = DIRECTION('',(-0.832050294338,0.554700196225,0.));
#1583 = CYLINDRICAL_SURFACE('',#1584,1.5);
#1584 = AXIS2_PLACEMENT_3D('',#1585,#1586,#1587);
#1585 = CARTESIAN_POINT('',(83.167949705661,25.681557041517,2.5));
#1586 = DIRECTION('',(-0.832050294338,0.554700196225,0.));
#1587 = DIRECTION('',(0.554700196225,0.832050294338,0.));
#1588 = ADVANCED_FACE('',(#1589),#1608,.F.);
#1589 = FACE_BOUND('',#1590,.T.);
#1590 = EDGE_LOOP('',(#1591,#1600,#1601,#1602));
#1591 = ORIENTED_EDGE('',*,*,#1592,.T.);
#1592 = EDGE_CURVE('',#1593,#1131,#1595,.T.);
#1593 = VERTEX_POINT('',#1594);
#1594 = CARTESIAN_POINT('',(64.394448724534,2.,2.5));
#1595 = ELLIPSE('',#1596,1.567247410369,1.5);
#1596 = AXIS2_PLACEMENT_3D('',#1597,#1598,#1599);
#1597 = CARTESIAN_POINT('',(63.940285267936,3.5,2.5));
#1598 = DIRECTION('',(0.957092026489,0.289784148688,-0.));
#1599 = DIRECTION('',(-0.289784148688,0.957092026489,0.));
#1600 = ORIENTED_EDGE('',*,*,#1130,.T.);
#1601 = ORIENTED_EDGE('',*,*,#1542,.F.);
#1602 = ORIENTED_EDGE('',*,*,#1603,.F.);
#1603 = EDGE_CURVE('',#1593,#1543,#1604,.T.);
#1604 = LINE('',#1605,#1606);
#1605 = CARTESIAN_POINT('',(64.394448724534,2.,2.5));
#1606 = VECTOR('',#1607,1.);
#1607 = DIRECTION('',(-1.,-5.189304192503E-17,0.));
#1608 = CYLINDRICAL_SURFACE('',#1609,1.5);
#1609 = AXIS2_PLACEMENT_3D('',#1610,#1611,#1612);
#1610 = CARTESIAN_POINT('',(64.394448724534,3.5,2.5));
#1611 = DIRECTION('',(-1.,-5.189304192503E-17,0.));
#1612 = DIRECTION('',(5.189304192503E-17,-1.,0.));
#1613 = ADVANCED_FACE('',(#1614),#1633,.F.);
#1614 = FACE_BOUND('',#1615,.F.);
#1615 = EDGE_LOOP('',(#1616,#1625,#1626,#1627));
#1616 = ORIENTED_EDGE('',*,*,#1617,.T.);
#1617 = EDGE_CURVE('',#1618,#1139,#1620,.T.);
#1618 = VERTEX_POINT('',#1619);
#1619 = CARTESIAN_POINT('',(83.999999999999,15.070367516977,2.5));
#1620 = ELLIPSE('',#1621,1.70130794524,1.5);
#1621 = AXIS2_PLACEMENT_3D('',#1622,#1623,#1624);
#1622 = CARTESIAN_POINT('',(82.499999999999,15.873143154709,2.5));
#1623 = DIRECTION('',(0.471857925532,0.881674598768,-0.));
#1624 = DIRECTION('',(-0.881674598768,0.471857925532,0.));
#1625 = ORIENTED_EDGE('',*,*,#1146,.T.);
#1626 = ORIENTED_EDGE('',*,*,#1567,.F.);
#1627 = ORIENTED_EDGE('',*,*,#1628,.F.);
#1628 = EDGE_CURVE('',#1618,#1568,#1629,.T.);
#1629 = LINE('',#1630,#1631);
#1630 = CARTESIAN_POINT('',(83.999999999999,15.070367516977,2.5));
#1631 = VECTOR('',#1632,1.);
#1632 = DIRECTION('',(0.,1.,0.));
#1633 = CYLINDRICAL_SURFACE('',#1634,1.5);
#1634 = AXIS2_PLACEMENT_3D('',#1635,#1636,#1637);
#1635 = CARTESIAN_POINT('',(82.499999999999,15.070367516977,2.5));
#1636 = DIRECTION('',(0.,1.,0.));
#1637 = DIRECTION('',(1.,0.,0.));
#1638 = ADVANCED_FACE('',(#1639),#1650,.F.);
#1639 = FACE_BOUND('',#1640,.F.);
#1640 = EDGE_LOOP('',(#1641,#1642,#1643,#1644));
#1641 = ORIENTED_EDGE('',*,*,#1592,.T.);
#1642 = ORIENTED_EDGE('',*,*,#1138,.T.);
#1643 = ORIENTED_EDGE('',*,*,#1617,.F.);
#1644 = ORIENTED_EDGE('',*,*,#1645,.F.);
#1645 = EDGE_CURVE('',#1593,#1618,#1646,.T.);
#1646 = LINE('',#1647,#1648);
#1647 = CARTESIAN_POINT('',(64.394448724534,2.,2.5));
#1648 = VECTOR('',#1649,1.);
#1649 = DIRECTION('',(0.832050294338,0.554700196225,0.));
#1650 = CYLINDRICAL_SURFACE('',#1651,1.5);
#1651 = AXIS2_PLACEMENT_3D('',#1652,#1653,#1654);
#1652 = CARTESIAN_POINT('',(63.562398430196,3.248075441507,2.5));
#1653 = DIRECTION('',(0.832050294338,0.554700196225,0.));
#1654 = DIRECTION('',(0.554700196225,-0.832050294338,0.));
#1655 = ADVANCED_FACE('',(#1656),#1681,.F.);
#1656 = FACE_BOUND('',#1657,.F.);
#1657 = EDGE_LOOP('',(#1658,#1666,#1674,#1680));
#1658 = ORIENTED_EDGE('',*,*,#1659,.T.);
#1659 = EDGE_CURVE('',#1388,#1660,#1662,.T.);
#1660 = VERTEX_POINT('',#1661);
#1661 = CARTESIAN_POINT('',(21.302775637732,41.,5.));
#1662 = LINE('',#1663,#1664);
#1663 = CARTESIAN_POINT('',(21.302775637732,41.,2.));
#1664 = VECTOR('',#1665,1.);
#1665 = DIRECTION('',(0.,0.,1.));
#1666 = ORIENTED_EDGE('',*,*,#1667,.T.);
#1667 = EDGE_CURVE('',#1660,#1668,#1670,.T.);
#1668 = VERTEX_POINT('',#1669);
#1669 = CARTESIAN_POINT('',(1.,27.464816241512,5.));
#1670 = LINE('',#1671,#1672);
#1671 = CARTESIAN_POINT('',(21.302775637732,41.,5.));
#1672 = VECTOR('',#1673,1.);
#1673 = DIRECTION('',(-0.832050294338,-0.554700196225,0.));
#1674 = ORIENTED_EDGE('',*,*,#1675,.F.);
#1675 = EDGE_CURVE('',#1390,#1668,#1676,.T.);
#1676 = LINE('',#1677,#1678);
#1677 = CARTESIAN_POINT('',(1.,27.464816241512,2.));
#1678 = VECTOR('',#1679,1.);
#1679 = DIRECTION('',(0.,0.,1.));
#1680 = ORIENTED_EDGE('',*,*,#1387,.F.);
#1681 = PLANE('',#1682);
#1682 = AXIS2_PLACEMENT_3D('',#1683,#1684,#1685);
#1683 = CARTESIAN_POINT('',(21.302775637732,41.,2.));
#1684 = DIRECTION('',(0.554700196225,-0.832050294338,0.));
#1685 = DIRECTION('',(-0.832050294338,-0.554700196225,0.));
#1686 = ADVANCED_FACE('',(#1687),#1705,.F.);
#1687 = FACE_BOUND('',#1688,.F.);
#1688 = EDGE_LOOP('',(#1689,#1690,#1698,#1704));
#1689 = ORIENTED_EDGE('',*,*,#1675,.T.);
#1690 = ORIENTED_EDGE('',*,*,#1691,.T.);
#1691 = EDGE_CURVE('',#1668,#1692,#1694,.T.);
#1692 = VERTEX_POINT('',#1693);
#1693 = CARTESIAN_POINT('',(1.,14.535183758488,5.));
#1694 = LINE('',#1695,#1696);
#1695 = CARTESIAN_POINT('',(1.,27.464816241512,5.));
#1696 = VECTOR('',#1697,1.);
#1697 = DIRECTION('',(6.869324560201E-17,-1.,0.));
#1698 = ORIENTED_EDGE('',*,*,#1699,.F.);
#1699 = EDGE_CURVE('',#1438,#1692,#1700,.T.);
#1700 = LINE('',#1701,#1702);
#1701 = CARTESIAN_POINT('',(1.,14.535183758488,2.));
#1702 = VECTOR('',#1703,1.);
#1703 = DIRECTION('',(0.,0.,1.));
#1704 = ORIENTED_EDGE('',*,*,#1445,.F.);
#1705 = PLANE('',#1706);
#1706 = AXIS2_PLACEMENT_3D('',#1707,#1708,#1709);
#1707 = CARTESIAN_POINT('',(1.,27.464816241512,2.));
#1708 = DIRECTION('',(1.,6.869324560201E-17,0.));
#1709 = DIRECTION('',(6.869324560201E-17,-1.,0.));
#1710 = ADVANCED_FACE('',(#1711),#1729,.F.);
#1711 = FACE_BOUND('',#1712,.F.);
#1712 = EDGE_LOOP('',(#1713,#1714,#1722,#1728));
#1713 = ORIENTED_EDGE('',*,*,#1699,.T.);
#1714 = ORIENTED_EDGE('',*,*,#1715,.T.);
#1715 = EDGE_CURVE('',#1692,#1716,#1718,.T.);
#1716 = VERTEX_POINT('',#1717);
#1717 = CARTESIAN_POINT('',(21.302775637732,1.,5.));
#1718 = LINE('',#1719,#1720);
#1719 = CARTESIAN_POINT('',(1.,14.535183758488,5.));
#1720 = VECTOR('',#1721,1.);
#1721 = DIRECTION('',(0.832050294338,-0.554700196225,0.));
#1722 = ORIENTED_EDGE('',*,*,#1723,.F.);
#1723 = EDGE_CURVE('',#1430,#1716,#1724,.T.);
#1724 = LINE('',#1725,#1726);
#1725 = CARTESIAN_POINT('',(21.302775637732,1.,2.));
#1726 = VECTOR('',#1727,1.);
#1727 = DIRECTION('',(0.,0.,1.));
#1728 = ORIENTED_EDGE('',*,*,#1437,.F.);
#1729 = PLANE('',#1730);
#1730 = AXIS2_PLACEMENT_3D('',#1731,#1732,#1733);
#1731 = CARTESIAN_POINT('',(1.,14.535183758488,2.));
#1732 = DIRECTION('',(0.554700196225,0.832050294338,0.));
#1733 = DIRECTION('',(0.832050294338,-0.554700196225,0.));
#1734 = ADVANCED_FACE('',(#1735),#1753,.F.);
#1735 = FACE_BOUND('',#1736,.F.);
#1736 = EDGE_LOOP('',(#1737,#1738,#1746,#1752));
#1737 = ORIENTED_EDGE('',*,*,#1723,.T.);
#1738 = ORIENTED_EDGE('',*,*,#1739,.T.);
#1739 = EDGE_CURVE('',#1716,#1740,#1742,.T.);
#1740 = VERTEX_POINT('',#1741);
#1741 = CARTESIAN_POINT('',(64.697224362268,1.,5.));
#1742 = LINE('',#1743,#1744);
#1743 = CARTESIAN_POINT('',(21.302775637732,1.,5.));
#1744 = VECTOR('',#1745,1.);
#1745 = DIRECTION('',(1.,2.558444817845E-17,0.));
#1746 = ORIENTED_EDGE('',*,*,#1747,.F.);
#1747 = EDGE_CURVE('',#1422,#1740,#1748,.T.);
#1748 = LINE('',#1749,#1750);
#1749 = CARTESIAN_POINT('',(64.697224362268,1.,2.));
#1750 = VECTOR('',#1751,1.);
#1751 = DIRECTION('',(0.,0.,1.));
#1752 = ORIENTED_EDGE('',*,*,#1429,.F.);
#1753 = PLANE('',#1754);
#1754 = AXIS2_PLACEMENT_3D('',#1755,#1756,#1757);
#1755 = CARTESIAN_POINT('',(21.302775637732,1.,2.));
#1756 = DIRECTION('',(-2.558444817845E-17,1.,0.));
#1757 = DIRECTION('',(1.,2.558444817845E-17,0.));
#1758 = ADVANCED_FACE('',(#1759),#1777,.T.);
#1759 = FACE_BOUND('',#1760,.T.);
#1760 = EDGE_LOOP('',(#1761,#1769,#1775,#1776));
#1761 = ORIENTED_EDGE('',*,*,#1762,.T.);
#1762 = EDGE_CURVE('',#1414,#1763,#1765,.T.);
#1763 = VERTEX_POINT('',#1764);
#1764 = CARTESIAN_POINT('',(85.,14.535183758488,5.));
#1765 = LINE('',#1766,#1767);
#1766 = CARTESIAN_POINT('',(85.,14.535183758488,2.));
#1767 = VECTOR('',#1768,1.);
#1768 = DIRECTION('',(0.,0.,1.));
#1769 = ORIENTED_EDGE('',*,*,#1770,.T.);
#1770 = EDGE_CURVE('',#1763,#1740,#1771,.T.);
#1771 = LINE('',#1772,#1773);
#1772 = CARTESIAN_POINT('',(85.,14.535183758488,5.));
#1773 = VECTOR('',#1774,1.);
#1774 = DIRECTION('',(-0.832050294338,-0.554700196225,0.));
#1775 = ORIENTED_EDGE('',*,*,#1747,.F.);
#1776 = ORIENTED_EDGE('',*,*,#1421,.F.);
#1777 = PLANE('',#1778);
#1778 = AXIS2_PLACEMENT_3D('',#1779,#1780,#1781);
#1779 = CARTESIAN_POINT('',(85.,14.535183758488,2.));
#1780 = DIRECTION('',(0.554700196225,-0.832050294338,0.));
#1781 = DIRECTION('',(-0.832050294338,-0.554700196225,0.));
#1782 = ADVANCED_FACE('',(#1783),#1801,.T.);
#1783 = FACE_BOUND('',#1784,.T.);
#1784 = EDGE_LOOP('',(#1785,#1793,#1799,#1800));
#1785 = ORIENTED_EDGE('',*,*,#1786,.T.);
#1786 = EDGE_CURVE('',#1406,#1787,#1789,.T.);
#1787 = VERTEX_POINT('',#1788);
#1788 = CARTESIAN_POINT('',(85.,27.464816241512,5.));
#1789 = LINE('',#1790,#1791);
#1790 = CARTESIAN_POINT('',(85.,27.464816241512,2.));
#1791 = VECTOR('',#1792,1.);
#1792 = DIRECTION('',(0.,0.,1.));
#1793 = ORIENTED_EDGE('',*,*,#1794,.T.);
#1794 = EDGE_CURVE('',#1787,#1763,#1795,.T.);
#1795 = LINE('',#1796,#1797);
#1796 = CARTESIAN_POINT('',(85.,27.464816241512,5.));
#1797 = VECTOR('',#1798,1.);
#1798 = DIRECTION('',(0.,-1.,0.));
#1799 = ORIENTED_EDGE('',*,*,#1762,.F.);
#1800 = ORIENTED_EDGE('',*,*,#1413,.F.);
#1801 = PLANE('',#1802);
#1802 = AXIS2_PLACEMENT_3D('',#1803,#1804,#1805);
#1803 = CARTESIAN_POINT('',(85.,27.464816241512,2.));
#1804 = DIRECTION('',(1.,0.,0.));
#1805 = DIRECTION('',(0.,-1.,0.));
#1806 = ADVANCED_FACE('',(#1807),#1825,.T.);
#1807 = FACE_BOUND('',#1808,.T.);
#1808 = EDGE_LOOP('',(#1809,#1817,#1823,#1824));
#1809 = ORIENTED_EDGE('',*,*,#1810,.T.);
#1810 = EDGE_CURVE('',#1398,#1811,#1813,.T.);
#1811 = VERTEX_POINT('',#1812);
#1812 = CARTESIAN_POINT('',(64.697224362268,41.,5.));
#1813 = LINE('',#1814,#1815);
#1814 = CARTESIAN_POINT('',(64.697224362268,41.,2.));
#1815 = VECTOR('',#1816,1.);
#1816 = DIRECTION('',(0.,0.,1.));
#1817 = ORIENTED_EDGE('',*,*,#1818,.T.);
#1818 = EDGE_CURVE('',#1811,#1787,#1819,.T.);
#1819 = LINE('',#1820,#1821);
#1820 = CARTESIAN_POINT('',(64.697224362268,41.,5.));
#1821 = VECTOR('',#1822,1.);
#1822 = DIRECTION('',(0.832050294338,-0.554700196225,0.));
#1823 = ORIENTED_EDGE('',*,*,#1786,.F.);
#1824 = ORIENTED_EDGE('',*,*,#1405,.F.);
#1825 = PLANE('',#1826);
#1826 = AXIS2_PLACEMENT_3D('',#1827,#1828,#1829);
#1827 = CARTESIAN_POINT('',(64.697224362268,41.,2.));
#1828 = DIRECTION('',(0.554700196225,0.832050294338,0.));
#1829 = DIRECTION('',(0.832050294338,-0.554700196225,0.));
#1830 = ADVANCED_FACE('',(#1831),#1842,.T.);
#1831 = FACE_BOUND('',#1832,.T.);
#1832 = EDGE_LOOP('',(#1833,#1834,#1840,#1841));
#1833 = ORIENTED_EDGE('',*,*,#1659,.T.);
#1834 = ORIENTED_EDGE('',*,*,#1835,.T.);
#1835 = EDGE_CURVE('',#1660,#1811,#1836,.T.);
#1836 = LINE('',#1837,#1838);
#1837 = CARTESIAN_POINT('',(21.302775637732,41.,5.));
#1838 = VECTOR('',#1839,1.);
#1839 = DIRECTION('',(1.,0.,0.));
#1840 = ORIENTED_EDGE('',*,*,#1810,.F.);
#1841 = ORIENTED_EDGE('',*,*,#1397,.F.);
#1842 = PLANE('',#1843);
#1843 = AXIS2_PLACEMENT_3D('',#1844,#1845,#1846);
#1844 = CARTESIAN_POINT('',(21.302775637732,41.,2.));
#1845 = DIRECTION('',(0.,1.,0.));
#1846 = DIRECTION('',(1.,0.,0.));
#1847 = ADVANCED_FACE('',(#1848),#1873,.F.);
#1848 = FACE_BOUND('',#1849,.F.);
#1849 = EDGE_LOOP('',(#1850,#1858,#1866,#1872));
#1850 = ORIENTED_EDGE('',*,*,#1851,.F.);
#1851 = EDGE_CURVE('',#1852,#1460,#1854,.T.);
#1852 = VERTEX_POINT('',#1853);
#1853 = CARTESIAN_POINT('',(2.000000000001,26.929632482915,5.));
#1854 = LINE('',#1855,#1856);
#1855 = CARTESIAN_POINT('',(2.000000000001,26.929632482915,5.));
#1856 = VECTOR('',#1857,1.);
#1857 = DIRECTION('',(-0.,-0.,-1.));
#1858 = ORIENTED_EDGE('',*,*,#1859,.F.);
#1859 = EDGE_CURVE('',#1860,#1852,#1862,.T.);
#1860 = VERTEX_POINT('',#1861);
#1861 = CARTESIAN_POINT('',(21.605551275594,39.999999999976,5.));
#1862 = LINE('',#1863,#1864);
#1863 = CARTESIAN_POINT('',(21.605551275594,39.999999999976,5.));
#1864 = VECTOR('',#1865,1.);
#1865 = DIRECTION('',(-0.832050294338,-0.554700196225,0.));
#1866 = ORIENTED_EDGE('',*,*,#1867,.T.);
#1867 = EDGE_CURVE('',#1860,#1470,#1868,.T.);
#1868 = LINE('',#1869,#1870);
#1869 = CARTESIAN_POINT('',(21.605551275594,39.999999999976,5.));
#1870 = VECTOR('',#1871,1.);
#1871 = DIRECTION('',(-0.,-0.,-1.));
#1872 = ORIENTED_EDGE('',*,*,#1478,.F.);
#1873 = PLANE('',#1874);
#1874 = AXIS2_PLACEMENT_3D('',#1875,#1876,#1877);
#1875 = CARTESIAN_POINT('',(21.605551275594,39.999999999976,5.));
#1876 = DIRECTION('',(-0.554700196225,0.832050294338,0.));
#1877 = DIRECTION('',(-0.832050294338,-0.554700196225,0.));
#1878 = ADVANCED_FACE('',(#1879),#1897,.F.);
#1879 = FACE_BOUND('',#1880,.F.);
#1880 = EDGE_LOOP('',(#1881,#1889,#1895,#1896));
#1881 = ORIENTED_EDGE('',*,*,#1882,.F.);
#1882 = EDGE_CURVE('',#1883,#1493,#1885,.T.);
#1883 = VERTEX_POINT('',#1884);
#1884 = CARTESIAN_POINT('',(2.000000000001,15.070367516975,5.));
#1885 = LINE('',#1886,#1887);
#1886 = CARTESIAN_POINT('',(2.000000000001,15.070367516975,5.));
#1887 = VECTOR('',#1888,1.);
#1888 = DIRECTION('',(-0.,-0.,-1.));
#1889 = ORIENTED_EDGE('',*,*,#1890,.F.);
#1890 = EDGE_CURVE('',#1852,#1883,#1891,.T.);
#1891 = LINE('',#1892,#1893);
#1892 = CARTESIAN_POINT('',(2.000000000001,26.929632482915,5.));
#1893 = VECTOR('',#1894,1.);
#1894 = DIRECTION('',(1.123398147673E-16,-1.,0.));
#1895 = ORIENTED_EDGE('',*,*,#1851,.T.);
#1896 = ORIENTED_EDGE('',*,*,#1503,.F.);
#1897 = PLANE('',#1898);
#1898 = AXIS2_PLACEMENT_3D('',#1899,#1900,#1901);
#1899 = CARTESIAN_POINT('',(2.000000000001,26.929632482915,5.));
#1900 = DIRECTION('',(-1.,-1.123398147673E-16,0.));
#1901 = DIRECTION('',(1.123398147673E-16,-1.,0.));
#1902 = ADVANCED_FACE('',(#1903),#1921,.T.);
#1903 = FACE_BOUND('',#1904,.T.);
#1904 = EDGE_LOOP('',(#1905,#1913,#1919,#1920));
#1905 = ORIENTED_EDGE('',*,*,#1906,.F.);
#1906 = EDGE_CURVE('',#1907,#1518,#1909,.T.);
#1907 = VERTEX_POINT('',#1908);
#1908 = CARTESIAN_POINT('',(64.394448724571,39.999999999976,5.));
#1909 = LINE('',#1910,#1911);
#1910 = CARTESIAN_POINT('',(64.394448724571,39.999999999976,5.));
#1911 = VECTOR('',#1912,1.);
#1912 = DIRECTION('',(-0.,-0.,-1.));
#1913 = ORIENTED_EDGE('',*,*,#1914,.F.);
#1914 = EDGE_CURVE('',#1860,#1907,#1915,.T.);
#1915 = LINE('',#1916,#1917);
#1916 = CARTESIAN_POINT('',(21.605551275594,39.999999999976,5.));
#1917 = VECTOR('',#1918,1.);
#1918 = DIRECTION('',(1.,0.,0.));
#1919 = ORIENTED_EDGE('',*,*,#1867,.T.);
#1920 = ORIENTED_EDGE('',*,*,#1528,.F.);
#1921 = PLANE('',#1922);
#1922 = AXIS2_PLACEMENT_3D('',#1923,#1924,#1925);
#1923 = CARTESIAN_POINT('',(21.605551275594,39.999999999976,5.));
#1924 = DIRECTION('',(0.,-1.,0.));
#1925 = DIRECTION('',(1.,0.,0.));
#1926 = ADVANCED_FACE('',(#1927),#1945,.F.);
#1927 = FACE_BOUND('',#1928,.F.);
#1928 = EDGE_LOOP('',(#1929,#1937,#1943,#1944));
#1929 = ORIENTED_EDGE('',*,*,#1930,.F.);
#1930 = EDGE_CURVE('',#1931,#1543,#1933,.T.);
#1931 = VERTEX_POINT('',#1932);
#1932 = CARTESIAN_POINT('',(21.605551275463,2.,5.));
#1933 = LINE('',#1934,#1935);
#1934 = CARTESIAN_POINT('',(21.605551275463,2.,5.));
#1935 = VECTOR('',#1936,1.);
#1936 = DIRECTION('',(-0.,-0.,-1.));
#1937 = ORIENTED_EDGE('',*,*,#1938,.F.);
#1938 = EDGE_CURVE('',#1883,#1931,#1939,.T.);
#1939 = LINE('',#1940,#1941);
#1940 = CARTESIAN_POINT('',(2.000000000001,15.070367516975,5.));
#1941 = VECTOR('',#1942,1.);
#1942 = DIRECTION('',(0.832050294338,-0.554700196225,0.));
#1943 = ORIENTED_EDGE('',*,*,#1882,.T.);
#1944 = ORIENTED_EDGE('',*,*,#1553,.F.);
#1945 = PLANE('',#1946);
#1946 = AXIS2_PLACEMENT_3D('',#1947,#1948,#1949);
#1947 = CARTESIAN_POINT('',(2.000000000001,15.070367516975,5.));
#1948 = DIRECTION('',(-0.554700196225,-0.832050294338,0.));
#1949 = DIRECTION('',(0.832050294338,-0.554700196225,0.));
#1950 = ADVANCED_FACE('',(#1951),#1969,.T.);
#1951 = FACE_BOUND('',#1952,.T.);
#1952 = EDGE_LOOP('',(#1953,#1961,#1967,#1968));
#1953 = ORIENTED_EDGE('',*,*,#1954,.F.);
#1954 = EDGE_CURVE('',#1955,#1568,#1957,.T.);
#1955 = VERTEX_POINT('',#1956);
#1956 = CARTESIAN_POINT('',(83.999999999999,26.929632483024,5.));
#1957 = LINE('',#1958,#1959);
#1958 = CARTESIAN_POINT('',(83.999999999999,26.929632483024,5.));
#1959 = VECTOR('',#1960,1.);
#1960 = DIRECTION('',(-0.,-0.,-1.));
#1961 = ORIENTED_EDGE('',*,*,#1962,.F.);
#1962 = EDGE_CURVE('',#1907,#1955,#1963,.T.);
#1963 = LINE('',#1964,#1965);
#1964 = CARTESIAN_POINT('',(64.394448724571,39.999999999976,5.));
#1965 = VECTOR('',#1966,1.);
#1966 = DIRECTION('',(0.832050294338,-0.554700196225,0.));
#1967 = ORIENTED_EDGE('',*,*,#1906,.T.);
#1968 = ORIENTED_EDGE('',*,*,#1578,.F.);
#1969 = PLANE('',#1970);
#1970 = AXIS2_PLACEMENT_3D('',#1971,#1972,#1973);
#1971 = CARTESIAN_POINT('',(64.394448724571,39.999999999976,5.));
#1972 = DIRECTION('',(-0.554700196225,-0.832050294338,0.));
#1973 = DIRECTION('',(0.832050294338,-0.554700196225,0.));
#1974 = ADVANCED_FACE('',(#1975),#1993,.F.);
#1975 = FACE_BOUND('',#1976,.F.);
#1976 = EDGE_LOOP('',(#1977,#1985,#1991,#1992));
#1977 = ORIENTED_EDGE('',*,*,#1978,.F.);
#1978 = EDGE_CURVE('',#1979,#1593,#1981,.T.);
#1979 = VERTEX_POINT('',#1980);
#1980 = CARTESIAN_POINT('',(64.394448724534,2.,5.));
#1981 = LINE('',#1982,#1983);
#1982 = CARTESIAN_POINT('',(64.394448724534,2.,5.));
#1983 = VECTOR('',#1984,1.);
#1984 = DIRECTION('',(-0.,-0.,-1.));
#1985 = ORIENTED_EDGE('',*,*,#1986,.F.);
#1986 = EDGE_CURVE('',#1931,#1979,#1987,.T.);
#1987 = LINE('',#1988,#1989);
#1988 = CARTESIAN_POINT('',(21.605551275463,2.,5.));
#1989 = VECTOR('',#1990,1.);
#1990 = DIRECTION('',(1.,5.189304192503E-17,0.));
#1991 = ORIENTED_EDGE('',*,*,#1930,.T.);
#1992 = ORIENTED_EDGE('',*,*,#1603,.F.);
#1993 = PLANE('',#1994);
#1994 = AXIS2_PLACEMENT_3D('',#1995,#1996,#1997);
#1995 = CARTESIAN_POINT('',(21.605551275463,2.,5.));
#1996 = DIRECTION('',(5.189304192503E-17,-1.,0.));
#1997 = DIRECTION('',(1.,5.189304192503E-17,0.));
#1998 = ADVANCED_FACE('',(#1999),#2017,.T.);
#1999 = FACE_BOUND('',#2000,.T.);
#2000 = EDGE_LOOP('',(#2001,#2009,#2015,#2016));
#2001 = ORIENTED_EDGE('',*,*,#2002,.F.);
#2002 = EDGE_CURVE('',#2003,#1618,#2005,.T.);
#2003 = VERTEX_POINT('',#2004);
#2004 = CARTESIAN_POINT('',(83.999999999999,15.070367516977,5.));
#2005 = LINE('',#2006,#2007);
#2006 = CARTESIAN_POINT('',(83.999999999999,15.070367516977,5.));
#2007 = VECTOR('',#2008,1.);
#2008 = DIRECTION('',(-0.,-0.,-1.));
#2009 = ORIENTED_EDGE('',*,*,#2010,.F.);
#2010 = EDGE_CURVE('',#1955,#2003,#2011,.T.);
#2011 = LINE('',#2012,#2013);
#2012 = CARTESIAN_POINT('',(83.999999999999,26.929632483024,5.));
#2013 = VECTOR('',#2014,1.);
#2014 = DIRECTION('',(0.,-1.,0.));
#2015 = ORIENTED_EDGE('',*,*,#1954,.T.);
#2016 = ORIENTED_EDGE('',*,*,#1628,.F.);
#2017 = PLANE('',#2018);
#2018 = AXIS2_PLACEMENT_3D('',#2019,#2020,#2021);
#2019 = CARTESIAN_POINT('',(83.999999999999,26.929632483024,5.));
#2020 = DIRECTION('',(-1.,0.,0.));
#2021 = DIRECTION('',(0.,-1.,0.));
#2022 = ADVANCED_FACE('',(#2023),#2034,.T.);
#2023 = FACE_BOUND('',#2024,.T.);
#2024 = EDGE_LOOP('',(#2025,#2026,#2032,#2033));
#2025 = ORIENTED_EDGE('',*,*,#1978,.F.);
#2026 = ORIENTED_EDGE('',*,*,#2027,.F.);
#2027 = EDGE_CURVE('',#2003,#1979,#2028,.T.);
#2028 = LINE('',#2029,#2030);
#2029 = CARTESIAN_POINT('',(83.999999999999,15.070367516977,5.));
#2030 = VECTOR('',#2031,1.);
#2031 = DIRECTION('',(-0.832050294338,-0.554700196225,0.));
#2032 = ORIENTED_EDGE('',*,*,#2002,.T.);
#2033 = ORIENTED_EDGE('',*,*,#1645,.F.);
#2034 = PLANE('',#2035);
#2035 = AXIS2_PLACEMENT_3D('',#2036,#2037,#2038);
#2036 = CARTESIAN_POINT('',(83.999999999999,15.070367516977,5.));
#2037 = DIRECTION('',(-0.554700196225,0.832050294338,0.));
#2038 = DIRECTION('',(-0.832050294338,-0.554700196225,0.));
#2039 = ADVANCED_FACE('',(#2040,#2050),#2060,.T.);
#2040 = FACE_BOUND('',#2041,.T.);
#2041 = EDGE_LOOP('',(#2042,#2043,#2044,#2045,#2046,#2047,#2048,#2049));
#2042 = ORIENTED_EDGE('',*,*,#1667,.T.);
#2043 = ORIENTED_EDGE('',*,*,#1691,.T.);
#2044 = ORIENTED_EDGE('',*,*,#1715,.T.);
#2045 = ORIENTED_EDGE('',*,*,#1739,.T.);
#2046 = ORIENTED_EDGE('',*,*,#1770,.F.);
#2047 = ORIENTED_EDGE('',*,*,#1794,.F.);
#2048 = ORIENTED_EDGE('',*,*,#1818,.F.);
#2049 = ORIENTED_EDGE('',*,*,#1835,.F.);
#2050 = FACE_BOUND('',#2051,.T.);
#2051 = EDGE_LOOP('',(#2052,#2053,#2054,#2055,#2056,#2057,#2058,#2059));
#2052 = ORIENTED_EDGE('',*,*,#1859,.F.);
#2053 = ORIENTED_EDGE('',*,*,#1914,.T.);
#2054 = ORIENTED_EDGE('',*,*,#1962,.T.);
#2055 = ORIENTED_EDGE('',*,*,#2010,.T.);
#2056 = ORIENTED_EDGE('',*,*,#2027,.T.);
#2057 = ORIENTED_EDGE('',*,*,#1986,.F.);
#2058 = ORIENTED_EDGE('',*,*,#1938,.F.);
#2059 = ORIENTED_EDGE('',*,*,#1890,.F.);
#2060 = PLANE('',#2061);
#2061 = AXIS2_PLACEMENT_3D('',#2062,#2063,#2064);
#2062 = CARTESIAN_POINT('',(43.,21.,5.));
#2063 = DIRECTION('',(0.,0.,1.));
#2064 = DIRECTION('',(1.,0.,0.));
#2065 = ( GEOMETRIC_REPRESENTATION_CONTEXT(3) 
GLOBAL_UNCERTAINTY_ASSIGNED_CONTEXT((#2069)) 
GLOBAL_UNIT_ASSIGNED_CONTEXT((#2066,#2067,#2068)) REPRESENTATION_CONTEXT
('Context #1','3D Context with UNIT and UNCERTAINTY') );
#2066 = ( LENGTH_UNIT() NAMED_UNIT(*) SI_UNIT(.MILLI.,.METRE.) );
#2067 = ( NAMED_UNIT(*) PLANE_ANGLE_UNIT() SI_UNIT($,.RADIAN.) );
#2068 = ( NAMED_UNIT(*) SI_UNIT($,.STERADIAN.) SOLID_ANGLE_UNIT() );
#2069 = UNCERTAINTY_MEASURE_WITH_UNIT(LENGTH_MEASURE(1.E-07),#2066,
  'distance_accuracy_value','confusion accuracy');
#2070 = CONTEXT_DEPENDENT_SHAPE_REPRESENTATION(#2071,#2073);
#2071 = ( REPRESENTATION_RELATIONSHIP('','',#36,#10) 
REPRESENTATION_RELATIONSHIP_WITH_TRANSFORMATION(#2072) 
SHAPE_REPRESENTATION_RELATIONSHIP() );
#2072 = ITEM_DEFINED_TRANSFORMATION('','',#11,#15);
#2073 = PRODUCT_DEFINITION_SHAPE('Placement','Placement of an item',
  #2074);
#2074 = NEXT_ASSEMBLY_USAGE_OCCURRENCE('1','Bottom','',#5,#31,$);
#2075 = PRODUCT_RELATED_PRODUCT_CATEGORY('part',$,(#33));
#2076 = SHAPE_DEFINITION_REPRESENTATION(#2077,#2083);
#2077 = PRODUCT_DEFINITION_SHAPE('','',#2078);
#2078 = PRODUCT_DEFINITION('design','',#2079,#2082);
#2079 = PRODUCT_DEFINITION_FORMATION('','',#2080);
#2080 = PRODUCT('Top','Top','',(#2081));
#2081 = PRODUCT_CONTEXT('',#2,'mechanical');
#2082 = PRODUCT_DEFINITION_CONTEXT('part definition',#2,'design');
#2083 = ADVANCED_BREP_SHAPE_REPRESENTATION('',(#11,#2084),#4306);
#2084 = MANIFOLD_SOLID_BREP('',#2085);
#2085 = CLOSED_SHELL('',(#2086,#2164,#2241,#2286,#2331,#2348,#2389,#2445
    ,#2476,#2510,#2560,#2584,#2627,#2668,#2709,#2734,#2768,#2809,#2843,
    #2938,#2964,#2996,#3111,#3138,#3276,#3299,#3322,#3356,#3472,#3484,
    #3509,#3536,#3554,#3588,#3605,#3628,#3645,#3658,#3672,#3711,#3735,
    #3767,#3791,#3823,#3847,#3879,#3896,#3913,#3978,#3990,#4015,#4040,
    #4065,#4090,#4110,#4130,#4150,#4170,#4195,#4220,#4245,#4270,#4279,
    #4288,#4297));
#2086 = ADVANCED_FACE('',(#2087,#2123),#2159,.T.);
#2087 = FACE_BOUND('',#2088,.F.);
#2088 = EDGE_LOOP('',(#2089,#2099,#2108,#2116));
#2089 = ORIENTED_EDGE('',*,*,#2090,.T.);
#2090 = EDGE_CURVE('',#2091,#2093,#2095,.T.);
#2091 = VERTEX_POINT('',#2092);
#2092 = CARTESIAN_POINT('',(53.2,40.545236260913,0.428571428571));
#2093 = VERTEX_POINT('',#2094);
#2094 = CARTESIAN_POINT('',(32.8,40.545236260913,0.428571428571));
#2095 = LINE('',#2096,#2097);
#2096 = CARTESIAN_POINT('',(53.,40.545236260913,0.428571428571));
#2097 = VECTOR('',#2098,1.);
#2098 = DIRECTION('',(-1.,0.,0.));
#2099 = ORIENTED_EDGE('',*,*,#2100,.F.);
#2100 = EDGE_CURVE('',#2101,#2093,#2103,.T.);
#2101 = VERTEX_POINT('',#2102);
#2102 = CARTESIAN_POINT('',(32.8,41.802149320848,1.928571428571));
#2103 = CIRCLE('',#2104,3.);
#2104 = AXIS2_PLACEMENT_3D('',#2105,#2106,#2107);
#2105 = CARTESIAN_POINT('',(32.8,39.,3.));
#2106 = DIRECTION('',(-1.,0.,0.));
#2107 = DIRECTION('',(0.,0.916515138991,-0.4));
#2108 = ORIENTED_EDGE('',*,*,#2109,.F.);
#2109 = EDGE_CURVE('',#2110,#2101,#2112,.T.);
#2110 = VERTEX_POINT('',#2111);
#2111 = CARTESIAN_POINT('',(53.2,41.802149320848,1.928571428571));
#2112 = LINE('',#2113,#2114);
#2113 = CARTESIAN_POINT('',(53.,41.802149320848,1.928571428571));
#2114 = VECTOR('',#2115,1.);
#2115 = DIRECTION('',(-1.,0.,0.));
#2116 = ORIENTED_EDGE('',*,*,#2117,.T.);
#2117 = EDGE_CURVE('',#2110,#2091,#2118,.T.);
#2118 = CIRCLE('',#2119,3.);
#2119 = AXIS2_PLACEMENT_3D('',#2120,#2121,#2122);
#2120 = CARTESIAN_POINT('',(53.2,39.,3.));
#2121 = DIRECTION('',(-1.,0.,-0.));
#2122 = DIRECTION('',(0.,0.916515138991,-0.4));
#2123 = FACE_BOUND('',#2124,.F.);
#2124 = EDGE_LOOP('',(#2125,#2136,#2144,#2153));
#2125 = ORIENTED_EDGE('',*,*,#2126,.T.);
#2126 = EDGE_CURVE('',#2127,#2129,#2131,.T.);
#2127 = VERTEX_POINT('',#2128);
#2128 = CARTESIAN_POINT('',(64.091673086804,39.,-4.440892098501E-16));
#2129 = VERTEX_POINT('',#2130);
#2130 = CARTESIAN_POINT('',(65.,42.,3.));
#2131 = ELLIPSE('',#2132,3.134494820738,3.);
#2132 = AXIS2_PLACEMENT_3D('',#2133,#2134,#2135);
#2133 = CARTESIAN_POINT('',(64.091673086804,39.,3.));
#2134 = DIRECTION('',(0.957092026489,-0.289784148688,0.));
#2135 = DIRECTION('',(-0.289784148688,-0.957092026489,0.));
#2136 = ORIENTED_EDGE('',*,*,#2137,.T.);
#2137 = EDGE_CURVE('',#2129,#2138,#2140,.T.);
#2138 = VERTEX_POINT('',#2139);
#2139 = CARTESIAN_POINT('',(21.,42.,3.));
#2140 = LINE('',#2141,#2142);
#2141 = CARTESIAN_POINT('',(65.,42.,3.));
#2142 = VECTOR('',#2143,1.);
#2143 = DIRECTION('',(-1.,0.,0.));
#2144 = ORIENTED_EDGE('',*,*,#2145,.T.);
#2145 = EDGE_CURVE('',#2138,#2146,#2148,.T.);
#2146 = VERTEX_POINT('',#2147);
#2147 = CARTESIAN_POINT('',(21.908326913196,39.,-4.440892098501E-16));
#2148 = ELLIPSE('',#2149,3.134494820738,3.);
#2149 = AXIS2_PLACEMENT_3D('',#2150,#2151,#2152);
#2150 = CARTESIAN_POINT('',(21.908326913196,39.,3.));
#2151 = DIRECTION('',(-0.957092026489,-0.289784148688,0.));
#2152 = DIRECTION('',(0.289784148688,-0.957092026489,0.));
#2153 = ORIENTED_EDGE('',*,*,#2154,.F.);
#2154 = EDGE_CURVE('',#2127,#2146,#2155,.T.);
#2155 = LINE('',#2156,#2157);
#2156 = CARTESIAN_POINT('',(65.,39.,-4.440892098501E-16));
#2157 = VECTOR('',#2158,1.);
#2158 = DIRECTION('',(-1.,0.,0.));
#2159 = CYLINDRICAL_SURFACE('',#2160,3.);
#2160 = AXIS2_PLACEMENT_3D('',#2161,#2162,#2163);
#2161 = CARTESIAN_POINT('',(65.,39.,3.));
#2162 = DIRECTION('',(-1.,0.,0.));
#2163 = DIRECTION('',(0.,0.,-1.));
#2164 = ADVANCED_FACE('',(#2165),#2236,.T.);
#2165 = FACE_BOUND('',#2166,.F.);
#2166 = EDGE_LOOP('',(#2167,#2189,#2198,#2206,#2215,#2235));
#2167 = ORIENTED_EDGE('',*,*,#2168,.T.);
#2168 = EDGE_CURVE('',#2091,#2169,#2171,.T.);
#2169 = VERTEX_POINT('',#2170);
#2170 = CARTESIAN_POINT('',(53.,40.609860583329,0.709072479924));
#2171 = B_SPLINE_CURVE_WITH_KNOTS('',6,(#2172,#2173,#2174,#2175,#2176,
    #2177,#2178,#2179,#2180,#2181,#2182,#2183,#2184,#2185,#2186,#2187,
    #2188),.UNSPECIFIED.,.F.,.F.,(7,5,5,7),(0.,5.892892289542E-02,
    0.505430135043,1.),.UNSPECIFIED.);
#2172 = CARTESIAN_POINT('',(53.2,40.545236260913,0.428571428571));
#2173 = CARTESIAN_POINT('',(53.196963294636,40.547930508257,
    0.430190469729));
#2174 = CARTESIAN_POINT('',(53.193926588999,40.550594221461,
    0.431860324002));
#2175 = CARTESIAN_POINT('',(53.190891074919,40.553226226721,
    0.433580286024));
#2176 = CARTESIAN_POINT('',(53.187857943561,40.555825372351,
    0.435349616764));
#2177 = CARTESIAN_POINT('',(53.184828385426,40.558390528778,
    0.437167543529));
#2178 = CARTESIAN_POINT('',(53.158884884227,40.580090712445,
    0.453169690936));
#2179 = CARTESIAN_POINT('',(53.136240342294,40.597245299618,
    0.470049302383));
#2180 = CARTESIAN_POINT('',(53.114385691564,40.611904798855,
    0.489322131337));
#2181 = CARTESIAN_POINT('',(53.093835530558,40.623661648061,
    0.510529557498));
#2182 = CARTESIAN_POINT('',(53.075087715482,40.632219552952,
    0.533116870055));
#2183 = CARTESIAN_POINT('',(53.040291969336,40.643197647988,
    0.582359363463));
#2184 = CARTESIAN_POINT('',(53.024750371108,40.644858329433,
    0.609193047633));
#2185 = CARTESIAN_POINT('',(53.012552256484,40.642202964477,
    0.636154448776));
#2186 = CARTESIAN_POINT('',(53.004198377659,40.635249629562,
    0.662342295504));
#2187 = CARTESIAN_POINT('',(53.,40.624296182826,0.686885536368));
#2188 = CARTESIAN_POINT('',(53.,40.609860583329,0.709072479924));
#2189 = ORIENTED_EDGE('',*,*,#2190,.T.);
#2190 = EDGE_CURVE('',#2169,#2191,#2193,.T.);
#2191 = VERTEX_POINT('',#2192);
#2192 = CARTESIAN_POINT('',(53.,40.442220510186,0.8));
#2193 = CIRCLE('',#2194,0.2);
#2194 = AXIS2_PLACEMENT_3D('',#2195,#2196,#2197);
#2195 = CARTESIAN_POINT('',(53.,40.442220510186,0.6));
#2196 = DIRECTION('',(1.,-0.,0.));
#2197 = DIRECTION('',(0.,0.,-1.));
#2198 = ORIENTED_EDGE('',*,*,#2199,.T.);
#2199 = EDGE_CURVE('',#2191,#2200,#2202,.T.);
#2200 = VERTEX_POINT('',#2201);
#2201 = CARTESIAN_POINT('',(33.,40.442220510186,0.8));
#2202 = LINE('',#2203,#2204);
#2203 = CARTESIAN_POINT('',(53.,40.442220510186,0.8));
#2204 = VECTOR('',#2205,1.);
#2205 = DIRECTION('',(-1.,0.,0.));
#2206 = ORIENTED_EDGE('',*,*,#2207,.F.);
#2207 = EDGE_CURVE('',#2208,#2200,#2210,.T.);
#2208 = VERTEX_POINT('',#2209);
#2209 = CARTESIAN_POINT('',(33.,40.609860583329,0.709072479924));
#2210 = CIRCLE('',#2211,0.2);
#2211 = AXIS2_PLACEMENT_3D('',#2212,#2213,#2214);
#2212 = CARTESIAN_POINT('',(33.,40.442220510186,0.6));
#2213 = DIRECTION('',(1.,-0.,0.));
#2214 = DIRECTION('',(0.,0.,-1.));
#2215 = ORIENTED_EDGE('',*,*,#2216,.F.);
#2216 = EDGE_CURVE('',#2093,#2208,#2217,.T.);
#2217 = B_SPLINE_CURVE_WITH_KNOTS('',6,(#2218,#2219,#2220,#2221,#2222,
    #2223,#2224,#2225,#2226,#2227,#2228,#2229,#2230,#2231,#2232,#2233,
    #2234),.UNSPECIFIED.,.F.,.F.,(7,5,5,7),(0.,5.892892289551E-02,
    0.505430135043,1.),.UNSPECIFIED.);
#2218 = CARTESIAN_POINT('',(32.8,40.545236260913,0.428571428571));
#2219 = CARTESIAN_POINT('',(32.803036705364,40.547930508257,
    0.430190469729));
#2220 = CARTESIAN_POINT('',(32.806073411001,40.550594221461,
    0.431860324002));
#2221 = CARTESIAN_POINT('',(32.809108925081,40.553226226721,
    0.433580286024));
#2222 = CARTESIAN_POINT('',(32.812142056439,40.555825372351,
    0.435349616764));
#2223 = CARTESIAN_POINT('',(32.815171614574,40.558390528778,
    0.437167543529));
#2224 = CARTESIAN_POINT('',(32.841115115773,40.580090712445,
    0.453169690936));
#2225 = CARTESIAN_POINT('',(32.863759657706,40.597245299618,
    0.470049302383));
#2226 = CARTESIAN_POINT('',(32.885614308436,40.611904798855,
    0.489322131337));
#2227 = CARTESIAN_POINT('',(32.906164469442,40.623661648061,
    0.510529557498));
#2228 = CARTESIAN_POINT('',(32.924912284518,40.632219552952,
    0.533116870055));
#2229 = CARTESIAN_POINT('',(32.959708030664,40.643197647988,
    0.582359363463));
#2230 = CARTESIAN_POINT('',(32.975249628892,40.644858329433,
    0.609193047633));
#2231 = CARTESIAN_POINT('',(32.987447743516,40.642202964477,
    0.636154448776));
#2232 = CARTESIAN_POINT('',(32.99580162234,40.635249629562,
    0.662342295504));
#2233 = CARTESIAN_POINT('',(33.,40.624296182826,0.686885536368));
#2234 = CARTESIAN_POINT('',(33.,40.609860583329,0.709072479924));
#2235 = ORIENTED_EDGE('',*,*,#2090,.F.);
#2236 = CYLINDRICAL_SURFACE('',#2237,0.2);
#2237 = AXIS2_PLACEMENT_3D('',#2238,#2239,#2240);
#2238 = CARTESIAN_POINT('',(53.,40.442220510186,0.6));
#2239 = DIRECTION('',(-1.,0.,0.));
#2240 = DIRECTION('',(0.,0.515078753638,-0.857142857143));
#2241 = ADVANCED_FACE('',(#2242),#2281,.T.);
#2242 = FACE_BOUND('',#2243,.T.);
#2243 = EDGE_LOOP('',(#2244,#2261,#2262,#2263,#2272));
#2244 = ORIENTED_EDGE('',*,*,#2245,.F.);
#2245 = EDGE_CURVE('',#2110,#2246,#2248,.T.);
#2246 = VERTEX_POINT('',#2247);
#2247 = CARTESIAN_POINT('',(53.015625602833,41.615339366124,1.8));
#2248 = B_SPLINE_CURVE_WITH_KNOTS('',6,(#2249,#2250,#2251,#2252,#2253,
    #2254,#2255,#2256,#2257,#2258,#2259,#2260),.UNSPECIFIED.,.F.,.F.,(7,
    5,7),(0.,7.712666768991E-02,1.),.UNSPECIFIED.);
#2249 = CARTESIAN_POINT('',(53.2,41.802149320896,1.928571428698));
#2250 = CARTESIAN_POINT('',(53.197015642954,41.801046069774,
    1.925686052604));
#2251 = CARTESIAN_POINT('',(53.194031285521,41.799889339137,
    1.922821124417));
#2252 = CARTESIAN_POINT('',(53.191048059049,41.79867959316,
    1.919977858115));
#2253 = CARTESIAN_POINT('',(53.188067094218,41.797417330574,
    1.917157452929));
#2254 = CARTESIAN_POINT('',(53.185089521046,41.796103084658,
    1.914361093342));
#2255 = CARTESIAN_POINT('',(53.146541866197,41.778396350332,
    1.878431312698));
#2256 = CARTESIAN_POINT('',(53.11161618395,41.754694084966,
    1.848885304974));
#2257 = CARTESIAN_POINT('',(53.079265858209,41.724603345927,
    1.824940822813));
#2258 = CARTESIAN_POINT('',(53.051413998174,41.689780583018,
    1.808310615855));
#2259 = CARTESIAN_POINT('',(53.029844746341,41.652558440461,1.8000000017
    ));
#2260 = CARTESIAN_POINT('',(53.015625602833,41.615339366124,1.8));
#2261 = ORIENTED_EDGE('',*,*,#2117,.T.);
#2262 = ORIENTED_EDGE('',*,*,#2168,.T.);
#2263 = ORIENTED_EDGE('',*,*,#2264,.F.);
#2264 = EDGE_CURVE('',#2265,#2169,#2267,.T.);
#2265 = VERTEX_POINT('',#2266);
#2266 = CARTESIAN_POINT('',(53.,41.529822128135,1.8));
#2267 = CIRCLE('',#2268,2.8);
#2268 = AXIS2_PLACEMENT_3D('',#2269,#2270,#2271);
#2269 = CARTESIAN_POINT('',(53.,39.,3.));
#2270 = DIRECTION('',(-1.,0.,-0.));
#2271 = DIRECTION('',(0.,0.916515138991,-0.4));
#2272 = ORIENTED_EDGE('',*,*,#2273,.F.);
#2273 = EDGE_CURVE('',#2246,#2265,#2274,.T.);
#2274 = B_SPLINE_CURVE_WITH_KNOTS('',5,(#2275,#2276,#2277,#2278,#2279,
    #2280),.UNSPECIFIED.,.F.,.F.,(6,6),(0.,1.),
  .PIECEWISE_BEZIER_KNOTS.);
#2275 = CARTESIAN_POINT('',(53.015625602833,41.615339366124,1.8));
#2276 = CARTESIAN_POINT('',(53.009451364171,41.599178094591,1.8));
#2277 = CARTESIAN_POINT('',(53.004744178212,41.582329753007,1.8));
#2278 = CARTESIAN_POINT('',(53.001581034026,41.565003911627,1.8));
#2279 = CARTESIAN_POINT('',(53.,41.547425660548,1.8));
#2280 = CARTESIAN_POINT('',(53.,41.529822128135,1.8));
#2281 = TOROIDAL_SURFACE('',#2282,2.8,0.2);
#2282 = AXIS2_PLACEMENT_3D('',#2283,#2284,#2285);
#2283 = CARTESIAN_POINT('',(53.2,39.,3.));
#2284 = DIRECTION('',(-1.,-0.,-0.));
#2285 = DIRECTION('',(0.,0.916515138991,-0.4));
#2286 = ADVANCED_FACE('',(#2287),#2326,.T.);
#2287 = FACE_BOUND('',#2288,.F.);
#2288 = EDGE_LOOP('',(#2289,#2306,#2307,#2308,#2317));
#2289 = ORIENTED_EDGE('',*,*,#2290,.F.);
#2290 = EDGE_CURVE('',#2101,#2291,#2293,.T.);
#2291 = VERTEX_POINT('',#2292);
#2292 = CARTESIAN_POINT('',(32.984374397167,41.615339366124,1.8));
#2293 = B_SPLINE_CURVE_WITH_KNOTS('',6,(#2294,#2295,#2296,#2297,#2298,
    #2299,#2300,#2301,#2302,#2303,#2304,#2305),.UNSPECIFIED.,.F.,.F.,(7,
    5,7),(0.,7.712666768983E-02,1.),.UNSPECIFIED.);
#2294 = CARTESIAN_POINT('',(32.8,41.802149320896,1.928571428698));
#2295 = CARTESIAN_POINT('',(32.802984357046,41.801046069774,
    1.925686052604));
#2296 = CARTESIAN_POINT('',(32.805968714479,41.799889339137,
    1.922821124417));
#2297 = CARTESIAN_POINT('',(32.808951940951,41.79867959316,
    1.919977858115));
#2298 = CARTESIAN_POINT('',(32.811932905782,41.797417330574,
    1.917157452929));
#2299 = CARTESIAN_POINT('',(32.814910478954,41.796103084658,
    1.914361093342));
#2300 = CARTESIAN_POINT('',(32.853458133803,41.778396350332,
    1.878431312698));
#2301 = CARTESIAN_POINT('',(32.88838381605,41.754694084966,
    1.848885304974));
#2302 = CARTESIAN_POINT('',(32.920734141791,41.724603345927,
    1.824940822813));
#2303 = CARTESIAN_POINT('',(32.948586001826,41.689780583018,
    1.808310615855));
#2304 = CARTESIAN_POINT('',(32.970155253659,41.652558440461,1.8000000017
    ));
#2305 = CARTESIAN_POINT('',(32.984374397167,41.615339366124,1.8));
#2306 = ORIENTED_EDGE('',*,*,#2100,.T.);
#2307 = ORIENTED_EDGE('',*,*,#2216,.T.);
#2308 = ORIENTED_EDGE('',*,*,#2309,.F.);
#2309 = EDGE_CURVE('',#2310,#2208,#2312,.T.);
#2310 = VERTEX_POINT('',#2311);
#2311 = CARTESIAN_POINT('',(33.,41.529822128135,1.8));
#2312 = CIRCLE('',#2313,2.8);
#2313 = AXIS2_PLACEMENT_3D('',#2314,#2315,#2316);
#2314 = CARTESIAN_POINT('',(33.,39.,3.));
#2315 = DIRECTION('',(-1.,0.,0.));
#2316 = DIRECTION('',(0.,0.916515138991,-0.4));
#2317 = ORIENTED_EDGE('',*,*,#2318,.F.);
#2318 = EDGE_CURVE('',#2291,#2310,#2319,.T.);
#2319 = B_SPLINE_CURVE_WITH_KNOTS('',5,(#2320,#2321,#2322,#2323,#2324,
    #2325),.UNSPECIFIED.,.F.,.F.,(6,6),(0.,1.),
  .PIECEWISE_BEZIER_KNOTS.);
#2320 = CARTESIAN_POINT('',(32.984374397167,41.615339366124,1.8));
#2321 = CARTESIAN_POINT('',(32.990548635829,41.599178094591,1.8));
#2322 = CARTESIAN_POINT('',(32.995255821788,41.582329753007,1.8));
#2323 = CARTESIAN_POINT('',(32.998418965974,41.565003911627,1.8));
#2324 = CARTESIAN_POINT('',(33.,41.547425660548,1.8));
#2325 = CARTESIAN_POINT('',(33.,41.529822128135,1.8));
#2326 = TOROIDAL_SURFACE('',#2327,2.8,0.2);
#2327 = AXIS2_PLACEMENT_3D('',#2328,#2329,#2330);
#2328 = CARTESIAN_POINT('',(32.8,39.,3.));
#2329 = DIRECTION('',(1.,0.,0.));
#2330 = DIRECTION('',(0.,0.916515138991,-0.4));
#2331 = ADVANCED_FACE('',(#2332),#2343,.T.);
#2332 = FACE_BOUND('',#2333,.T.);
#2333 = EDGE_LOOP('',(#2334,#2335,#2341,#2342));
#2334 = ORIENTED_EDGE('',*,*,#2245,.T.);
#2335 = ORIENTED_EDGE('',*,*,#2336,.T.);
#2336 = EDGE_CURVE('',#2246,#2291,#2337,.T.);
#2337 = LINE('',#2338,#2339);
#2338 = CARTESIAN_POINT('',(53.,41.615339366124,1.8));
#2339 = VECTOR('',#2340,1.);
#2340 = DIRECTION('',(-1.,0.,0.));
#2341 = ORIENTED_EDGE('',*,*,#2290,.F.);
#2342 = ORIENTED_EDGE('',*,*,#2109,.F.);
#2343 = CYLINDRICAL_SURFACE('',#2344,0.2);
#2344 = AXIS2_PLACEMENT_3D('',#2345,#2346,#2347);
#2345 = CARTESIAN_POINT('',(53.,41.615339366124,2.));
#2346 = DIRECTION('',(-1.,0.,0.));
#2347 = DIRECTION('',(0.,0.934049773616,-0.357142857143));
#2348 = ADVANCED_FACE('',(#2349),#2384,.T.);
#2349 = FACE_BOUND('',#2350,.T.);
#2350 = EDGE_LOOP('',(#2351,#2362,#2371,#2377,#2378));
#2351 = ORIENTED_EDGE('',*,*,#2352,.T.);
#2352 = EDGE_CURVE('',#2353,#2355,#2357,.T.);
#2353 = VERTEX_POINT('',#2354);
#2354 = CARTESIAN_POINT('',(67.582072843418,40.278618104388,3.));
#2355 = VERTEX_POINT('',#2356);
#2356 = CARTESIAN_POINT('',(66.412525974789,37.954006859438,
    2.913108991998E-02));
#2357 = ELLIPSE('',#2358,3.01695930473,3.);
#2358 = AXIS2_PLACEMENT_3D('',#2359,#2360,#2361);
#2359 = CARTESIAN_POINT('',(65.917972254742,37.782467221375,3.));
#2360 = DIRECTION('',(-0.827373070329,0.551582046886,-0.10588223669));
#2361 = DIRECTION('',(8.809934620334E-02,-5.873289746889E-02,
    -0.994378676337));
#2362 = ORIENTED_EDGE('',*,*,#2363,.T.);
#2363 = EDGE_CURVE('',#2355,#2364,#2366,.T.);
#2364 = VERTEX_POINT('',#2365);
#2365 = CARTESIAN_POINT('',(66.3,37.527782057869,-4.440892098501E-16));
#2366 = ELLIPSE('',#2367,14.386465723086,3.);
#2367 = AXIS2_PLACEMENT_3D('',#2368,#2369,#2370);
#2368 = CARTESIAN_POINT('',(77.888235294117,29.802291861791,3.));
#2369 = DIRECTION('',(-0.250621059047,-1.200795187769E-17,0.968085267299
    ));
#2370 = DIRECTION('',(0.79731657001,-0.567168769514,0.206411903911));
#2371 = ORIENTED_EDGE('',*,*,#2372,.F.);
#2372 = EDGE_CURVE('',#2127,#2364,#2373,.T.);
#2373 = LINE('',#2374,#2375);
#2374 = CARTESIAN_POINT('',(63.335899411324,39.503849116986,
    -4.440892098501E-16));
#2375 = VECTOR('',#2376,1.);
#2376 = DIRECTION('',(0.832050294338,-0.554700196225,0.));
#2377 = ORIENTED_EDGE('',*,*,#2126,.T.);
#2378 = ORIENTED_EDGE('',*,*,#2379,.T.);
#2379 = EDGE_CURVE('',#2129,#2353,#2380,.T.);
#2380 = LINE('',#2381,#2382);
#2381 = CARTESIAN_POINT('',(65.,42.,3.));
#2382 = VECTOR('',#2383,1.);
#2383 = DIRECTION('',(0.832050294338,-0.554700196225,0.));
#2384 = CYLINDRICAL_SURFACE('',#2385,3.);
#2385 = AXIS2_PLACEMENT_3D('',#2386,#2387,#2388);
#2386 = CARTESIAN_POINT('',(63.335899411324,39.503849116986,3.));
#2387 = DIRECTION('',(0.832050294338,-0.554700196225,0.));
#2388 = DIRECTION('',(0.,0.,-1.));
#2389 = ADVANCED_FACE('',(#2390),#2440,.F.);
#2390 = FACE_BOUND('',#2391,.F.);
#2391 = EDGE_LOOP('',(#2392,#2402,#2410,#2418,#2426,#2432,#2433,#2434));
#2392 = ORIENTED_EDGE('',*,*,#2393,.T.);
#2393 = EDGE_CURVE('',#2394,#2396,#2398,.T.);
#2394 = VERTEX_POINT('',#2395);
#2395 = CARTESIAN_POINT('',(19.7,37.527782057869,-4.440892098501E-16));
#2396 = VERTEX_POINT('',#2397);
#2397 = CARTESIAN_POINT('',(19.7,4.472217942131,-4.440892098501E-16));
#2398 = LINE('',#2399,#2400);
#2399 = CARTESIAN_POINT('',(19.7,28.,0.));
#2400 = VECTOR('',#2401,1.);
#2401 = DIRECTION('',(5.991883129465E-18,-1.,0.));
#2402 = ORIENTED_EDGE('',*,*,#2403,.T.);
#2403 = EDGE_CURVE('',#2396,#2404,#2406,.T.);
#2404 = VERTEX_POINT('',#2405);
#2405 = CARTESIAN_POINT('',(21.908326913196,3.,-4.440892098501E-16));
#2406 = LINE('',#2407,#2408);
#2407 = CARTESIAN_POINT('',(21.364100588676,3.36281754968,
    -4.440892098501E-16));
#2408 = VECTOR('',#2409,1.);
#2409 = DIRECTION('',(0.832050294338,-0.554700196225,0.));
#2410 = ORIENTED_EDGE('',*,*,#2411,.F.);
#2411 = EDGE_CURVE('',#2412,#2404,#2414,.T.);
#2412 = VERTEX_POINT('',#2413);
#2413 = CARTESIAN_POINT('',(64.091673086804,3.,-4.440892098501E-16));
#2414 = LINE('',#2415,#2416);
#2415 = CARTESIAN_POINT('',(65.,3.,-4.440892098501E-16));
#2416 = VECTOR('',#2417,1.);
#2417 = DIRECTION('',(-1.,0.,0.));
#2418 = ORIENTED_EDGE('',*,*,#2419,.F.);
#2419 = EDGE_CURVE('',#2420,#2412,#2422,.T.);
#2420 = VERTEX_POINT('',#2421);
#2421 = CARTESIAN_POINT('',(66.3,4.472217942131,-4.440892098501E-16));
#2422 = LINE('',#2423,#2424);
#2423 = CARTESIAN_POINT('',(64.635899411324,3.36281754968,
    -4.440892098501E-16));
#2424 = VECTOR('',#2425,1.);
#2425 = DIRECTION('',(-0.832050294338,-0.554700196225,0.));
#2426 = ORIENTED_EDGE('',*,*,#2427,.F.);
#2427 = EDGE_CURVE('',#2364,#2420,#2428,.T.);
#2428 = LINE('',#2429,#2430);
#2429 = CARTESIAN_POINT('',(66.3,28.,0.));
#2430 = VECTOR('',#2431,1.);
#2431 = DIRECTION('',(0.,-1.,0.));
#2432 = ORIENTED_EDGE('',*,*,#2372,.F.);
#2433 = ORIENTED_EDGE('',*,*,#2154,.T.);
#2434 = ORIENTED_EDGE('',*,*,#2435,.T.);
#2435 = EDGE_CURVE('',#2146,#2394,#2436,.T.);
#2436 = LINE('',#2437,#2438);
#2437 = CARTESIAN_POINT('',(22.664100588676,39.503849116986,
    -4.440892098501E-16));
#2438 = VECTOR('',#2439,1.);
#2439 = DIRECTION('',(-0.832050294338,-0.554700196225,0.));
#2440 = PLANE('',#2441);
#2441 = AXIS2_PLACEMENT_3D('',#2442,#2443,#2444);
#2442 = CARTESIAN_POINT('',(43.,21.,0.));
#2443 = DIRECTION('',(0.,0.,1.));
#2444 = DIRECTION('',(1.,0.,0.));
#2445 = ADVANCED_FACE('',(#2446),#2471,.T.);
#2446 = FACE_BOUND('',#2447,.T.);
#2447 = EDGE_LOOP('',(#2448,#2456,#2464,#2470));
#2448 = ORIENTED_EDGE('',*,*,#2449,.T.);
#2449 = EDGE_CURVE('',#2138,#2450,#2452,.T.);
#2450 = VERTEX_POINT('',#2451);
#2451 = CARTESIAN_POINT('',(21.,42.,10.));
#2452 = LINE('',#2453,#2454);
#2453 = CARTESIAN_POINT('',(21.,42.,0.));
#2454 = VECTOR('',#2455,1.);
#2455 = DIRECTION('',(0.,0.,1.));
#2456 = ORIENTED_EDGE('',*,*,#2457,.T.);
#2457 = EDGE_CURVE('',#2450,#2458,#2460,.T.);
#2458 = VERTEX_POINT('',#2459);
#2459 = CARTESIAN_POINT('',(65.,42.,10.));
#2460 = LINE('',#2461,#2462);
#2461 = CARTESIAN_POINT('',(43.,42.,10.));
#2462 = VECTOR('',#2463,1.);
#2463 = DIRECTION('',(1.,0.,0.));
#2464 = ORIENTED_EDGE('',*,*,#2465,.F.);
#2465 = EDGE_CURVE('',#2129,#2458,#2466,.T.);
#2466 = LINE('',#2467,#2468);
#2467 = CARTESIAN_POINT('',(65.,42.,0.));
#2468 = VECTOR('',#2469,1.);
#2469 = DIRECTION('',(0.,0.,1.));
#2470 = ORIENTED_EDGE('',*,*,#2137,.T.);
#2471 = PLANE('',#2472);
#2472 = AXIS2_PLACEMENT_3D('',#2473,#2474,#2475);
#2473 = CARTESIAN_POINT('',(43.,42.,5.));
#2474 = DIRECTION('',(0.,1.,0.));
#2475 = DIRECTION('',(0.,0.,1.));
#2476 = ADVANCED_FACE('',(#2477),#2505,.T.);
#2477 = FACE_BOUND('',#2478,.T.);
#2478 = EDGE_LOOP('',(#2479,#2490,#2496,#2497,#2498));
#2479 = ORIENTED_EDGE('',*,*,#2480,.F.);
#2480 = EDGE_CURVE('',#2481,#2483,#2485,.T.);
#2481 = VERTEX_POINT('',#2482);
#2482 = CARTESIAN_POINT('',(18.417927156582,40.278618104388,3.));
#2483 = VERTEX_POINT('',#2484);
#2484 = CARTESIAN_POINT('',(19.587474025211,37.954006859437,
    2.913108992002E-02));
#2485 = ELLIPSE('',#2486,3.01695930473,3.);
#2486 = AXIS2_PLACEMENT_3D('',#2487,#2488,#2489);
#2487 = CARTESIAN_POINT('',(20.082027745258,37.782467221374,3.));
#2488 = DIRECTION('',(-0.827373070329,-0.551582046886,0.10588223669));
#2489 = DIRECTION('',(-8.809934620334E-02,-5.873289746889E-02,
    -0.994378676337));
#2490 = ORIENTED_EDGE('',*,*,#2491,.F.);
#2491 = EDGE_CURVE('',#2138,#2481,#2492,.T.);
#2492 = LINE('',#2493,#2494);
#2493 = CARTESIAN_POINT('',(21.,42.,3.));
#2494 = VECTOR('',#2495,1.);
#2495 = DIRECTION('',(-0.832050294338,-0.554700196225,0.));
#2496 = ORIENTED_EDGE('',*,*,#2145,.T.);
#2497 = ORIENTED_EDGE('',*,*,#2435,.T.);
#2498 = ORIENTED_EDGE('',*,*,#2499,.F.);
#2499 = EDGE_CURVE('',#2483,#2394,#2500,.T.);
#2500 = ELLIPSE('',#2501,14.386465723086,3.);
#2501 = AXIS2_PLACEMENT_3D('',#2502,#2503,#2504);
#2502 = CARTESIAN_POINT('',(8.111764705882,29.802291861791,3.));
#2503 = DIRECTION('',(-0.250621059047,-3.75913848171E-17,-0.968085267299
    ));
#2504 = DIRECTION('',(-0.79731657001,-0.567168769514,0.206411903911));
#2505 = CYLINDRICAL_SURFACE('',#2506,3.);
#2506 = AXIS2_PLACEMENT_3D('',#2507,#2508,#2509);
#2507 = CARTESIAN_POINT('',(22.664100588676,39.503849116986,3.));
#2508 = DIRECTION('',(-0.832050294338,-0.554700196225,0.));
#2509 = DIRECTION('',(-0.554700196225,0.832050294338,0.));
#2510 = ADVANCED_FACE('',(#2511),#2555,.F.);
#2511 = FACE_BOUND('',#2512,.F.);
#2512 = EDGE_LOOP('',(#2513,#2521,#2522,#2523,#2531,#2540));
#2513 = ORIENTED_EDGE('',*,*,#2514,.F.);
#2514 = EDGE_CURVE('',#2191,#2515,#2517,.T.);
#2515 = VERTEX_POINT('',#2516);
#2516 = CARTESIAN_POINT('',(53.,1.557779489814,0.8));
#2517 = LINE('',#2518,#2519);
#2518 = CARTESIAN_POINT('',(53.,42.,0.8));
#2519 = VECTOR('',#2520,1.);
#2520 = DIRECTION('',(0.,-1.,2.22044604925E-16));
#2521 = ORIENTED_EDGE('',*,*,#2190,.F.);
#2522 = ORIENTED_EDGE('',*,*,#2264,.F.);
#2523 = ORIENTED_EDGE('',*,*,#2524,.T.);
#2524 = EDGE_CURVE('',#2265,#2525,#2527,.T.);
#2525 = VERTEX_POINT('',#2526);
#2526 = CARTESIAN_POINT('',(53.,0.470177871865,1.8));
#2527 = LINE('',#2528,#2529);
#2528 = CARTESIAN_POINT('',(53.,42.,1.8));
#2529 = VECTOR('',#2530,1.);
#2530 = DIRECTION('',(0.,-1.,2.22044604925E-16));
#2531 = ORIENTED_EDGE('',*,*,#2532,.F.);
#2532 = EDGE_CURVE('',#2533,#2525,#2535,.T.);
#2533 = VERTEX_POINT('',#2534);
#2534 = CARTESIAN_POINT('',(53.,1.267949192431,0.8));
#2535 = CIRCLE('',#2536,2.8);
#2536 = AXIS2_PLACEMENT_3D('',#2537,#2538,#2539);
#2537 = CARTESIAN_POINT('',(53.,3.,3.));
#2538 = DIRECTION('',(-1.,-0.,0.));
#2539 = DIRECTION('',(0.,-0.679869268479,-0.733333333333));
#2540 = ORIENTED_EDGE('',*,*,#2541,.F.);
#2541 = EDGE_CURVE('',#2515,#2533,#2542,.T.);
#2542 = B_SPLINE_CURVE_WITH_KNOTS('',6,(#2543,#2544,#2545,#2546,#2547,
    #2548,#2549,#2550,#2551,#2552,#2553,#2554),.UNSPECIFIED.,.F.,.F.,(7,
    5,7),(0.,0.5,1.),.UNSPECIFIED.);
#2543 = CARTESIAN_POINT('',(53.,1.557779489814,0.8));
#2544 = CARTESIAN_POINT('',(53.,1.533626965032,0.8));
#2545 = CARTESIAN_POINT('',(52.999999999999,1.509474440251,0.8));
#2546 = CARTESIAN_POINT('',(53.,1.485321915469,0.8));
#2547 = CARTESIAN_POINT('',(52.999999999999,1.461169390687,0.8));
#2548 = CARTESIAN_POINT('',(53.,1.437016865905,0.8));
#2549 = CARTESIAN_POINT('',(53.,1.388711816341,0.8));
#2550 = CARTESIAN_POINT('',(53.,1.364559291559,0.8));
#2551 = CARTESIAN_POINT('',(53.,1.340406766777,0.8));
#2552 = CARTESIAN_POINT('',(53.,1.316254241995,0.8));
#2553 = CARTESIAN_POINT('',(53.,1.292101717214,0.8));
#2554 = CARTESIAN_POINT('',(53.,1.267949192431,0.8));
#2555 = PLANE('',#2556);
#2556 = AXIS2_PLACEMENT_3D('',#2557,#2558,#2559);
#2557 = CARTESIAN_POINT('',(53.,42.,1.8));
#2558 = DIRECTION('',(1.,0.,0.));
#2559 = DIRECTION('',(0.,-2.22044604925E-16,-1.));
#2560 = ADVANCED_FACE('',(#2561),#2579,.F.);
#2561 = FACE_BOUND('',#2562,.F.);
#2562 = EDGE_LOOP('',(#2563,#2571,#2572,#2573));
#2563 = ORIENTED_EDGE('',*,*,#2564,.F.);
#2564 = EDGE_CURVE('',#2200,#2565,#2567,.T.);
#2565 = VERTEX_POINT('',#2566);
#2566 = CARTESIAN_POINT('',(33.,1.557779489814,0.8));
#2567 = LINE('',#2568,#2569);
#2568 = CARTESIAN_POINT('',(33.,42.,0.8));
#2569 = VECTOR('',#2570,1.);
#2570 = DIRECTION('',(0.,-1.,2.22044604925E-16));
#2571 = ORIENTED_EDGE('',*,*,#2199,.F.);
#2572 = ORIENTED_EDGE('',*,*,#2514,.T.);
#2573 = ORIENTED_EDGE('',*,*,#2574,.T.);
#2574 = EDGE_CURVE('',#2515,#2565,#2575,.T.);
#2575 = LINE('',#2576,#2577);
#2576 = CARTESIAN_POINT('',(53.,1.557779489814,0.8));
#2577 = VECTOR('',#2578,1.);
#2578 = DIRECTION('',(-1.,0.,0.));
#2579 = PLANE('',#2580);
#2580 = AXIS2_PLACEMENT_3D('',#2581,#2582,#2583);
#2581 = CARTESIAN_POINT('',(53.,42.,0.8));
#2582 = DIRECTION('',(-1.7763568394E-16,-2.22044604925E-16,-1.));
#2583 = DIRECTION('',(-1.,3.944304526105E-32,1.7763568394E-16));
#2584 = ADVANCED_FACE('',(#2585),#2622,.F.);
#2585 = FACE_BOUND('',#2586,.F.);
#2586 = EDGE_LOOP('',(#2587,#2595,#2596,#2597,#2598,#2615));
#2587 = ORIENTED_EDGE('',*,*,#2588,.F.);
#2588 = EDGE_CURVE('',#2310,#2589,#2591,.T.);
#2589 = VERTEX_POINT('',#2590);
#2590 = CARTESIAN_POINT('',(33.,0.470177871865,1.8));
#2591 = LINE('',#2592,#2593);
#2592 = CARTESIAN_POINT('',(33.,42.,1.8));
#2593 = VECTOR('',#2594,1.);
#2594 = DIRECTION('',(0.,-1.,2.22044604925E-16));
#2595 = ORIENTED_EDGE('',*,*,#2309,.T.);
#2596 = ORIENTED_EDGE('',*,*,#2207,.T.);
#2597 = ORIENTED_EDGE('',*,*,#2564,.T.);
#2598 = ORIENTED_EDGE('',*,*,#2599,.T.);
#2599 = EDGE_CURVE('',#2565,#2600,#2602,.T.);
#2600 = VERTEX_POINT('',#2601);
#2601 = CARTESIAN_POINT('',(33.,1.267949192431,0.8));
#2602 = B_SPLINE_CURVE_WITH_KNOTS('',6,(#2603,#2604,#2605,#2606,#2607,
    #2608,#2609,#2610,#2611,#2612,#2613,#2614),.UNSPECIFIED.,.F.,.F.,(7,
    5,7),(0.,0.5,1.),.UNSPECIFIED.);
#2603 = CARTESIAN_POINT('',(33.,1.557779489814,0.8));
#2604 = CARTESIAN_POINT('',(33.,1.533626965032,0.8));
#2605 = CARTESIAN_POINT('',(33.,1.509474440251,0.8));
#2606 = CARTESIAN_POINT('',(33.,1.485321915469,0.8));
#2607 = CARTESIAN_POINT('',(33.,1.461169390687,0.8));
#2608 = CARTESIAN_POINT('',(33.,1.437016865905,0.8));
#2609 = CARTESIAN_POINT('',(33.,1.388711816341,0.8));
#2610 = CARTESIAN_POINT('',(33.,1.364559291559,0.8));
#2611 = CARTESIAN_POINT('',(33.,1.340406766777,0.8));
#2612 = CARTESIAN_POINT('',(33.,1.316254241995,0.8));
#2613 = CARTESIAN_POINT('',(33.,1.292101717214,0.8));
#2614 = CARTESIAN_POINT('',(33.,1.267949192431,0.8));
#2615 = ORIENTED_EDGE('',*,*,#2616,.T.);
#2616 = EDGE_CURVE('',#2600,#2589,#2617,.T.);
#2617 = CIRCLE('',#2618,2.8);
#2618 = AXIS2_PLACEMENT_3D('',#2619,#2620,#2621);
#2619 = CARTESIAN_POINT('',(33.,3.,3.));
#2620 = DIRECTION('',(-1.,0.,0.));
#2621 = DIRECTION('',(-0.,-0.679869268479,-0.733333333333));
#2622 = PLANE('',#2623);
#2623 = AXIS2_PLACEMENT_3D('',#2624,#2625,#2626);
#2624 = CARTESIAN_POINT('',(33.,42.,0.8));
#2625 = DIRECTION('',(-1.,0.,0.));
#2626 = DIRECTION('',(0.,2.22044604925E-16,1.));
#2627 = ADVANCED_FACE('',(#2628),#2663,.F.);
#2628 = FACE_BOUND('',#2629,.F.);
#2629 = EDGE_LOOP('',(#2630,#2631,#2632,#2633,#2634,#2635,#2646,#2654));
#2630 = ORIENTED_EDGE('',*,*,#2524,.F.);
#2631 = ORIENTED_EDGE('',*,*,#2273,.F.);
#2632 = ORIENTED_EDGE('',*,*,#2336,.T.);
#2633 = ORIENTED_EDGE('',*,*,#2318,.T.);
#2634 = ORIENTED_EDGE('',*,*,#2588,.T.);
#2635 = ORIENTED_EDGE('',*,*,#2636,.F.);
#2636 = EDGE_CURVE('',#2637,#2589,#2639,.T.);
#2637 = VERTEX_POINT('',#2638);
#2638 = CARTESIAN_POINT('',(32.984374397167,0.384660633876,1.8));
#2639 = B_SPLINE_CURVE_WITH_KNOTS('',5,(#2640,#2641,#2642,#2643,#2644,
    #2645),.UNSPECIFIED.,.F.,.F.,(6,6),(0.,1.),
  .PIECEWISE_BEZIER_KNOTS.);
#2640 = CARTESIAN_POINT('',(32.984374397167,0.384660633876,1.8));
#2641 = CARTESIAN_POINT('',(32.990548636161,0.400821906277,1.8));
#2642 = CARTESIAN_POINT('',(32.995255820728,0.417670244705,1.8));
#2643 = CARTESIAN_POINT('',(32.998418965189,0.434996083203,1.8));
#2644 = CARTESIAN_POINT('',(33.,0.452574335113,1.8));
#2645 = CARTESIAN_POINT('',(33.,0.470177871865,1.8));
#2646 = ORIENTED_EDGE('',*,*,#2647,.F.);
#2647 = EDGE_CURVE('',#2648,#2637,#2650,.T.);
#2648 = VERTEX_POINT('',#2649);
#2649 = CARTESIAN_POINT('',(53.015625602833,0.384660633876,1.8));
#2650 = LINE('',#2651,#2652);
#2651 = CARTESIAN_POINT('',(53.,0.384660633876,1.8));
#2652 = VECTOR('',#2653,1.);
#2653 = DIRECTION('',(-1.,0.,0.));
#2654 = ORIENTED_EDGE('',*,*,#2655,.T.);
#2655 = EDGE_CURVE('',#2648,#2525,#2656,.T.);
#2656 = B_SPLINE_CURVE_WITH_KNOTS('',5,(#2657,#2658,#2659,#2660,#2661,
    #2662),.UNSPECIFIED.,.F.,.F.,(6,6),(0.,1.),
  .PIECEWISE_BEZIER_KNOTS.);
#2657 = CARTESIAN_POINT('',(53.015625602833,0.384660633876,1.8));
#2658 = CARTESIAN_POINT('',(53.009451363839,0.400821906277,1.8));
#2659 = CARTESIAN_POINT('',(53.004744179272,0.417670244705,1.8));
#2660 = CARTESIAN_POINT('',(53.001581034811,0.434996083203,1.8));
#2661 = CARTESIAN_POINT('',(53.,0.452574335113,1.8));
#2662 = CARTESIAN_POINT('',(53.,0.470177871865,1.8));
#2663 = PLANE('',#2664);
#2664 = AXIS2_PLACEMENT_3D('',#2665,#2666,#2667);
#2665 = CARTESIAN_POINT('',(33.,42.,1.8));
#2666 = DIRECTION('',(0.,2.22044604925E-16,1.));
#2667 = DIRECTION('',(1.,0.,0.));
#2668 = ADVANCED_FACE('',(#2669),#2704,.T.);
#2669 = FACE_BOUND('',#2670,.T.);
#2670 = EDGE_LOOP('',(#2671,#2682,#2688,#2689,#2697));
#2671 = ORIENTED_EDGE('',*,*,#2672,.F.);
#2672 = EDGE_CURVE('',#2673,#2675,#2677,.T.);
#2673 = VERTEX_POINT('',#2674);
#2674 = CARTESIAN_POINT('',(83.751863177141,26.394448724536,
    4.517995035707));
#2675 = VERTEX_POINT('',#2676);
#2676 = CARTESIAN_POINT('',(86.,27.976657785973,7.422250837605));
#2677 = ELLIPSE('',#2678,3.416308498109,3.);
#2678 = AXIS2_PLACEMENT_3D('',#2679,#2680,#2681);
#2679 = CARTESIAN_POINT('',(83.,26.394448724536,7.422250837605));
#2680 = DIRECTION('',(0.463134129226,-0.878140835835,0.119897667972));
#2681 = DIRECTION('',(-0.850115205786,-0.478402207811,-0.220080586269));
#2682 = ORIENTED_EDGE('',*,*,#2683,.T.);
#2683 = EDGE_CURVE('',#2673,#2355,#2684,.T.);
#2684 = LINE('',#2685,#2686);
#2685 = CARTESIAN_POINT('',(84.630772486049,25.808509185264,
    4.745529932936));
#2686 = VECTOR('',#2687,1.);
#2687 = DIRECTION('',(-0.813393982684,0.542262655123,-0.210574076735));
#2688 = ORIENTED_EDGE('',*,*,#2352,.F.);
#2689 = ORIENTED_EDGE('',*,*,#2690,.F.);
#2690 = EDGE_CURVE('',#2691,#2353,#2693,.T.);
#2691 = VERTEX_POINT('',#2692);
#2692 = CARTESIAN_POINT('',(86.,28.,7.768092817186));
#2693 = LINE('',#2694,#2695);
#2694 = CARTESIAN_POINT('',(85.543009897583,28.304660068278,
    7.649785734835));
#2695 = VECTOR('',#2696,1.);
#2696 = DIRECTION('',(-0.813393982684,0.542262655123,-0.210574076735));
#2697 = ORIENTED_EDGE('',*,*,#2698,.F.);
#2698 = EDGE_CURVE('',#2675,#2691,#2699,.T.);
#2699 = ELLIPSE('',#2700,3.688249561548,3.);
#2700 = AXIS2_PLACEMENT_3D('',#2701,#2702,#2703);
#2701 = CARTESIAN_POINT('',(86.,24.394448724536,8.198900583798));
#2702 = DIRECTION('',(1.,-0.,0.));
#2703 = DIRECTION('',(0.,0.932182164066,-0.361989520564));
#2704 = CYLINDRICAL_SURFACE('',#2705,3.);
#2705 = AXIS2_PLACEMENT_3D('',#2706,#2707,#2708);
#2706 = CARTESIAN_POINT('',(83.878909308907,25.808509185264,
    7.649785734835));
#2707 = DIRECTION('',(-0.813393982684,0.542262655123,-0.210574076735));
#2708 = DIRECTION('',(0.554700196225,0.832050294338,-4.139121388374E-18)
  );
#2709 = ADVANCED_FACE('',(#2710),#2729,.T.);
#2710 = FACE_BOUND('',#2711,.T.);
#2711 = EDGE_LOOP('',(#2712,#2720,#2721,#2722,#2723));
#2712 = ORIENTED_EDGE('',*,*,#2713,.F.);
#2713 = EDGE_CURVE('',#2691,#2714,#2716,.T.);
#2714 = VERTEX_POINT('',#2715);
#2715 = CARTESIAN_POINT('',(86.,28.,10.));
#2716 = LINE('',#2717,#2718);
#2717 = CARTESIAN_POINT('',(86.,28.,0.));
#2718 = VECTOR('',#2719,1.);
#2719 = DIRECTION('',(0.,0.,1.));
#2720 = ORIENTED_EDGE('',*,*,#2690,.T.);
#2721 = ORIENTED_EDGE('',*,*,#2379,.F.);
#2722 = ORIENTED_EDGE('',*,*,#2465,.T.);
#2723 = ORIENTED_EDGE('',*,*,#2724,.T.);
#2724 = EDGE_CURVE('',#2458,#2714,#2725,.T.);
#2725 = LINE('',#2726,#2727);
#2726 = CARTESIAN_POINT('',(65.,42.,10.));
#2727 = VECTOR('',#2728,1.);
#2728 = DIRECTION('',(0.832050294338,-0.554700196225,0.));
#2729 = PLANE('',#2730);
#2730 = AXIS2_PLACEMENT_3D('',#2731,#2732,#2733);
#2731 = CARTESIAN_POINT('',(65.,42.,0.));
#2732 = DIRECTION('',(0.554700196225,0.832050294338,0.));
#2733 = DIRECTION('',(0.832050294338,-0.554700196225,0.));
#2734 = ADVANCED_FACE('',(#2735),#2763,.F.);
#2735 = FACE_BOUND('',#2736,.T.);
#2736 = EDGE_LOOP('',(#2737,#2738,#2739,#2740,#2748,#2756));
#2737 = ORIENTED_EDGE('',*,*,#2427,.F.);
#2738 = ORIENTED_EDGE('',*,*,#2363,.F.);
#2739 = ORIENTED_EDGE('',*,*,#2683,.F.);
#2740 = ORIENTED_EDGE('',*,*,#2741,.T.);
#2741 = EDGE_CURVE('',#2673,#2742,#2744,.T.);
#2742 = VERTEX_POINT('',#2743);
#2743 = CARTESIAN_POINT('',(83.751863177141,15.605551275464,
    4.517995035707));
#2744 = LINE('',#2745,#2746);
#2745 = CARTESIAN_POINT('',(83.751863177141,28.,4.517995035707));
#2746 = VECTOR('',#2747,1.);
#2747 = DIRECTION('',(0.,-1.,0.));
#2748 = ORIENTED_EDGE('',*,*,#2749,.T.);
#2749 = EDGE_CURVE('',#2742,#2750,#2752,.T.);
#2750 = VERTEX_POINT('',#2751);
#2751 = CARTESIAN_POINT('',(66.412525974789,4.045993140562,
    2.913108991996E-02));
#2752 = LINE('',#2753,#2754);
#2753 = CARTESIAN_POINT('',(84.630772486049,16.191490814736,
    4.745529932936));
#2754 = VECTOR('',#2755,1.);
#2755 = DIRECTION('',(-0.813393982684,-0.542262655123,-0.210574076735));
#2756 = ORIENTED_EDGE('',*,*,#2757,.T.);
#2757 = EDGE_CURVE('',#2750,#2420,#2758,.T.);
#2758 = ELLIPSE('',#2759,14.386465723086,3.);
#2759 = AXIS2_PLACEMENT_3D('',#2760,#2761,#2762);
#2760 = CARTESIAN_POINT('',(77.888235294117,12.197708138209,3.));
#2761 = DIRECTION('',(0.250621059047,5.646417262931E-18,-0.968085267299)
  );
#2762 = DIRECTION('',(-0.79731657001,-0.567168769514,-0.206411903911));
#2763 = PLANE('',#2764);
#2764 = AXIS2_PLACEMENT_3D('',#2765,#2766,#2767);
#2765 = CARTESIAN_POINT('',(76.15,28.,2.55));
#2766 = DIRECTION('',(-0.250621059047,-1.309912787711E-17,0.968085267299
    ));
#2767 = DIRECTION('',(-3.282917301155E-18,1.,1.26810727123E-17));
#2768 = ADVANCED_FACE('',(#2769),#2804,.T.);
#2769 = FACE_BOUND('',#2770,.F.);
#2770 = EDGE_LOOP('',(#2771,#2772,#2773,#2781,#2789,#2797));
#2771 = ORIENTED_EDGE('',*,*,#2393,.F.);
#2772 = ORIENTED_EDGE('',*,*,#2499,.F.);
#2773 = ORIENTED_EDGE('',*,*,#2774,.F.);
#2774 = EDGE_CURVE('',#2775,#2483,#2777,.T.);
#2775 = VERTEX_POINT('',#2776);
#2776 = CARTESIAN_POINT('',(2.248136822859,26.394448724536,
    4.517995035707));
#2777 = LINE('',#2778,#2779);
#2778 = CARTESIAN_POINT('',(1.369227513951,25.808509185264,
    4.745529932936));
#2779 = VECTOR('',#2780,1.);
#2780 = DIRECTION('',(0.813393982684,0.542262655123,-0.210574076735));
#2781 = ORIENTED_EDGE('',*,*,#2782,.T.);
#2782 = EDGE_CURVE('',#2775,#2783,#2785,.T.);
#2783 = VERTEX_POINT('',#2784);
#2784 = CARTESIAN_POINT('',(2.248136822859,15.605551275464,
    4.517995035707));
#2785 = LINE('',#2786,#2787);
#2786 = CARTESIAN_POINT('',(2.248136822859,28.,4.517995035707));
#2787 = VECTOR('',#2788,1.);
#2788 = DIRECTION('',(5.991883129465E-18,-1.,0.));
#2789 = ORIENTED_EDGE('',*,*,#2790,.T.);
#2790 = EDGE_CURVE('',#2783,#2791,#2793,.T.);
#2791 = VERTEX_POINT('',#2792);
#2792 = CARTESIAN_POINT('',(19.587474025211,4.045993140563,
    2.913108992002E-02));
#2793 = LINE('',#2794,#2795);
#2794 = CARTESIAN_POINT('',(1.369227513951,16.191490814736,
    4.745529932936));
#2795 = VECTOR('',#2796,1.);
#2796 = DIRECTION('',(0.813393982684,-0.542262655123,-0.210574076735));
#2797 = ORIENTED_EDGE('',*,*,#2798,.T.);
#2798 = EDGE_CURVE('',#2791,#2396,#2799,.T.);
#2799 = ELLIPSE('',#2800,14.386465723086,3.);
#2800 = AXIS2_PLACEMENT_3D('',#2801,#2802,#2803);
#2801 = CARTESIAN_POINT('',(8.111764705882,12.197708138209,3.));
#2802 = DIRECTION('',(0.250621059047,1.868128211971E-17,0.968085267299)
  );
#2803 = DIRECTION('',(0.79731657001,-0.567168769514,-0.206411903911));
#2804 = PLANE('',#2805);
#2805 = AXIS2_PLACEMENT_3D('',#2806,#2807,#2808);
#2806 = CARTESIAN_POINT('',(9.85,28.,2.55));
#2807 = DIRECTION('',(-0.250621059047,-3.332547685084E-17,
    -0.968085267299));
#2808 = DIRECTION('',(-1.396759376771E-17,1.,-3.080813717126E-17));
#2809 = ADVANCED_FACE('',(#2810),#2838,.T.);
#2810 = FACE_BOUND('',#2811,.F.);
#2811 = EDGE_LOOP('',(#2812,#2821,#2829,#2836,#2837));
#2812 = ORIENTED_EDGE('',*,*,#2813,.F.);
#2813 = EDGE_CURVE('',#2814,#2791,#2816,.T.);
#2814 = VERTEX_POINT('',#2815);
#2815 = CARTESIAN_POINT('',(18.417927156582,1.721381895612,3.));
#2816 = ELLIPSE('',#2817,3.01695930473,3.);
#2817 = AXIS2_PLACEMENT_3D('',#2818,#2819,#2820);
#2818 = CARTESIAN_POINT('',(20.082027745258,4.217532778626,3.));
#2819 = DIRECTION('',(0.827373070329,-0.551582046886,-0.10588223669));
#2820 = DIRECTION('',(-8.809934620334E-02,5.873289746889E-02,
    -0.994378676337));
#2821 = ORIENTED_EDGE('',*,*,#2822,.T.);
#2822 = EDGE_CURVE('',#2814,#2823,#2825,.T.);
#2823 = VERTEX_POINT('',#2824);
#2824 = CARTESIAN_POINT('',(21.,1.33226762955E-15,3.));
#2825 = LINE('',#2826,#2827);
#2826 = CARTESIAN_POINT('',(19.7,0.866666666667,3.));
#2827 = VECTOR('',#2828,1.);
#2828 = DIRECTION('',(0.832050294338,-0.554700196225,0.));
#2829 = ORIENTED_EDGE('',*,*,#2830,.F.);
#2830 = EDGE_CURVE('',#2404,#2823,#2831,.T.);
#2831 = ELLIPSE('',#2832,3.134494820738,3.);
#2832 = AXIS2_PLACEMENT_3D('',#2833,#2834,#2835);
#2833 = CARTESIAN_POINT('',(21.908326913196,3.,3.));
#2834 = DIRECTION('',(-0.957092026489,0.289784148688,0.));
#2835 = DIRECTION('',(-0.289784148688,-0.957092026489,0.));
#2836 = ORIENTED_EDGE('',*,*,#2403,.F.);
#2837 = ORIENTED_EDGE('',*,*,#2798,.F.);
#2838 = CYLINDRICAL_SURFACE('',#2839,3.);
#2839 = AXIS2_PLACEMENT_3D('',#2840,#2841,#2842);
#2840 = CARTESIAN_POINT('',(21.364100588676,3.36281754968,3.));
#2841 = DIRECTION('',(0.832050294338,-0.554700196225,0.));
#2842 = DIRECTION('',(0.,0.,-1.));
#2843 = ADVANCED_FACE('',(#2844,#2914),#2933,.T.);
#2844 = FACE_BOUND('',#2845,.T.);
#2845 = EDGE_LOOP('',(#2846,#2856,#2873,#2882,#2890,#2899));
#2846 = ORIENTED_EDGE('',*,*,#2847,.T.);
#2847 = EDGE_CURVE('',#2848,#2850,#2852,.T.);
#2848 = VERTEX_POINT('',#2849);
#2849 = CARTESIAN_POINT('',(53.,1.454763739087,0.428571428571));
#2850 = VERTEX_POINT('',#2851);
#2851 = CARTESIAN_POINT('',(33.,1.454763739087,0.428571428571));
#2852 = LINE('',#2853,#2854);
#2853 = CARTESIAN_POINT('',(53.,1.454763739087,0.428571428571));
#2854 = VECTOR('',#2855,1.);
#2855 = DIRECTION('',(-1.,0.,0.));
#2856 = ORIENTED_EDGE('',*,*,#2857,.T.);
#2857 = EDGE_CURVE('',#2850,#2858,#2860,.T.);
#2858 = VERTEX_POINT('',#2859);
#2859 = CARTESIAN_POINT('',(32.8,1.144231277605,0.642857142857));
#2860 = B_SPLINE_CURVE_WITH_KNOTS('',6,(#2861,#2862,#2863,#2864,#2865,
    #2866,#2867,#2868,#2869,#2870,#2871,#2872),.UNSPECIFIED.,.F.,.F.,(7,
    5,7),(0.,0.5,1.),.UNSPECIFIED.);
#2861 = CARTESIAN_POINT('',(33.,1.454763739087,0.428571428571));
#2862 = CARTESIAN_POINT('',(32.961619500675,1.454763739087,
    0.428571428571));
#2863 = CARTESIAN_POINT('',(32.924181517718,1.434508328129,
    0.440704160027));
#2864 = CARTESIAN_POINT('',(32.901559060829,1.40846522206,0.456574609727
    ));
#2865 = CARTESIAN_POINT('',(32.878095671359,1.382643887131,
    0.472981909282));
#2866 = CARTESIAN_POINT('',(32.860322025473,1.353982977954,
    0.491640598669));
#2867 = CARTESIAN_POINT('',(32.830348085797,1.295584134891,
    0.530950490194));
#2868 = CARTESIAN_POINT('',(32.818515121828,1.265594752515,
    0.551735860244));
#2869 = CARTESIAN_POINT('',(32.809526416651,1.235185083278,
    0.573480856545));
#2870 = CARTESIAN_POINT('',(32.803303664317,1.204664813388,0.59602078241
    ));
#2871 = CARTESIAN_POINT('',(32.8,1.174283641278,0.619197042508));
#2872 = CARTESIAN_POINT('',(32.8,1.144231277605,0.642857142857));
#2873 = ORIENTED_EDGE('',*,*,#2874,.T.);
#2874 = EDGE_CURVE('',#2858,#2875,#2877,.T.);
#2875 = VERTEX_POINT('',#2876);
#2876 = CARTESIAN_POINT('',(32.8,0.197850679152,1.928571428571));
#2877 = CIRCLE('',#2878,3.);
#2878 = AXIS2_PLACEMENT_3D('',#2879,#2880,#2881);
#2879 = CARTESIAN_POINT('',(32.8,3.,3.));
#2880 = DIRECTION('',(-1.,0.,0.));
#2881 = DIRECTION('',(-0.,-0.679869268479,-0.733333333333));
#2882 = ORIENTED_EDGE('',*,*,#2883,.F.);
#2883 = EDGE_CURVE('',#2884,#2875,#2886,.T.);
#2884 = VERTEX_POINT('',#2885);
#2885 = CARTESIAN_POINT('',(53.2,0.197850679152,1.928571428571));
#2886 = LINE('',#2887,#2888);
#2887 = CARTESIAN_POINT('',(53.,0.197850679152,1.928571428571));
#2888 = VECTOR('',#2889,1.);
#2889 = DIRECTION('',(-1.,0.,0.));
#2890 = ORIENTED_EDGE('',*,*,#2891,.F.);
#2891 = EDGE_CURVE('',#2892,#2884,#2894,.T.);
#2892 = VERTEX_POINT('',#2893);
#2893 = CARTESIAN_POINT('',(53.2,1.144231277605,0.642857142857));
#2894 = CIRCLE('',#2895,3.);
#2895 = AXIS2_PLACEMENT_3D('',#2896,#2897,#2898);
#2896 = CARTESIAN_POINT('',(53.2,3.,3.));
#2897 = DIRECTION('',(-1.,-0.,0.));
#2898 = DIRECTION('',(0.,-0.679869268479,-0.733333333333));
#2899 = ORIENTED_EDGE('',*,*,#2900,.F.);
#2900 = EDGE_CURVE('',#2848,#2892,#2901,.T.);
#2901 = B_SPLINE_CURVE_WITH_KNOTS('',6,(#2902,#2903,#2904,#2905,#2906,
    #2907,#2908,#2909,#2910,#2911,#2912,#2913),.UNSPECIFIED.,.F.,.F.,(7,
    5,7),(0.,0.5,1.),.UNSPECIFIED.);
#2902 = CARTESIAN_POINT('',(53.,1.454763739087,0.428571428571));
#2903 = CARTESIAN_POINT('',(53.038380499325,1.454763739087,
    0.428571428571));
#2904 = CARTESIAN_POINT('',(53.075818482281,1.434508328129,
    0.440704160027));
#2905 = CARTESIAN_POINT('',(53.098440939172,1.40846522206,0.456574609727
    ));
#2906 = CARTESIAN_POINT('',(53.12190432864,1.382643887131,0.472981909282
    ));
#2907 = CARTESIAN_POINT('',(53.139677974527,1.353982977954,
    0.491640598669));
#2908 = CARTESIAN_POINT('',(53.169651914203,1.295584134891,
    0.530950490194));
#2909 = CARTESIAN_POINT('',(53.181484878172,1.265594752515,
    0.551735860244));
#2910 = CARTESIAN_POINT('',(53.190473583349,1.235185083278,
    0.573480856545));
#2911 = CARTESIAN_POINT('',(53.196696335683,1.204664813388,0.59602078241
    ));
#2912 = CARTESIAN_POINT('',(53.2,1.174283641278,0.619197042508));
#2913 = CARTESIAN_POINT('',(53.2,1.144231277605,0.642857142857));
#2914 = FACE_BOUND('',#2915,.T.);
#2915 = EDGE_LOOP('',(#2916,#2925,#2931,#2932));
#2916 = ORIENTED_EDGE('',*,*,#2917,.T.);
#2917 = EDGE_CURVE('',#2412,#2918,#2920,.T.);
#2918 = VERTEX_POINT('',#2919);
#2919 = CARTESIAN_POINT('',(65.,4.440892098501E-16,3.));
#2920 = ELLIPSE('',#2921,3.134494820738,3.);
#2921 = AXIS2_PLACEMENT_3D('',#2922,#2923,#2924);
#2922 = CARTESIAN_POINT('',(64.091673086804,3.,3.));
#2923 = DIRECTION('',(-0.957092026489,-0.289784148688,-0.));
#2924 = DIRECTION('',(-0.289784148688,0.957092026489,0.));
#2925 = ORIENTED_EDGE('',*,*,#2926,.T.);
#2926 = EDGE_CURVE('',#2918,#2823,#2927,.T.);
#2927 = LINE('',#2928,#2929);
#2928 = CARTESIAN_POINT('',(65.,4.440892098501E-16,3.));
#2929 = VECTOR('',#2930,1.);
#2930 = DIRECTION('',(-1.,0.,0.));
#2931 = ORIENTED_EDGE('',*,*,#2830,.F.);
#2932 = ORIENTED_EDGE('',*,*,#2411,.F.);
#2933 = CYLINDRICAL_SURFACE('',#2934,3.);
#2934 = AXIS2_PLACEMENT_3D('',#2935,#2936,#2937);
#2935 = CARTESIAN_POINT('',(65.,3.,3.));
#2936 = DIRECTION('',(-1.,0.,0.));
#2937 = DIRECTION('',(0.,0.,-1.));
#2938 = ADVANCED_FACE('',(#2939),#2959,.T.);
#2939 = FACE_BOUND('',#2940,.T.);
#2940 = EDGE_LOOP('',(#2941,#2950,#2956,#2957,#2958));
#2941 = ORIENTED_EDGE('',*,*,#2942,.F.);
#2942 = EDGE_CURVE('',#2943,#2750,#2945,.T.);
#2943 = VERTEX_POINT('',#2944);
#2944 = CARTESIAN_POINT('',(67.582072843418,1.721381895612,3.));
#2945 = ELLIPSE('',#2946,3.01695930473,3.);
#2946 = AXIS2_PLACEMENT_3D('',#2947,#2948,#2949);
#2947 = CARTESIAN_POINT('',(65.917972254742,4.217532778625,3.));
#2948 = DIRECTION('',(0.827373070329,0.551582046886,0.10588223669));
#2949 = DIRECTION('',(8.809934620334E-02,5.873289746889E-02,
    -0.994378676337));
#2950 = ORIENTED_EDGE('',*,*,#2951,.T.);
#2951 = EDGE_CURVE('',#2943,#2918,#2952,.T.);
#2952 = LINE('',#2953,#2954);
#2953 = CARTESIAN_POINT('',(66.3,0.866666666667,3.));
#2954 = VECTOR('',#2955,1.);
#2955 = DIRECTION('',(-0.832050294338,-0.554700196225,0.));
#2956 = ORIENTED_EDGE('',*,*,#2917,.F.);
#2957 = ORIENTED_EDGE('',*,*,#2419,.F.);
#2958 = ORIENTED_EDGE('',*,*,#2757,.F.);
#2959 = CYLINDRICAL_SURFACE('',#2960,3.);
#2960 = AXIS2_PLACEMENT_3D('',#2961,#2962,#2963);
#2961 = CARTESIAN_POINT('',(64.635899411324,3.36281754968,3.));
#2962 = DIRECTION('',(-0.832050294338,-0.554700196225,0.));
#2963 = DIRECTION('',(0.,0.,-1.));
#2964 = ADVANCED_FACE('',(#2965),#2991,.F.);
#2965 = FACE_BOUND('',#2966,.F.);
#2966 = EDGE_LOOP('',(#2967,#2977,#2983,#2984,#2985));
#2967 = ORIENTED_EDGE('',*,*,#2968,.F.);
#2968 = EDGE_CURVE('',#2969,#2971,#2973,.T.);
#2969 = VERTEX_POINT('',#2970);
#2970 = CARTESIAN_POINT('',(2.6645352591E-15,28.,7.768092817186));
#2971 = VERTEX_POINT('',#2972);
#2972 = CARTESIAN_POINT('',(-8.388636381251E-17,28.,10.));
#2973 = LINE('',#2974,#2975);
#2974 = CARTESIAN_POINT('',(-8.388636381251E-17,28.,0.));
#2975 = VECTOR('',#2976,1.);
#2976 = DIRECTION('',(0.,0.,1.));
#2977 = ORIENTED_EDGE('',*,*,#2978,.T.);
#2978 = EDGE_CURVE('',#2969,#2481,#2979,.T.);
#2979 = LINE('',#2980,#2981);
#2980 = CARTESIAN_POINT('',(0.456990102417,28.304660068278,
    7.649785734835));
#2981 = VECTOR('',#2982,1.);
#2982 = DIRECTION('',(0.813393982684,0.542262655123,-0.210574076735));
#2983 = ORIENTED_EDGE('',*,*,#2491,.F.);
#2984 = ORIENTED_EDGE('',*,*,#2449,.T.);
#2985 = ORIENTED_EDGE('',*,*,#2986,.T.);
#2986 = EDGE_CURVE('',#2450,#2971,#2987,.T.);
#2987 = LINE('',#2988,#2989);
#2988 = CARTESIAN_POINT('',(21.,42.,10.));
#2989 = VECTOR('',#2990,1.);
#2990 = DIRECTION('',(-0.832050294338,-0.554700196225,0.));
#2991 = PLANE('',#2992);
#2992 = AXIS2_PLACEMENT_3D('',#2993,#2994,#2995);
#2993 = CARTESIAN_POINT('',(21.,42.,0.));
#2994 = DIRECTION('',(0.554700196225,-0.832050294338,0.));
#2995 = DIRECTION('',(-0.832050294338,-0.554700196225,0.));
#2996 = ADVANCED_FACE('',(#2997,#3040),#3106,.T.);
#2997 = FACE_BOUND('',#2998,.T.);
#2998 = EDGE_LOOP('',(#2999,#3000,#3008,#3016,#3024,#3032,#3038,#3039));
#2999 = ORIENTED_EDGE('',*,*,#2986,.T.);
#3000 = ORIENTED_EDGE('',*,*,#3001,.T.);
#3001 = EDGE_CURVE('',#2971,#3002,#3004,.T.);
#3002 = VERTEX_POINT('',#3003);
#3003 = CARTESIAN_POINT('',(-2.940002800363E-33,14.,10.));
#3004 = LINE('',#3005,#3006);
#3005 = CARTESIAN_POINT('',(-8.388636381251E-17,28.,10.));
#3006 = VECTOR('',#3007,1.);
#3007 = DIRECTION('',(5.991883129465E-18,-1.,0.));
#3008 = ORIENTED_EDGE('',*,*,#3009,.T.);
#3009 = EDGE_CURVE('',#3002,#3010,#3012,.T.);
#3010 = VERTEX_POINT('',#3011);
#3011 = CARTESIAN_POINT('',(21.,3.552713678801E-15,10.));
#3012 = LINE('',#3013,#3014);
#3013 = CARTESIAN_POINT('',(-2.940002800363E-33,14.,10.));
#3014 = VECTOR('',#3015,1.);
#3015 = DIRECTION('',(0.832050294338,-0.554700196225,0.));
#3016 = ORIENTED_EDGE('',*,*,#3017,.T.);
#3017 = EDGE_CURVE('',#3010,#3018,#3020,.T.);
#3018 = VERTEX_POINT('',#3019);
#3019 = CARTESIAN_POINT('',(65.,0.,10.));
#3020 = LINE('',#3021,#3022);
#3021 = CARTESIAN_POINT('',(21.,2.91763608003E-15,10.));
#3022 = VECTOR('',#3023,1.);
#3023 = DIRECTION('',(1.,-7.519176115577E-17,0.));
#3024 = ORIENTED_EDGE('',*,*,#3025,.F.);
#3025 = EDGE_CURVE('',#3026,#3018,#3028,.T.);
#3026 = VERTEX_POINT('',#3027);
#3027 = CARTESIAN_POINT('',(86.,14.,10.));
#3028 = LINE('',#3029,#3030);
#3029 = CARTESIAN_POINT('',(86.,14.,10.));
#3030 = VECTOR('',#3031,1.);
#3031 = DIRECTION('',(-0.832050294338,-0.554700196225,0.));
#3032 = ORIENTED_EDGE('',*,*,#3033,.F.);
#3033 = EDGE_CURVE('',#2714,#3026,#3034,.T.);
#3034 = LINE('',#3035,#3036);
#3035 = CARTESIAN_POINT('',(86.,28.,10.));
#3036 = VECTOR('',#3037,1.);
#3037 = DIRECTION('',(0.,-1.,0.));
#3038 = ORIENTED_EDGE('',*,*,#2724,.F.);
#3039 = ORIENTED_EDGE('',*,*,#2457,.F.);
#3040 = FACE_BOUND('',#3041,.T.);
#3041 = EDGE_LOOP('',(#3042,#3052,#3060,#3068,#3076,#3084,#3092,#3100));
#3042 = ORIENTED_EDGE('',*,*,#3043,.F.);
#3043 = EDGE_CURVE('',#3044,#3046,#3048,.T.);
#3044 = VERTEX_POINT('',#3045);
#3045 = CARTESIAN_POINT('',(21.302775637732,41.,10.));
#3046 = VERTEX_POINT('',#3047);
#3047 = CARTESIAN_POINT('',(1.,27.464816241512,10.));
#3048 = LINE('',#3049,#3050);
#3049 = CARTESIAN_POINT('',(21.302775637732,41.,10.));
#3050 = VECTOR('',#3051,1.);
#3051 = DIRECTION('',(-0.832050294338,-0.554700196225,0.));
#3052 = ORIENTED_EDGE('',*,*,#3053,.T.);
#3053 = EDGE_CURVE('',#3044,#3054,#3056,.T.);
#3054 = VERTEX_POINT('',#3055);
#3055 = CARTESIAN_POINT('',(64.697224362268,41.,10.));
#3056 = LINE('',#3057,#3058);
#3057 = CARTESIAN_POINT('',(21.302775637732,41.,10.));
#3058 = VECTOR('',#3059,1.);
#3059 = DIRECTION('',(1.,0.,0.));
#3060 = ORIENTED_EDGE('',*,*,#3061,.T.);
#3061 = EDGE_CURVE('',#3054,#3062,#3064,.T.);
#3062 = VERTEX_POINT('',#3063);
#3063 = CARTESIAN_POINT('',(85.,27.464816241512,10.));
#3064 = LINE('',#3065,#3066);
#3065 = CARTESIAN_POINT('',(64.697224362268,41.,10.));
#3066 = VECTOR('',#3067,1.);
#3067 = DIRECTION('',(0.832050294338,-0.554700196225,0.));
#3068 = ORIENTED_EDGE('',*,*,#3069,.T.);
#3069 = EDGE_CURVE('',#3062,#3070,#3072,.T.);
#3070 = VERTEX_POINT('',#3071);
#3071 = CARTESIAN_POINT('',(85.,14.535183758488,10.));
#3072 = LINE('',#3073,#3074);
#3073 = CARTESIAN_POINT('',(85.,27.464816241512,10.));
#3074 = VECTOR('',#3075,1.);
#3075 = DIRECTION('',(0.,-1.,0.));
#3076 = ORIENTED_EDGE('',*,*,#3077,.T.);
#3077 = EDGE_CURVE('',#3070,#3078,#3080,.T.);
#3078 = VERTEX_POINT('',#3079);
#3079 = CARTESIAN_POINT('',(64.697224362268,1.,10.));
#3080 = LINE('',#3081,#3082);
#3081 = CARTESIAN_POINT('',(85.,14.535183758488,10.));
#3082 = VECTOR('',#3083,1.);
#3083 = DIRECTION('',(-0.832050294338,-0.554700196225,0.));
#3084 = ORIENTED_EDGE('',*,*,#3085,.F.);
#3085 = EDGE_CURVE('',#3086,#3078,#3088,.T.);
#3086 = VERTEX_POINT('',#3087);
#3087 = CARTESIAN_POINT('',(21.302775637732,1.,10.));
#3088 = LINE('',#3089,#3090);
#3089 = CARTESIAN_POINT('',(21.302775637732,1.,10.));
#3090 = VECTOR('',#3091,1.);
#3091 = DIRECTION('',(1.,-6.651956526396E-17,0.));
#3092 = ORIENTED_EDGE('',*,*,#3093,.F.);
#3093 = EDGE_CURVE('',#3094,#3086,#3096,.T.);
#3094 = VERTEX_POINT('',#3095);
#3095 = CARTESIAN_POINT('',(1.,14.535183758488,10.));
#3096 = LINE('',#3097,#3098);
#3097 = CARTESIAN_POINT('',(1.,14.535183758488,10.));
#3098 = VECTOR('',#3099,1.);
#3099 = DIRECTION('',(0.832050294338,-0.554700196225,0.));
#3100 = ORIENTED_EDGE('',*,*,#3101,.F.);
#3101 = EDGE_CURVE('',#3046,#3094,#3102,.T.);
#3102 = LINE('',#3103,#3104);
#3103 = CARTESIAN_POINT('',(1.,27.464816241512,10.));
#3104 = VECTOR('',#3105,1.);
#3105 = DIRECTION('',(1.71733114005E-17,-1.,0.));
#3106 = PLANE('',#3107);
#3107 = AXIS2_PLACEMENT_3D('',#3108,#3109,#3110);
#3108 = CARTESIAN_POINT('',(43.,21.,10.));
#3109 = DIRECTION('',(0.,0.,1.));
#3110 = DIRECTION('',(1.,0.,0.));
#3111 = ADVANCED_FACE('',(#3112),#3133,.T.);
#3112 = FACE_BOUND('',#3113,.F.);
#3113 = EDGE_LOOP('',(#3114,#3123,#3124,#3125,#3126));
#3114 = ORIENTED_EDGE('',*,*,#3115,.F.);
#3115 = EDGE_CURVE('',#2775,#3116,#3118,.T.);
#3116 = VERTEX_POINT('',#3117);
#3117 = CARTESIAN_POINT('',(-8.881784197001E-16,27.976657785973,
    7.422250837605));
#3118 = ELLIPSE('',#3119,3.416308498109,3.);
#3119 = AXIS2_PLACEMENT_3D('',#3120,#3121,#3122);
#3120 = CARTESIAN_POINT('',(3.,26.394448724536,7.422250837605));
#3121 = DIRECTION('',(0.463134129226,0.878140835835,-0.119897667972));
#3122 = DIRECTION('',(0.850115205786,-0.478402207811,-0.220080586269));
#3123 = ORIENTED_EDGE('',*,*,#2774,.T.);
#3124 = ORIENTED_EDGE('',*,*,#2480,.F.);
#3125 = ORIENTED_EDGE('',*,*,#2978,.F.);
#3126 = ORIENTED_EDGE('',*,*,#3127,.F.);
#3127 = EDGE_CURVE('',#3116,#2969,#3128,.T.);
#3128 = ELLIPSE('',#3129,3.688249561548,3.);
#3129 = AXIS2_PLACEMENT_3D('',#3130,#3131,#3132);
#3130 = CARTESIAN_POINT('',(-6.949179093662E-17,24.394448724536,
    8.198900583798));
#3131 = DIRECTION('',(1.,5.991883129465E-18,-6.182402115886E-35));
#3132 = DIRECTION('',(-5.585526582453E-18,0.932182164066,-0.361989520564
    ));
#3133 = CYLINDRICAL_SURFACE('',#3134,3.);
#3134 = AXIS2_PLACEMENT_3D('',#3135,#3136,#3137);
#3135 = CARTESIAN_POINT('',(2.121090691092,25.808509185264,
    7.649785734835));
#3136 = DIRECTION('',(0.813393982684,0.542262655123,-0.210574076735));
#3137 = DIRECTION('',(-0.554700196225,0.832050294338,-1.422847971212E-18
    ));
#3138 = ADVANCED_FACE('',(#3139),#3167,.T.);
#3139 = FACE_BOUND('',#3140,.T.);
#3140 = EDGE_LOOP('',(#3141,#3153,#3154,#3166));
#3141 = ORIENTED_EDGE('',*,*,#3142,.F.);
#3142 = EDGE_CURVE('',#2848,#2515,#3143,.T.);
#3143 = B_SPLINE_CURVE_WITH_KNOTS('',8,(#3144,#3145,#3146,#3147,#3148,
    #3149,#3150,#3151,#3152),.UNSPECIFIED.,.F.,.F.,(9,9),(0.,1.),
  .PIECEWISE_BEZIER_KNOTS.);
#3144 = CARTESIAN_POINT('',(53.,1.454763739087,0.428571428571));
#3145 = CARTESIAN_POINT('',(53.,1.399038886352,0.462057897547));
#3146 = CARTESIAN_POINT('',(53.,1.355754483886,0.516247569853));
#3147 = CARTESIAN_POINT('',(53.,1.333881189296,0.585736845274));
#3148 = CARTESIAN_POINT('',(53.,1.339592372637,0.660514218356));
#3149 = CARTESIAN_POINT('',(53.,1.373213308757,0.727550818766));
#3150 = CARTESIAN_POINT('',(53.,1.427754296353,0.775846585526));
#3151 = CARTESIAN_POINT('',(53.,1.492767161624,0.8));
#3152 = CARTESIAN_POINT('',(53.,1.557779489814,0.8));
#3153 = ORIENTED_EDGE('',*,*,#2900,.T.);
#3154 = ORIENTED_EDGE('',*,*,#3155,.T.);
#3155 = EDGE_CURVE('',#2892,#2533,#3156,.T.);
#3156 = B_SPLINE_CURVE_WITH_KNOTS('',8,(#3157,#3158,#3159,#3160,#3161,
    #3162,#3163,#3164,#3165),.UNSPECIFIED.,.F.,.F.,(9,9),(0.,1.),
  .PIECEWISE_BEZIER_KNOTS.);
#3157 = CARTESIAN_POINT('',(53.2,1.144231277605,0.642857142857));
#3158 = CARTESIAN_POINT('',(53.16073009183,1.144231277605,0.642857142857
    ));
#3159 = CARTESIAN_POINT('',(53.121460171299,1.149682386541,
    0.649780981122));
#3160 = CARTESIAN_POINT('',(53.084497353133,1.160584550873,
    0.663628589649));
#3161 = CARTESIAN_POINT('',(53.052148248843,1.176489640649,
    0.683830766949));
#3162 = CARTESIAN_POINT('',(53.026436386826,1.196500459295,
    0.709247920319));
#3163 = CARTESIAN_POINT('',(53.008812157792,1.219365273243,
    0.738290134592));
#3164 = CARTESIAN_POINT('',(53.,1.24365723666,0.769145072152));
#3165 = CARTESIAN_POINT('',(53.,1.267949192431,0.8));
#3166 = ORIENTED_EDGE('',*,*,#2541,.F.);
#3167 = B_SPLINE_SURFACE_WITH_KNOTS('',6,8,(
    (#3168,#3169,#3170,#3171,#3172,#3173,#3174,#3175,#3176)
    ,(#3177,#3178,#3179,#3180,#3181,#3182,#3183,#3184,#3185)
    ,(#3186,#3187,#3188,#3189,#3190,#3191,#3192,#3193,#3194)
    ,(#3195,#3196,#3197,#3198,#3199,#3200,#3201,#3202,#3203)
    ,(#3204,#3205,#3206,#3207,#3208,#3209,#3210,#3211,#3212)
    ,(#3213,#3214,#3215,#3216,#3217,#3218,#3219,#3220,#3221)
    ,(#3222,#3223,#3224,#3225,#3226,#3227,#3228,#3229,#3230)
    ,(#3231,#3232,#3233,#3234,#3235,#3236,#3237,#3238,#3239)
    ,(#3240,#3241,#3242,#3243,#3244,#3245,#3246,#3247,#3248)
    ,(#3249,#3250,#3251,#3252,#3253,#3254,#3255,#3256,#3257)
    ,(#3258,#3259,#3260,#3261,#3262,#3263,#3264,#3265,#3266)
    ,(#3267,#3268,#3269,#3270,#3271,#3272,#3273,#3274,#3275
  )),.UNSPECIFIED.,.F.,.F.,.F.,(7,5,7),(9,9),(0.,0.5,1.),(0.,1.),
  .UNSPECIFIED.);
#3168 = CARTESIAN_POINT('',(53.,1.454763739087,0.428571428571));
#3169 = CARTESIAN_POINT('',(53.,1.399038886352,0.462057897547));
#3170 = CARTESIAN_POINT('',(53.,1.355754483886,0.516247569853));
#3171 = CARTESIAN_POINT('',(53.,1.333881189296,0.585736845274));
#3172 = CARTESIAN_POINT('',(53.,1.339592372637,0.660514218356));
#3173 = CARTESIAN_POINT('',(53.,1.373213308757,0.727550818766));
#3174 = CARTESIAN_POINT('',(53.,1.427754296353,0.775846585526));
#3175 = CARTESIAN_POINT('',(53.,1.492767161624,0.8));
#3176 = CARTESIAN_POINT('',(53.,1.557779489814,0.8));
#3177 = CARTESIAN_POINT('',(53.038380499325,1.454763739087,
    0.428571428571));
#3178 = CARTESIAN_POINT('',(53.032393777895,1.400320617831,
    0.461287672786));
#3179 = CARTESIAN_POINT('',(53.026407055435,1.357637125702,
    0.513853767971));
#3180 = CARTESIAN_POINT('',(53.020612591506,1.335452294344,
    0.580913880424));
#3181 = CARTESIAN_POINT('',(53.015202603733,1.338540362987,
    0.654489070157));
#3182 = CARTESIAN_POINT('',(53.010345719482,1.371252888105,
    0.719511744517));
#3183 = CARTESIAN_POINT('',(53.006162804647,1.419119188067,
    0.765003350221));
#3184 = CARTESIAN_POINT('',(53.002714229082,1.47524271435,0.792148940661
    ));
#3185 = CARTESIAN_POINT('',(53.,1.533626965032,0.8));
#3186 = CARTESIAN_POINT('',(53.075818482281,1.434508328129,
    0.440704160027));
#3187 = CARTESIAN_POINT('',(53.063962853968,1.384143280857,
    0.471576662983));
#3188 = CARTESIAN_POINT('',(53.054568713243,1.348794099359,
    0.522188480432));
#3189 = CARTESIAN_POINT('',(53.041527153725,1.33186569804,0.58142648235)
  );
#3190 = CARTESIAN_POINT('',(53.027952775173,1.336788943392,
    0.647000539159));
#3191 = CARTESIAN_POINT('',(53.015571120516,1.370252776286,
    0.705933380769));
#3192 = CARTESIAN_POINT('',(53.006611877759,1.412914827123,
    0.748487862661));
#3193 = CARTESIAN_POINT('',(53.003756054467,1.4612794584,0.782664991943)
  );
#3194 = CARTESIAN_POINT('',(52.999999999999,1.509474440251,0.8));
#3195 = CARTESIAN_POINT('',(53.098440939172,1.40846522206,0.456574609727
    ));
#3196 = CARTESIAN_POINT('',(53.082568344733,1.362937934583,
    0.485193027393));
#3197 = CARTESIAN_POINT('',(53.070067027598,1.332843679937,
    0.530940711399));
#3198 = CARTESIAN_POINT('',(53.05296658039,1.31792943958,0.585059343753)
  );
#3199 = CARTESIAN_POINT('',(53.034432449154,1.322429023021,
    0.645900235123));
#3200 = CARTESIAN_POINT('',(53.0173607417,1.355605652954,0.70221277337)
  );
#3201 = CARTESIAN_POINT('',(53.006189455408,1.39572650004,0.743629663194
    ));
#3202 = CARTESIAN_POINT('',(53.003549060362,1.441409771386,
    0.778534615786));
#3203 = CARTESIAN_POINT('',(53.,1.485321915469,0.8));
#3204 = CARTESIAN_POINT('',(53.12190432864,1.382643887131,0.472981909282
    ));
#3205 = CARTESIAN_POINT('',(53.101909651504,1.341885590986,
    0.499181965287));
#3206 = CARTESIAN_POINT('',(53.08454471462,1.315345755656,0.539984855767
    ));
#3207 = CARTESIAN_POINT('',(53.063535637582,1.301513015302,
    0.589514629097));
#3208 = CARTESIAN_POINT('',(53.040379180497,1.305167556165,
    0.645974796254));
#3209 = CARTESIAN_POINT('',(53.018998219661,1.3374211203,0.700483128836)
  );
#3210 = CARTESIAN_POINT('',(53.006076227396,1.375935274566,
    0.741750883256));
#3211 = CARTESIAN_POINT('',(53.002516830969,1.419739488391,
    0.776459298178));
#3212 = CARTESIAN_POINT('',(52.999999999999,1.461169390687,0.8));
#3213 = CARTESIAN_POINT('',(53.139677974527,1.353982977954,
    0.491640598669));
#3214 = CARTESIAN_POINT('',(53.11627243264,1.318335254816,0.515115749312
    ));
#3215 = CARTESIAN_POINT('',(53.094669457674,1.295187002375,
    0.550605688906));
#3216 = CARTESIAN_POINT('',(53.070634351992,1.28243091994,0.595695119987
    ));
#3217 = CARTESIAN_POINT('',(53.043854201986,1.285475775976,
    0.647821091711));
#3218 = CARTESIAN_POINT('',(53.019137482886,1.316535645344,
    0.700671977598));
#3219 = CARTESIAN_POINT('',(53.00519581987,1.354117173925,0.742088246603
    ));
#3220 = CARTESIAN_POINT('',(53.001082950495,1.396981080134,
    0.775711769097));
#3221 = CARTESIAN_POINT('',(53.,1.437016865905,0.8));
#3222 = CARTESIAN_POINT('',(53.169651914203,1.295584134891,
    0.530950490194));
#3223 = CARTESIAN_POINT('',(53.140121311829,1.270192560511,
    0.548562594679));
#3224 = CARTESIAN_POINT('',(53.110329843943,1.253266427761,
    0.573807754202));
#3225 = CARTESIAN_POINT('',(53.081114134071,1.243169012919,
    0.610291965172));
#3226 = CARTESIAN_POINT('',(53.048721679174,1.245857764367,
    0.653834800876));
#3227 = CARTESIAN_POINT('',(53.019118147523,1.274008363976,
    0.702860457938));
#3228 = CARTESIAN_POINT('',(53.003790931091,1.309840797853,
    0.744322266831));
#3229 = CARTESIAN_POINT('',(52.998259055795,1.350712954527,
    0.775417747942));
#3230 = CARTESIAN_POINT('',(53.,1.388711816341,0.8));
#3231 = CARTESIAN_POINT('',(53.181484878172,1.265594752515,
    0.551735860244));
#3232 = CARTESIAN_POINT('',(53.149285996287,1.245383744235,
    0.566199758083));
#3233 = CARTESIAN_POINT('',(53.115655584403,1.231366006276,
    0.586475232508));
#3234 = CARTESIAN_POINT('',(53.084331215214,1.222882032169,
    0.618777794628));
#3235 = CARTESIAN_POINT('',(53.04998294565,1.225845797674,0.658057794712
    ));
#3236 = CARTESIAN_POINT('',(53.018854597557,1.25229725749,0.704903212592
    ));
#3237 = CARTESIAN_POINT('',(53.003187736305,1.287329657542,
    0.746249589734));
#3238 = CARTESIAN_POINT('',(52.996869041568,1.327203237178,
    0.775871255868));
#3239 = CARTESIAN_POINT('',(53.,1.364559291559,0.8));
#3240 = CARTESIAN_POINT('',(53.190473583349,1.235185083278,
    0.573480856545));
#3241 = CARTESIAN_POINT('',(53.155961954303,1.22014771733,0.584591340588
    ));
#3242 = CARTESIAN_POINT('',(53.119053368833,1.209314297245,
    0.600299562255));
#3243 = CARTESIAN_POINT('',(53.085979273523,1.203226812263,
    0.628395110219));
#3244 = CARTESIAN_POINT('',(53.050575981091,1.207280737928,
    0.663326835095));
#3245 = CARTESIAN_POINT('',(53.018945500432,1.231926237605,
    0.707224827363));
#3246 = CARTESIAN_POINT('',(53.003073222248,1.265745124271,
    0.747796541461));
#3247 = CARTESIAN_POINT('',(52.99592454467,1.304030336,0.776198012275));
#3248 = CARTESIAN_POINT('',(53.,1.340406766777,0.8));
#3249 = CARTESIAN_POINT('',(53.196696335683,1.204664813388,0.59602078241
    ));
#3250 = CARTESIAN_POINT('',(53.160217703581,1.194744892943,
    0.603588537663));
#3251 = CARTESIAN_POINT('',(53.120967441804,1.187869645655,
    0.615382033436));
#3252 = CARTESIAN_POINT('',(53.086408774133,1.185468138113,
    0.639098112759));
#3253 = CARTESIAN_POINT('',(53.050922369033,1.191794050424,
    0.669479926551));
#3254 = CARTESIAN_POINT('',(53.019933065238,1.214667605907,
    0.709161089993));
#3255 = CARTESIAN_POINT('',(53.003787225518,1.246374658248,
    0.747775225024));
#3256 = CARTESIAN_POINT('',(52.995849149306,1.28190672171,0.77567074714)
  );
#3257 = CARTESIAN_POINT('',(53.,1.316254241995,0.8));
#3258 = CARTESIAN_POINT('',(53.2,1.174283641278,0.619197042508));
#3259 = CARTESIAN_POINT('',(53.161919250844,1.169385838881,0.62305306187
    ));
#3260 = CARTESIAN_POINT('',(53.124006465826,1.169399719073,
    0.633556231785));
#3261 = CARTESIAN_POINT('',(53.087166628742,1.17500325638,0.650167873417
    ));
#3262 = CARTESIAN_POINT('',(53.051113380793,1.187114889712,
    0.672566832647));
#3263 = CARTESIAN_POINT('',(53.0205839018,1.209034854259,0.70382480242)
  );
#3264 = CARTESIAN_POINT('',(53.003122665814,1.236384906307,
    0.738203837333));
#3265 = CARTESIAN_POINT('',(52.997066439681,1.264938229393,
    0.770990946453));
#3266 = CARTESIAN_POINT('',(53.,1.292101717214,0.8));
#3267 = CARTESIAN_POINT('',(53.2,1.144231277605,0.642857142857));
#3268 = CARTESIAN_POINT('',(53.16073009183,1.144231277605,0.642857142857
    ));
#3269 = CARTESIAN_POINT('',(53.121460171299,1.149682386541,
    0.649780981122));
#3270 = CARTESIAN_POINT('',(53.084497353133,1.160584550873,
    0.663628589649));
#3271 = CARTESIAN_POINT('',(53.052148248843,1.176489640649,
    0.683830766949));
#3272 = CARTESIAN_POINT('',(53.026436386826,1.196500459295,
    0.709247920319));
#3273 = CARTESIAN_POINT('',(53.008812157792,1.219365273243,
    0.738290134592));
#3274 = CARTESIAN_POINT('',(53.,1.24365723666,0.769145072152));
#3275 = CARTESIAN_POINT('',(53.,1.267949192431,0.8));
#3276 = ADVANCED_FACE('',(#3277),#3294,.T.);
#3277 = FACE_BOUND('',#3278,.T.);
#3278 = EDGE_LOOP('',(#3279,#3280,#3281,#3282,#3283));
#3279 = ORIENTED_EDGE('',*,*,#2655,.T.);
#3280 = ORIENTED_EDGE('',*,*,#2532,.F.);
#3281 = ORIENTED_EDGE('',*,*,#3155,.F.);
#3282 = ORIENTED_EDGE('',*,*,#2891,.T.);
#3283 = ORIENTED_EDGE('',*,*,#3284,.T.);
#3284 = EDGE_CURVE('',#2884,#2648,#3285,.T.);
#3285 = B_SPLINE_CURVE_WITH_KNOTS('',7,(#3286,#3287,#3288,#3289,#3290,
    #3291,#3292,#3293),.UNSPECIFIED.,.F.,.F.,(8,8),(0.,1.),
  .PIECEWISE_BEZIER_KNOTS.);
#3286 = CARTESIAN_POINT('',(53.2,0.197850679152,1.928571428571));
#3287 = CARTESIAN_POINT('',(53.166832358598,0.210112022484,
    1.896503844643));
#3288 = CARTESIAN_POINT('',(53.133668858459,0.228794005498,
    1.866895837039));
#3289 = CARTESIAN_POINT('',(53.101909161601,0.253318965748,
    1.841248688617));
#3290 = CARTESIAN_POINT('',(53.072962063707,0.282693392328,
    1.820914133187));
#3291 = CARTESIAN_POINT('',(53.048202457507,0.315521892136,
    1.806970242721));
#3292 = CARTESIAN_POINT('',(53.028831753985,0.350093100244,
    1.800000001579));
#3293 = CARTESIAN_POINT('',(53.015625602833,0.384660633876,1.8));
#3294 = TOROIDAL_SURFACE('',#3295,2.8,0.2);
#3295 = AXIS2_PLACEMENT_3D('',#3296,#3297,#3298);
#3296 = CARTESIAN_POINT('',(53.2,3.,3.));
#3297 = DIRECTION('',(-1.,-0.,-0.));
#3298 = DIRECTION('',(0.,-0.679869268479,-0.733333333333));
#3299 = ADVANCED_FACE('',(#3300),#3317,.T.);
#3300 = FACE_BOUND('',#3301,.T.);
#3301 = EDGE_LOOP('',(#3302,#3303,#3304,#3316));
#3302 = ORIENTED_EDGE('',*,*,#3142,.T.);
#3303 = ORIENTED_EDGE('',*,*,#2574,.T.);
#3304 = ORIENTED_EDGE('',*,*,#3305,.F.);
#3305 = EDGE_CURVE('',#2850,#2565,#3306,.T.);
#3306 = B_SPLINE_CURVE_WITH_KNOTS('',8,(#3307,#3308,#3309,#3310,#3311,
    #3312,#3313,#3314,#3315),.UNSPECIFIED.,.F.,.F.,(9,9),(0.,1.),
  .PIECEWISE_BEZIER_KNOTS.);
#3307 = CARTESIAN_POINT('',(33.,1.454763739087,0.428571428571));
#3308 = CARTESIAN_POINT('',(33.,1.399038886352,0.462057897547));
#3309 = CARTESIAN_POINT('',(33.,1.355754483886,0.516247569853));
#3310 = CARTESIAN_POINT('',(33.,1.333881189296,0.585736845274));
#3311 = CARTESIAN_POINT('',(33.,1.339592372637,0.660514218356));
#3312 = CARTESIAN_POINT('',(33.,1.373213308757,0.727550818766));
#3313 = CARTESIAN_POINT('',(33.,1.427754296353,0.775846585526));
#3314 = CARTESIAN_POINT('',(33.,1.492767161624,0.8));
#3315 = CARTESIAN_POINT('',(33.,1.557779489814,0.8));
#3316 = ORIENTED_EDGE('',*,*,#2847,.F.);
#3317 = CYLINDRICAL_SURFACE('',#3318,0.2);
#3318 = AXIS2_PLACEMENT_3D('',#3319,#3320,#3321);
#3319 = CARTESIAN_POINT('',(53.,1.557779489814,0.6));
#3320 = DIRECTION('',(-1.,0.,0.));
#3321 = DIRECTION('',(-0.,-0.515078753638,-0.857142857143));
#3322 = ADVANCED_FACE('',(#3323),#3351,.T.);
#3323 = FACE_BOUND('',#3324,.F.);
#3324 = EDGE_LOOP('',(#3325,#3326,#3327,#3339,#3340));
#3325 = ORIENTED_EDGE('',*,*,#2636,.T.);
#3326 = ORIENTED_EDGE('',*,*,#2616,.F.);
#3327 = ORIENTED_EDGE('',*,*,#3328,.F.);
#3328 = EDGE_CURVE('',#2858,#2600,#3329,.T.);
#3329 = B_SPLINE_CURVE_WITH_KNOTS('',8,(#3330,#3331,#3332,#3333,#3334,
    #3335,#3336,#3337,#3338),.UNSPECIFIED.,.F.,.F.,(9,9),(0.,1.),
  .PIECEWISE_BEZIER_KNOTS.);
#3330 = CARTESIAN_POINT('',(32.8,1.144231277605,0.642857142857));
#3331 = CARTESIAN_POINT('',(32.83926990817,1.144231277605,0.642857142857
    ));
#3332 = CARTESIAN_POINT('',(32.878539828701,1.149682386541,
    0.649780981122));
#3333 = CARTESIAN_POINT('',(32.915502646867,1.160584550873,
    0.663628589649));
#3334 = CARTESIAN_POINT('',(32.947851751156,1.176489640649,
    0.683830766949));
#3335 = CARTESIAN_POINT('',(32.973563613174,1.196500459295,
    0.709247920319));
#3336 = CARTESIAN_POINT('',(32.991187842208,1.219365273243,
    0.738290134592));
#3337 = CARTESIAN_POINT('',(33.,1.24365723666,0.769145072152));
#3338 = CARTESIAN_POINT('',(33.,1.267949192431,0.8));
#3339 = ORIENTED_EDGE('',*,*,#2874,.T.);
#3340 = ORIENTED_EDGE('',*,*,#3341,.T.);
#3341 = EDGE_CURVE('',#2875,#2637,#3342,.T.);
#3342 = B_SPLINE_CURVE_WITH_KNOTS('',7,(#3343,#3344,#3345,#3346,#3347,
    #3348,#3349,#3350),.UNSPECIFIED.,.F.,.F.,(8,8),(0.,1.),
  .PIECEWISE_BEZIER_KNOTS.);
#3343 = CARTESIAN_POINT('',(32.8,0.197850679152,1.928571428571));
#3344 = CARTESIAN_POINT('',(32.833167641402,0.210112022484,
    1.896503844643));
#3345 = CARTESIAN_POINT('',(32.866331141541,0.228794005498,
    1.866895837039));
#3346 = CARTESIAN_POINT('',(32.898090838399,0.253318965748,
    1.841248688617));
#3347 = CARTESIAN_POINT('',(32.927037936293,0.282693392328,
    1.820914133187));
#3348 = CARTESIAN_POINT('',(32.951797542493,0.315521892136,
    1.806970242721));
#3349 = CARTESIAN_POINT('',(32.971168246015,0.350093100244,
    1.800000001579));
#3350 = CARTESIAN_POINT('',(32.984374397167,0.384660633876,1.8));
#3351 = TOROIDAL_SURFACE('',#3352,2.8,0.2);
#3352 = AXIS2_PLACEMENT_3D('',#3353,#3354,#3355);
#3353 = CARTESIAN_POINT('',(32.8,3.,3.));
#3354 = DIRECTION('',(1.,0.,0.));
#3355 = DIRECTION('',(-0.,-0.679869268479,-0.733333333333));
#3356 = ADVANCED_FACE('',(#3357),#3363,.F.);
#3357 = FACE_BOUND('',#3358,.F.);
#3358 = EDGE_LOOP('',(#3359,#3360,#3361,#3362));
#3359 = ORIENTED_EDGE('',*,*,#3305,.F.);
#3360 = ORIENTED_EDGE('',*,*,#2857,.T.);
#3361 = ORIENTED_EDGE('',*,*,#3328,.T.);
#3362 = ORIENTED_EDGE('',*,*,#2599,.F.);
#3363 = B_SPLINE_SURFACE_WITH_KNOTS('',6,8,(
    (#3364,#3365,#3366,#3367,#3368,#3369,#3370,#3371,#3372)
    ,(#3373,#3374,#3375,#3376,#3377,#3378,#3379,#3380,#3381)
    ,(#3382,#3383,#3384,#3385,#3386,#3387,#3388,#3389,#3390)
    ,(#3391,#3392,#3393,#3394,#3395,#3396,#3397,#3398,#3399)
    ,(#3400,#3401,#3402,#3403,#3404,#3405,#3406,#3407,#3408)
    ,(#3409,#3410,#3411,#3412,#3413,#3414,#3415,#3416,#3417)
    ,(#3418,#3419,#3420,#3421,#3422,#3423,#3424,#3425,#3426)
    ,(#3427,#3428,#3429,#3430,#3431,#3432,#3433,#3434,#3435)
    ,(#3436,#3437,#3438,#3439,#3440,#3441,#3442,#3443,#3444)
    ,(#3445,#3446,#3447,#3448,#3449,#3450,#3451,#3452,#3453)
    ,(#3454,#3455,#3456,#3457,#3458,#3459,#3460,#3461,#3462)
    ,(#3463,#3464,#3465,#3466,#3467,#3468,#3469,#3470,#3471
  )),.UNSPECIFIED.,.F.,.F.,.F.,(7,5,7),(9,9),(0.,0.5,1.),(0.,1.),
  .UNSPECIFIED.);
#3364 = CARTESIAN_POINT('',(33.,1.454763739087,0.428571428571));
#3365 = CARTESIAN_POINT('',(33.,1.399038886352,0.462057897547));
#3366 = CARTESIAN_POINT('',(33.,1.355754483886,0.516247569853));
#3367 = CARTESIAN_POINT('',(33.,1.333881189296,0.585736845274));
#3368 = CARTESIAN_POINT('',(33.,1.339592372637,0.660514218356));
#3369 = CARTESIAN_POINT('',(33.,1.373213308757,0.727550818766));
#3370 = CARTESIAN_POINT('',(33.,1.427754296353,0.775846585526));
#3371 = CARTESIAN_POINT('',(33.,1.492767161624,0.8));
#3372 = CARTESIAN_POINT('',(33.,1.557779489814,0.8));
#3373 = CARTESIAN_POINT('',(32.961619500675,1.454763739087,
    0.428571428571));
#3374 = CARTESIAN_POINT('',(32.967606222105,1.400320617831,
    0.461287672786));
#3375 = CARTESIAN_POINT('',(32.973592944565,1.357637125702,
    0.513853767971));
#3376 = CARTESIAN_POINT('',(32.979387408494,1.335452294344,
    0.580913880424));
#3377 = CARTESIAN_POINT('',(32.984797396267,1.338540362987,
    0.654489070157));
#3378 = CARTESIAN_POINT('',(32.989654280518,1.371252888105,
    0.719511744517));
#3379 = CARTESIAN_POINT('',(32.993837195353,1.419119188067,
    0.765003350221));
#3380 = CARTESIAN_POINT('',(32.997285770918,1.47524271435,0.792148940661
    ));
#3381 = CARTESIAN_POINT('',(33.,1.533626965032,0.8));
#3382 = CARTESIAN_POINT('',(32.924181517718,1.434508328129,
    0.440704160027));
#3383 = CARTESIAN_POINT('',(32.936037146032,1.384143280857,
    0.471576662983));
#3384 = CARTESIAN_POINT('',(32.945431286756,1.348794099359,
    0.522188480432));
#3385 = CARTESIAN_POINT('',(32.958472846275,1.33186569804,0.58142648235)
  );
#3386 = CARTESIAN_POINT('',(32.972047224826,1.336788943392,
    0.647000539159));
#3387 = CARTESIAN_POINT('',(32.984428879483,1.370252776286,
    0.705933380769));
#3388 = CARTESIAN_POINT('',(32.99338812224,1.412914827123,0.748487862661
    ));
#3389 = CARTESIAN_POINT('',(32.996243945532,1.4612794584,0.782664991943)
  );
#3390 = CARTESIAN_POINT('',(33.,1.509474440251,0.8));
#3391 = CARTESIAN_POINT('',(32.901559060829,1.40846522206,0.456574609727
    ));
#3392 = CARTESIAN_POINT('',(32.917431655268,1.362937934583,
    0.485193027393));
#3393 = CARTESIAN_POINT('',(32.929932972402,1.332843679937,
    0.530940711399));
#3394 = CARTESIAN_POINT('',(32.947033419611,1.31792943958,0.585059343753
    ));
#3395 = CARTESIAN_POINT('',(32.965567550845,1.322429023021,
    0.645900235123));
#3396 = CARTESIAN_POINT('',(32.982639258301,1.355605652954,0.70221277337
    ));
#3397 = CARTESIAN_POINT('',(32.993810544592,1.39572650004,0.743629663194
    ));
#3398 = CARTESIAN_POINT('',(32.996450939638,1.441409771386,
    0.778534615786));
#3399 = CARTESIAN_POINT('',(33.,1.485321915469,0.8));
#3400 = CARTESIAN_POINT('',(32.878095671359,1.382643887131,
    0.472981909282));
#3401 = CARTESIAN_POINT('',(32.898090348496,1.341885590986,
    0.499181965287));
#3402 = CARTESIAN_POINT('',(32.915455285379,1.315345755656,
    0.539984855767));
#3403 = CARTESIAN_POINT('',(32.936464362418,1.301513015302,
    0.589514629097));
#3404 = CARTESIAN_POINT('',(32.959620819501,1.305167556165,
    0.645974796254));
#3405 = CARTESIAN_POINT('',(32.981001780339,1.3374211203,0.700483128836)
  );
#3406 = CARTESIAN_POINT('',(32.993923772603,1.375935274566,
    0.741750883256));
#3407 = CARTESIAN_POINT('',(32.997483169031,1.419739488391,
    0.776459298178));
#3408 = CARTESIAN_POINT('',(33.,1.461169390687,0.8));
#3409 = CARTESIAN_POINT('',(32.860322025473,1.353982977954,
    0.491640598669));
#3410 = CARTESIAN_POINT('',(32.88372756736,1.318335254816,0.515115749312
    ));
#3411 = CARTESIAN_POINT('',(32.905330542325,1.295187002375,
    0.550605688906));
#3412 = CARTESIAN_POINT('',(32.929365648008,1.28243091994,0.595695119987
    ));
#3413 = CARTESIAN_POINT('',(32.956145798013,1.285475775976,
    0.647821091711));
#3414 = CARTESIAN_POINT('',(32.980862517114,1.316535645344,
    0.700671977598));
#3415 = CARTESIAN_POINT('',(32.99480418013,1.354117173925,0.742088246603
    ));
#3416 = CARTESIAN_POINT('',(32.998917049505,1.396981080134,
    0.775711769097));
#3417 = CARTESIAN_POINT('',(33.,1.437016865905,0.8));
#3418 = CARTESIAN_POINT('',(32.830348085797,1.295584134891,
    0.530950490194));
#3419 = CARTESIAN_POINT('',(32.859878688171,1.270192560511,
    0.548562594679));
#3420 = CARTESIAN_POINT('',(32.889670156056,1.253266427761,
    0.573807754202));
#3421 = CARTESIAN_POINT('',(32.918885865929,1.243169012919,
    0.610291965172));
#3422 = CARTESIAN_POINT('',(32.951278320826,1.245857764367,
    0.653834800876));
#3423 = CARTESIAN_POINT('',(32.980881852477,1.274008363976,
    0.702860457938));
#3424 = CARTESIAN_POINT('',(32.996209068909,1.309840797853,
    0.744322266831));
#3425 = CARTESIAN_POINT('',(33.001740944205,1.350712954527,
    0.775417747942));
#3426 = CARTESIAN_POINT('',(33.,1.388711816341,0.8));
#3427 = CARTESIAN_POINT('',(32.818515121828,1.265594752515,
    0.551735860244));
#3428 = CARTESIAN_POINT('',(32.850714003712,1.245383744235,
    0.566199758083));
#3429 = CARTESIAN_POINT('',(32.884344415596,1.231366006276,
    0.586475232508));
#3430 = CARTESIAN_POINT('',(32.915668784787,1.222882032169,
    0.618777794628));
#3431 = CARTESIAN_POINT('',(32.950017054349,1.225845797674,
    0.658057794712));
#3432 = CARTESIAN_POINT('',(32.981145402444,1.25229725749,0.704903212592
    ));
#3433 = CARTESIAN_POINT('',(32.996812263694,1.287329657542,
    0.746249589734));
#3434 = CARTESIAN_POINT('',(33.003130958432,1.327203237178,
    0.775871255868));
#3435 = CARTESIAN_POINT('',(33.,1.364559291559,0.8));
#3436 = CARTESIAN_POINT('',(32.809526416651,1.235185083278,
    0.573480856545));
#3437 = CARTESIAN_POINT('',(32.844038045697,1.22014771733,0.584591340588
    ));
#3438 = CARTESIAN_POINT('',(32.880946631166,1.209314297245,
    0.600299562255));
#3439 = CARTESIAN_POINT('',(32.914020726477,1.203226812263,
    0.628395110219));
#3440 = CARTESIAN_POINT('',(32.949424018908,1.207280737928,
    0.663326835095));
#3441 = CARTESIAN_POINT('',(32.981054499569,1.231926237605,
    0.707224827363));
#3442 = CARTESIAN_POINT('',(32.996926777751,1.265745124271,
    0.747796541461));
#3443 = CARTESIAN_POINT('',(33.00407545533,1.304030336,0.776198012275));
#3444 = CARTESIAN_POINT('',(33.,1.340406766777,0.8));
#3445 = CARTESIAN_POINT('',(32.803303664317,1.204664813388,0.59602078241
    ));
#3446 = CARTESIAN_POINT('',(32.839782296419,1.194744892943,
    0.603588537663));
#3447 = CARTESIAN_POINT('',(32.879032558196,1.187869645655,
    0.615382033436));
#3448 = CARTESIAN_POINT('',(32.913591225867,1.185468138113,
    0.639098112759));
#3449 = CARTESIAN_POINT('',(32.949077630966,1.191794050424,
    0.669479926551));
#3450 = CARTESIAN_POINT('',(32.980066934762,1.214667605907,
    0.709161089993));
#3451 = CARTESIAN_POINT('',(32.996212774482,1.246374658248,
    0.747775225024));
#3452 = CARTESIAN_POINT('',(33.004150850694,1.28190672171,0.77567074714)
  );
#3453 = CARTESIAN_POINT('',(33.,1.316254241995,0.8));
#3454 = CARTESIAN_POINT('',(32.8,1.174283641278,0.619197042508));
#3455 = CARTESIAN_POINT('',(32.838080749156,1.169385838881,0.62305306187
    ));
#3456 = CARTESIAN_POINT('',(32.875993534174,1.169399719073,
    0.633556231785));
#3457 = CARTESIAN_POINT('',(32.912833371259,1.17500325638,0.650167873417
    ));
#3458 = CARTESIAN_POINT('',(32.948886619206,1.187114889712,
    0.672566832647));
#3459 = CARTESIAN_POINT('',(32.979416098201,1.209034854259,0.70382480242
    ));
#3460 = CARTESIAN_POINT('',(32.996877334186,1.236384906307,
    0.738203837333));
#3461 = CARTESIAN_POINT('',(33.002933560319,1.264938229393,
    0.770990946453));
#3462 = CARTESIAN_POINT('',(33.,1.292101717214,0.8));
#3463 = CARTESIAN_POINT('',(32.8,1.144231277605,0.642857142857));
#3464 = CARTESIAN_POINT('',(32.83926990817,1.144231277605,0.642857142857
    ));
#3465 = CARTESIAN_POINT('',(32.878539828701,1.149682386541,
    0.649780981122));
#3466 = CARTESIAN_POINT('',(32.915502646867,1.160584550873,
    0.663628589649));
#3467 = CARTESIAN_POINT('',(32.947851751156,1.176489640649,
    0.683830766949));
#3468 = CARTESIAN_POINT('',(32.973563613174,1.196500459295,
    0.709247920319));
#3469 = CARTESIAN_POINT('',(32.991187842208,1.219365273243,
    0.738290134592));
#3470 = CARTESIAN_POINT('',(33.,1.24365723666,0.769145072152));
#3471 = CARTESIAN_POINT('',(33.,1.267949192431,0.8));
#3472 = ADVANCED_FACE('',(#3473),#3479,.T.);
#3473 = FACE_BOUND('',#3474,.F.);
#3474 = EDGE_LOOP('',(#3475,#3476,#3477,#3478));
#3475 = ORIENTED_EDGE('',*,*,#3284,.T.);
#3476 = ORIENTED_EDGE('',*,*,#2647,.T.);
#3477 = ORIENTED_EDGE('',*,*,#3341,.F.);
#3478 = ORIENTED_EDGE('',*,*,#2883,.F.);
#3479 = CYLINDRICAL_SURFACE('',#3480,0.2);
#3480 = AXIS2_PLACEMENT_3D('',#3481,#3482,#3483);
#3481 = CARTESIAN_POINT('',(53.,0.384660633876,2.));
#3482 = DIRECTION('',(-1.,0.,0.));
#3483 = DIRECTION('',(-0.,-0.934049773616,-0.357142857143));
#3484 = ADVANCED_FACE('',(#3485),#3504,.T.);
#3485 = FACE_BOUND('',#3486,.F.);
#3486 = EDGE_LOOP('',(#3487,#3488,#3489,#3498));
#3487 = ORIENTED_EDGE('',*,*,#2672,.F.);
#3488 = ORIENTED_EDGE('',*,*,#2741,.T.);
#3489 = ORIENTED_EDGE('',*,*,#3490,.T.);
#3490 = EDGE_CURVE('',#2742,#3491,#3493,.T.);
#3491 = VERTEX_POINT('',#3492);
#3492 = CARTESIAN_POINT('',(86.,14.023342214027,7.422250837605));
#3493 = ELLIPSE('',#3494,3.416308498109,3.);
#3494 = AXIS2_PLACEMENT_3D('',#3495,#3496,#3497);
#3495 = CARTESIAN_POINT('',(83.,15.605551275464,7.422250837605));
#3496 = DIRECTION('',(-0.463134129226,-0.878140835835,-0.119897667972));
#3497 = DIRECTION('',(0.850115205786,-0.478402207811,0.220080586269));
#3498 = ORIENTED_EDGE('',*,*,#3499,.F.);
#3499 = EDGE_CURVE('',#2675,#3491,#3500,.T.);
#3500 = LINE('',#3501,#3502);
#3501 = CARTESIAN_POINT('',(86.,28.,7.422250837605));
#3502 = VECTOR('',#3503,1.);
#3503 = DIRECTION('',(0.,-1.,0.));
#3504 = CYLINDRICAL_SURFACE('',#3505,3.);
#3505 = AXIS2_PLACEMENT_3D('',#3506,#3507,#3508);
#3506 = CARTESIAN_POINT('',(83.,28.,7.422250837605));
#3507 = DIRECTION('',(0.,-1.,0.));
#3508 = DIRECTION('',(1.,0.,0.));
#3509 = ADVANCED_FACE('',(#3510),#3531,.T.);
#3510 = FACE_BOUND('',#3511,.T.);
#3511 = EDGE_LOOP('',(#3512,#3513,#3514,#3522,#3529,#3530));
#3512 = ORIENTED_EDGE('',*,*,#2713,.T.);
#3513 = ORIENTED_EDGE('',*,*,#3033,.T.);
#3514 = ORIENTED_EDGE('',*,*,#3515,.F.);
#3515 = EDGE_CURVE('',#3516,#3026,#3518,.T.);
#3516 = VERTEX_POINT('',#3517);
#3517 = CARTESIAN_POINT('',(86.,14.,7.768092817186));
#3518 = LINE('',#3519,#3520);
#3519 = CARTESIAN_POINT('',(86.,14.,0.));
#3520 = VECTOR('',#3521,1.);
#3521 = DIRECTION('',(0.,0.,1.));
#3522 = ORIENTED_EDGE('',*,*,#3523,.F.);
#3523 = EDGE_CURVE('',#3491,#3516,#3524,.T.);
#3524 = ELLIPSE('',#3525,3.688249561548,3.);
#3525 = AXIS2_PLACEMENT_3D('',#3526,#3527,#3528);
#3526 = CARTESIAN_POINT('',(86.,17.605551275464,8.198900583798));
#3527 = DIRECTION('',(-1.,-0.,0.));
#3528 = DIRECTION('',(0.,-0.932182164066,-0.361989520564));
#3529 = ORIENTED_EDGE('',*,*,#3499,.F.);
#3530 = ORIENTED_EDGE('',*,*,#2698,.T.);
#3531 = PLANE('',#3532);
#3532 = AXIS2_PLACEMENT_3D('',#3533,#3534,#3535);
#3533 = CARTESIAN_POINT('',(86.,28.,0.));
#3534 = DIRECTION('',(1.,0.,0.));
#3535 = DIRECTION('',(0.,-1.,0.));
#3536 = ADVANCED_FACE('',(#3537),#3549,.T.);
#3537 = FACE_BOUND('',#3538,.F.);
#3538 = EDGE_LOOP('',(#3539,#3540,#3541,#3542,#3548));
#3539 = ORIENTED_EDGE('',*,*,#3490,.F.);
#3540 = ORIENTED_EDGE('',*,*,#2749,.T.);
#3541 = ORIENTED_EDGE('',*,*,#2942,.F.);
#3542 = ORIENTED_EDGE('',*,*,#3543,.F.);
#3543 = EDGE_CURVE('',#3516,#2943,#3544,.T.);
#3544 = LINE('',#3545,#3546);
#3545 = CARTESIAN_POINT('',(85.543009897583,13.695339931722,
    7.649785734835));
#3546 = VECTOR('',#3547,1.);
#3547 = DIRECTION('',(-0.813393982684,-0.542262655123,-0.210574076735));
#3548 = ORIENTED_EDGE('',*,*,#3523,.F.);
#3549 = CYLINDRICAL_SURFACE('',#3550,3.);
#3550 = AXIS2_PLACEMENT_3D('',#3551,#3552,#3553);
#3551 = CARTESIAN_POINT('',(83.878909308907,16.191490814736,
    7.649785734835));
#3552 = DIRECTION('',(-0.813393982684,-0.542262655123,-0.210574076735));
#3553 = DIRECTION('',(0.554700196225,-0.832050294338,-1.680822662684E-17
    ));
#3554 = ADVANCED_FACE('',(#3555),#3583,.T.);
#3555 = FACE_BOUND('',#3556,.F.);
#3556 = EDGE_LOOP('',(#3557,#3566,#3575,#3581,#3582));
#3557 = ORIENTED_EDGE('',*,*,#3558,.T.);
#3558 = EDGE_CURVE('',#2783,#3559,#3561,.T.);
#3559 = VERTEX_POINT('',#3560);
#3560 = CARTESIAN_POINT('',(-8.881784197001E-16,14.023342214026,
    7.422250837605));
#3561 = ELLIPSE('',#3562,3.416308498109,3.);
#3562 = AXIS2_PLACEMENT_3D('',#3563,#3564,#3565);
#3563 = CARTESIAN_POINT('',(3.,15.605551275464,7.422250837605));
#3564 = DIRECTION('',(-0.463134129226,0.878140835835,0.119897667972));
#3565 = DIRECTION('',(-0.850115205786,-0.478402207811,0.220080586269));
#3566 = ORIENTED_EDGE('',*,*,#3567,.T.);
#3567 = EDGE_CURVE('',#3559,#3568,#3570,.T.);
#3568 = VERTEX_POINT('',#3569);
#3569 = CARTESIAN_POINT('',(-4.440892098501E-16,14.,7.768092817186));
#3570 = ELLIPSE('',#3571,3.688249561548,3.);
#3571 = AXIS2_PLACEMENT_3D('',#3572,#3573,#3574);
#3572 = CARTESIAN_POINT('',(4.164194043159E-17,17.605551275464,
    8.198900583798));
#3573 = DIRECTION('',(-1.,-5.991883129465E-18,-1.566171996884E-34));
#3574 = DIRECTION('',(5.585526582453E-18,-0.932182164066,-0.361989520564
    ));
#3575 = ORIENTED_EDGE('',*,*,#3576,.T.);
#3576 = EDGE_CURVE('',#3568,#2814,#3577,.T.);
#3577 = LINE('',#3578,#3579);
#3578 = CARTESIAN_POINT('',(0.456990102417,13.695339931722,
    7.649785734835));
#3579 = VECTOR('',#3580,1.);
#3580 = DIRECTION('',(0.813393982684,-0.542262655123,-0.210574076735));
#3581 = ORIENTED_EDGE('',*,*,#2813,.T.);
#3582 = ORIENTED_EDGE('',*,*,#2790,.F.);
#3583 = CYLINDRICAL_SURFACE('',#3584,3.);
#3584 = AXIS2_PLACEMENT_3D('',#3585,#3586,#3587);
#3585 = CARTESIAN_POINT('',(2.121090691092,16.191490814736,
    7.649785734835));
#3586 = DIRECTION('',(0.813393982684,-0.542262655123,-0.210574076735));
#3587 = DIRECTION('',(-0.250621059047,-1.559573640788E-17,
    -0.968085267299));
#3588 = ADVANCED_FACE('',(#3589),#3600,.T.);
#3589 = FACE_BOUND('',#3590,.T.);
#3590 = EDGE_LOOP('',(#3591,#3592,#3593,#3594));
#3591 = ORIENTED_EDGE('',*,*,#3115,.F.);
#3592 = ORIENTED_EDGE('',*,*,#2782,.T.);
#3593 = ORIENTED_EDGE('',*,*,#3558,.T.);
#3594 = ORIENTED_EDGE('',*,*,#3595,.F.);
#3595 = EDGE_CURVE('',#3116,#3559,#3596,.T.);
#3596 = LINE('',#3597,#3598);
#3597 = CARTESIAN_POINT('',(-8.881784197001E-16,28.,7.422250837605));
#3598 = VECTOR('',#3599,1.);
#3599 = DIRECTION('',(5.991883129465E-18,-1.,0.));
#3600 = CYLINDRICAL_SURFACE('',#3601,3.);
#3601 = AXIS2_PLACEMENT_3D('',#3602,#3603,#3604);
#3602 = CARTESIAN_POINT('',(3.,28.,7.422250837605));
#3603 = DIRECTION('',(5.991883129465E-18,-1.,0.));
#3604 = DIRECTION('',(-1.,-5.991883129465E-18,0.));
#3605 = ADVANCED_FACE('',(#3606),#3623,.F.);
#3606 = FACE_BOUND('',#3607,.F.);
#3607 = EDGE_LOOP('',(#3608,#3614,#3615,#3621,#3622));
#3608 = ORIENTED_EDGE('',*,*,#3609,.T.);
#3609 = EDGE_CURVE('',#3568,#3002,#3610,.T.);
#3610 = LINE('',#3611,#3612);
#3611 = CARTESIAN_POINT('',(-2.940002800363E-33,14.,0.));
#3612 = VECTOR('',#3613,1.);
#3613 = DIRECTION('',(0.,0.,1.));
#3614 = ORIENTED_EDGE('',*,*,#3009,.T.);
#3615 = ORIENTED_EDGE('',*,*,#3616,.F.);
#3616 = EDGE_CURVE('',#2823,#3010,#3617,.T.);
#3617 = LINE('',#3618,#3619);
#3618 = CARTESIAN_POINT('',(21.,2.91763608003E-15,0.));
#3619 = VECTOR('',#3620,1.);
#3620 = DIRECTION('',(0.,0.,1.));
#3621 = ORIENTED_EDGE('',*,*,#2822,.F.);
#3622 = ORIENTED_EDGE('',*,*,#3576,.F.);
#3623 = PLANE('',#3624);
#3624 = AXIS2_PLACEMENT_3D('',#3625,#3626,#3627);
#3625 = CARTESIAN_POINT('',(-2.940002800363E-33,14.,0.));
#3626 = DIRECTION('',(0.554700196225,0.832050294338,0.));
#3627 = DIRECTION('',(0.832050294338,-0.554700196225,0.));
#3628 = ADVANCED_FACE('',(#3629),#3640,.T.);
#3629 = FACE_BOUND('',#3630,.T.);
#3630 = EDGE_LOOP('',(#3631,#3632,#3633,#3639));
#3631 = ORIENTED_EDGE('',*,*,#3616,.F.);
#3632 = ORIENTED_EDGE('',*,*,#2926,.F.);
#3633 = ORIENTED_EDGE('',*,*,#3634,.T.);
#3634 = EDGE_CURVE('',#2918,#3018,#3635,.T.);
#3635 = LINE('',#3636,#3637);
#3636 = CARTESIAN_POINT('',(65.,1.263417334603E-15,0.));
#3637 = VECTOR('',#3638,1.);
#3638 = DIRECTION('',(0.,0.,1.));
#3639 = ORIENTED_EDGE('',*,*,#3017,.F.);
#3640 = PLANE('',#3641);
#3641 = AXIS2_PLACEMENT_3D('',#3642,#3643,#3644);
#3642 = CARTESIAN_POINT('',(43.,1.753556222137E-15,5.));
#3643 = DIRECTION('',(-0.,-1.,-0.));
#3644 = DIRECTION('',(0.,0.,-1.));
#3645 = ADVANCED_FACE('',(#3646),#3653,.T.);
#3646 = FACE_BOUND('',#3647,.T.);
#3647 = EDGE_LOOP('',(#3648,#3649,#3650,#3651,#3652));
#3648 = ORIENTED_EDGE('',*,*,#3515,.T.);
#3649 = ORIENTED_EDGE('',*,*,#3025,.T.);
#3650 = ORIENTED_EDGE('',*,*,#3634,.F.);
#3651 = ORIENTED_EDGE('',*,*,#2951,.F.);
#3652 = ORIENTED_EDGE('',*,*,#3543,.F.);
#3653 = PLANE('',#3654);
#3654 = AXIS2_PLACEMENT_3D('',#3655,#3656,#3657);
#3655 = CARTESIAN_POINT('',(86.,14.,0.));
#3656 = DIRECTION('',(0.554700196225,-0.832050294338,0.));
#3657 = DIRECTION('',(-0.832050294338,-0.554700196225,0.));
#3658 = ADVANCED_FACE('',(#3659),#3667,.F.);
#3659 = FACE_BOUND('',#3660,.F.);
#3660 = EDGE_LOOP('',(#3661,#3662,#3663,#3664,#3665,#3666));
#3661 = ORIENTED_EDGE('',*,*,#2968,.T.);
#3662 = ORIENTED_EDGE('',*,*,#3001,.T.);
#3663 = ORIENTED_EDGE('',*,*,#3609,.F.);
#3664 = ORIENTED_EDGE('',*,*,#3567,.F.);
#3665 = ORIENTED_EDGE('',*,*,#3595,.F.);
#3666 = ORIENTED_EDGE('',*,*,#3127,.T.);
#3667 = PLANE('',#3668);
#3668 = AXIS2_PLACEMENT_3D('',#3669,#3670,#3671);
#3669 = CARTESIAN_POINT('',(-8.388636381251E-17,28.,0.));
#3670 = DIRECTION('',(1.,5.991883129465E-18,0.));
#3671 = DIRECTION('',(5.991883129465E-18,-1.,0.));
#3672 = ADVANCED_FACE('',(#3673),#3706,.F.);
#3673 = FACE_BOUND('',#3674,.F.);
#3674 = EDGE_LOOP('',(#3675,#3683,#3684,#3692,#3700));
#3675 = ORIENTED_EDGE('',*,*,#3676,.F.);
#3676 = EDGE_CURVE('',#3046,#3677,#3679,.T.);
#3677 = VERTEX_POINT('',#3678);
#3678 = CARTESIAN_POINT('',(1.,27.464816241512,5.7));
#3679 = LINE('',#3680,#3681);
#3680 = CARTESIAN_POINT('',(1.,27.464816241512,10.));
#3681 = VECTOR('',#3682,1.);
#3682 = DIRECTION('',(-0.,-0.,-1.));
#3683 = ORIENTED_EDGE('',*,*,#3043,.F.);
#3684 = ORIENTED_EDGE('',*,*,#3685,.T.);
#3685 = EDGE_CURVE('',#3044,#3686,#3688,.T.);
#3686 = VERTEX_POINT('',#3687);
#3687 = CARTESIAN_POINT('',(21.302775637732,41.,2.));
#3688 = LINE('',#3689,#3690);
#3689 = CARTESIAN_POINT('',(21.302775637732,41.,10.));
#3690 = VECTOR('',#3691,1.);
#3691 = DIRECTION('',(-0.,-0.,-1.));
#3692 = ORIENTED_EDGE('',*,*,#3693,.F.);
#3693 = EDGE_CURVE('',#3694,#3686,#3696,.T.);
#3694 = VERTEX_POINT('',#3695);
#3695 = CARTESIAN_POINT('',(15.9,37.398149574845,2.));
#3696 = LINE('',#3697,#3698);
#3697 = CARTESIAN_POINT('',(24.197968686209,42.930128698985,2.));
#3698 = VECTOR('',#3699,1.);
#3699 = DIRECTION('',(0.832050294338,0.554700196225,0.));
#3700 = ORIENTED_EDGE('',*,*,#3701,.F.);
#3701 = EDGE_CURVE('',#3677,#3694,#3702,.T.);
#3702 = LINE('',#3703,#3704);
#3703 = CARTESIAN_POINT('',(10.145453422676,33.561785189962,
    3.428981364839));
#3704 = VECTOR('',#3705,1.);
#3705 = DIRECTION('',(0.814839163448,0.543226108965,-0.202342611058));
#3706 = PLANE('',#3707);
#3707 = AXIS2_PLACEMENT_3D('',#3708,#3709,#3710);
#3708 = CARTESIAN_POINT('',(21.302775637732,41.,10.));
#3709 = DIRECTION('',(-0.554700196225,0.832050294338,0.));
#3710 = DIRECTION('',(-0.832050294338,-0.554700196225,0.));
#3711 = ADVANCED_FACE('',(#3712),#3730,.F.);
#3712 = FACE_BOUND('',#3713,.F.);
#3713 = EDGE_LOOP('',(#3714,#3722,#3723,#3724));
#3714 = ORIENTED_EDGE('',*,*,#3715,.F.);
#3715 = EDGE_CURVE('',#3094,#3716,#3718,.T.);
#3716 = VERTEX_POINT('',#3717);
#3717 = CARTESIAN_POINT('',(1.,14.535183758488,5.7));
#3718 = LINE('',#3719,#3720);
#3719 = CARTESIAN_POINT('',(1.,14.535183758488,10.));
#3720 = VECTOR('',#3721,1.);
#3721 = DIRECTION('',(-0.,-0.,-1.));
#3722 = ORIENTED_EDGE('',*,*,#3101,.F.);
#3723 = ORIENTED_EDGE('',*,*,#3676,.T.);
#3724 = ORIENTED_EDGE('',*,*,#3725,.F.);
#3725 = EDGE_CURVE('',#3716,#3677,#3726,.T.);
#3726 = LINE('',#3727,#3728);
#3727 = CARTESIAN_POINT('',(1.,14.535183758488,5.7));
#3728 = VECTOR('',#3729,1.);
#3729 = DIRECTION('',(-1.71733114005E-17,1.,0.));
#3730 = PLANE('',#3731);
#3731 = AXIS2_PLACEMENT_3D('',#3732,#3733,#3734);
#3732 = CARTESIAN_POINT('',(1.,27.464816241512,10.));
#3733 = DIRECTION('',(-1.,-1.71733114005E-17,0.));
#3734 = DIRECTION('',(1.71733114005E-17,-1.,0.));
#3735 = ADVANCED_FACE('',(#3736),#3762,.F.);
#3736 = FACE_BOUND('',#3737,.F.);
#3737 = EDGE_LOOP('',(#3738,#3748,#3754,#3755,#3756));
#3738 = ORIENTED_EDGE('',*,*,#3739,.F.);
#3739 = EDGE_CURVE('',#3740,#3742,#3744,.T.);
#3740 = VERTEX_POINT('',#3741);
#3741 = CARTESIAN_POINT('',(21.302775637732,1.,2.));
#3742 = VERTEX_POINT('',#3743);
#3743 = CARTESIAN_POINT('',(15.9,4.601850425155,2.));
#3744 = LINE('',#3745,#3746);
#3745 = CARTESIAN_POINT('',(14.046580867343,5.837463180259,2.));
#3746 = VECTOR('',#3747,1.);
#3747 = DIRECTION('',(-0.832050294338,0.554700196225,0.));
#3748 = ORIENTED_EDGE('',*,*,#3749,.F.);
#3749 = EDGE_CURVE('',#3086,#3740,#3750,.T.);
#3750 = LINE('',#3751,#3752);
#3751 = CARTESIAN_POINT('',(21.302775637732,1.,10.));
#3752 = VECTOR('',#3753,1.);
#3753 = DIRECTION('',(-0.,-0.,-1.));
#3754 = ORIENTED_EDGE('',*,*,#3093,.F.);
#3755 = ORIENTED_EDGE('',*,*,#3715,.T.);
#3756 = ORIENTED_EDGE('',*,*,#3757,.T.);
#3757 = EDGE_CURVE('',#3716,#3742,#3758,.T.);
#3758 = LINE('',#3759,#3760);
#3759 = CARTESIAN_POINT('',(3.271287724219,13.020991942342,
    5.135988954389));
#3760 = VECTOR('',#3761,1.);
#3761 = DIRECTION('',(0.814839163448,-0.543226108965,-0.202342611058));
#3762 = PLANE('',#3763);
#3763 = AXIS2_PLACEMENT_3D('',#3764,#3765,#3766);
#3764 = CARTESIAN_POINT('',(1.,14.535183758488,10.));
#3765 = DIRECTION('',(-0.554700196225,-0.832050294338,0.));
#3766 = DIRECTION('',(0.832050294338,-0.554700196225,0.));
#3767 = ADVANCED_FACE('',(#3768),#3786,.F.);
#3768 = FACE_BOUND('',#3769,.F.);
#3769 = EDGE_LOOP('',(#3770,#3771,#3772,#3780));
#3770 = ORIENTED_EDGE('',*,*,#3085,.F.);
#3771 = ORIENTED_EDGE('',*,*,#3749,.T.);
#3772 = ORIENTED_EDGE('',*,*,#3773,.F.);
#3773 = EDGE_CURVE('',#3774,#3740,#3776,.T.);
#3774 = VERTEX_POINT('',#3775);
#3775 = CARTESIAN_POINT('',(64.697224362268,1.,2.));
#3776 = LINE('',#3777,#3778);
#3777 = CARTESIAN_POINT('',(32.151387818866,1.,2.));
#3778 = VECTOR('',#3779,1.);
#3779 = DIRECTION('',(-1.,6.651956526396E-17,0.));
#3780 = ORIENTED_EDGE('',*,*,#3781,.F.);
#3781 = EDGE_CURVE('',#3078,#3774,#3782,.T.);
#3782 = LINE('',#3783,#3784);
#3783 = CARTESIAN_POINT('',(64.697224362268,1.,10.));
#3784 = VECTOR('',#3785,1.);
#3785 = DIRECTION('',(-0.,-0.,-1.));
#3786 = PLANE('',#3787);
#3787 = AXIS2_PLACEMENT_3D('',#3788,#3789,#3790);
#3788 = CARTESIAN_POINT('',(21.302775637732,1.,10.));
#3789 = DIRECTION('',(-6.651956526396E-17,-1.,0.));
#3790 = DIRECTION('',(1.,-6.651956526396E-17,0.));
#3791 = ADVANCED_FACE('',(#3792),#3818,.T.);
#3792 = FACE_BOUND('',#3793,.T.);
#3793 = EDGE_LOOP('',(#3794,#3802,#3803,#3804,#3812));
#3794 = ORIENTED_EDGE('',*,*,#3795,.F.);
#3795 = EDGE_CURVE('',#3774,#3796,#3798,.T.);
#3796 = VERTEX_POINT('',#3797);
#3797 = CARTESIAN_POINT('',(70.1,4.601850425155,2.));
#3798 = LINE('',#3799,#3800);
#3799 = CARTESIAN_POINT('',(71.953419132657,5.837463180259,2.));
#3800 = VECTOR('',#3801,1.);
#3801 = DIRECTION('',(0.832050294338,0.554700196225,0.));
#3802 = ORIENTED_EDGE('',*,*,#3781,.F.);
#3803 = ORIENTED_EDGE('',*,*,#3077,.F.);
#3804 = ORIENTED_EDGE('',*,*,#3805,.T.);
#3805 = EDGE_CURVE('',#3070,#3806,#3808,.T.);
#3806 = VERTEX_POINT('',#3807);
#3807 = CARTESIAN_POINT('',(85.,14.535183758488,5.7));
#3808 = LINE('',#3809,#3810);
#3809 = CARTESIAN_POINT('',(85.,14.535183758488,10.));
#3810 = VECTOR('',#3811,1.);
#3811 = DIRECTION('',(-0.,-0.,-1.));
#3812 = ORIENTED_EDGE('',*,*,#3813,.T.);
#3813 = EDGE_CURVE('',#3806,#3796,#3814,.T.);
#3814 = LINE('',#3815,#3816);
#3815 = CARTESIAN_POINT('',(82.728712275781,13.020991942342,
    5.135988954389));
#3816 = VECTOR('',#3817,1.);
#3817 = DIRECTION('',(-0.814839163448,-0.543226108965,-0.202342611058));
#3818 = PLANE('',#3819);
#3819 = AXIS2_PLACEMENT_3D('',#3820,#3821,#3822);
#3820 = CARTESIAN_POINT('',(85.,14.535183758488,10.));
#3821 = DIRECTION('',(-0.554700196225,0.832050294338,0.));
#3822 = DIRECTION('',(-0.832050294338,-0.554700196225,0.));
#3823 = ADVANCED_FACE('',(#3824),#3842,.T.);
#3824 = FACE_BOUND('',#3825,.T.);
#3825 = EDGE_LOOP('',(#3826,#3827,#3828,#3836));
#3826 = ORIENTED_EDGE('',*,*,#3805,.F.);
#3827 = ORIENTED_EDGE('',*,*,#3069,.F.);
#3828 = ORIENTED_EDGE('',*,*,#3829,.T.);
#3829 = EDGE_CURVE('',#3062,#3830,#3832,.T.);
#3830 = VERTEX_POINT('',#3831);
#3831 = CARTESIAN_POINT('',(85.,27.464816241512,5.7));
#3832 = LINE('',#3833,#3834);
#3833 = CARTESIAN_POINT('',(85.,27.464816241512,10.));
#3834 = VECTOR('',#3835,1.);
#3835 = DIRECTION('',(-0.,-0.,-1.));
#3836 = ORIENTED_EDGE('',*,*,#3837,.F.);
#3837 = EDGE_CURVE('',#3806,#3830,#3838,.T.);
#3838 = LINE('',#3839,#3840);
#3839 = CARTESIAN_POINT('',(85.,14.535183758488,5.7));
#3840 = VECTOR('',#3841,1.);
#3841 = DIRECTION('',(0.,1.,0.));
#3842 = PLANE('',#3843);
#3843 = AXIS2_PLACEMENT_3D('',#3844,#3845,#3846);
#3844 = CARTESIAN_POINT('',(85.,27.464816241512,10.));
#3845 = DIRECTION('',(-1.,0.,0.));
#3846 = DIRECTION('',(0.,-1.,0.));
#3847 = ADVANCED_FACE('',(#3848),#3874,.T.);
#3848 = FACE_BOUND('',#3849,.T.);
#3849 = EDGE_LOOP('',(#3850,#3851,#3852,#3860,#3868));
#3850 = ORIENTED_EDGE('',*,*,#3829,.F.);
#3851 = ORIENTED_EDGE('',*,*,#3061,.F.);
#3852 = ORIENTED_EDGE('',*,*,#3853,.T.);
#3853 = EDGE_CURVE('',#3054,#3854,#3856,.T.);
#3854 = VERTEX_POINT('',#3855);
#3855 = CARTESIAN_POINT('',(64.697224362268,41.,2.));
#3856 = LINE('',#3857,#3858);
#3857 = CARTESIAN_POINT('',(64.697224362268,41.,10.));
#3858 = VECTOR('',#3859,1.);
#3859 = DIRECTION('',(-0.,-0.,-1.));
#3860 = ORIENTED_EDGE('',*,*,#3861,.F.);
#3861 = EDGE_CURVE('',#3862,#3854,#3864,.T.);
#3862 = VERTEX_POINT('',#3863);
#3863 = CARTESIAN_POINT('',(70.1,37.398149574845,2.));
#3864 = LINE('',#3865,#3866);
#3865 = CARTESIAN_POINT('',(61.802031313791,42.930128698985,2.));
#3866 = VECTOR('',#3867,1.);
#3867 = DIRECTION('',(-0.832050294338,0.554700196225,0.));
#3868 = ORIENTED_EDGE('',*,*,#3869,.F.);
#3869 = EDGE_CURVE('',#3830,#3862,#3870,.T.);
#3870 = LINE('',#3871,#3872);
#3871 = CARTESIAN_POINT('',(75.854546577324,33.561785189962,
    3.428981364839));
#3872 = VECTOR('',#3873,1.);
#3873 = DIRECTION('',(-0.814839163448,0.543226108965,-0.202342611058));
#3874 = PLANE('',#3875);
#3875 = AXIS2_PLACEMENT_3D('',#3876,#3877,#3878);
#3876 = CARTESIAN_POINT('',(64.697224362268,41.,10.));
#3877 = DIRECTION('',(-0.554700196225,-0.832050294338,0.));
#3878 = DIRECTION('',(0.832050294338,-0.554700196225,0.));
#3879 = ADVANCED_FACE('',(#3880),#3891,.T.);
#3880 = FACE_BOUND('',#3881,.T.);
#3881 = EDGE_LOOP('',(#3882,#3883,#3884,#3890));
#3882 = ORIENTED_EDGE('',*,*,#3053,.F.);
#3883 = ORIENTED_EDGE('',*,*,#3685,.T.);
#3884 = ORIENTED_EDGE('',*,*,#3885,.F.);
#3885 = EDGE_CURVE('',#3854,#3686,#3886,.T.);
#3886 = LINE('',#3887,#3888);
#3887 = CARTESIAN_POINT('',(32.151387818866,41.,2.));
#3888 = VECTOR('',#3889,1.);
#3889 = DIRECTION('',(-1.,0.,0.));
#3890 = ORIENTED_EDGE('',*,*,#3853,.F.);
#3891 = PLANE('',#3892);
#3892 = AXIS2_PLACEMENT_3D('',#3893,#3894,#3895);
#3893 = CARTESIAN_POINT('',(21.302775637732,41.,10.));
#3894 = DIRECTION('',(0.,-1.,0.));
#3895 = DIRECTION('',(1.,0.,0.));
#3896 = ADVANCED_FACE('',(#3897),#3908,.T.);
#3897 = FACE_BOUND('',#3898,.F.);
#3898 = EDGE_LOOP('',(#3899,#3900,#3901,#3902));
#3899 = ORIENTED_EDGE('',*,*,#3757,.F.);
#3900 = ORIENTED_EDGE('',*,*,#3725,.T.);
#3901 = ORIENTED_EDGE('',*,*,#3701,.T.);
#3902 = ORIENTED_EDGE('',*,*,#3903,.F.);
#3903 = EDGE_CURVE('',#3742,#3694,#3904,.T.);
#3904 = LINE('',#3905,#3906);
#3905 = CARTESIAN_POINT('',(15.9,14.535183758488,2.));
#3906 = VECTOR('',#3907,1.);
#3907 = DIRECTION('',(-1.71733114005E-17,1.,0.));
#3908 = PLANE('',#3909);
#3909 = AXIS2_PLACEMENT_3D('',#3910,#3911,#3912);
#3910 = CARTESIAN_POINT('',(8.45,14.535183758488,3.85));
#3911 = DIRECTION('',(0.241002713716,1.459487257923E-18,0.970524441723)
  );
#3912 = DIRECTION('',(1.652758622783E-17,-1.,-2.600352722377E-18));
#3913 = ADVANCED_FACE('',(#3914,#3929,#3940,#3951,#3962),#3973,.T.);
#3914 = FACE_BOUND('',#3915,.T.);
#3915 = EDGE_LOOP('',(#3916,#3917,#3918,#3919,#3920,#3921,#3927,#3928));
#3916 = ORIENTED_EDGE('',*,*,#3693,.F.);
#3917 = ORIENTED_EDGE('',*,*,#3903,.F.);
#3918 = ORIENTED_EDGE('',*,*,#3739,.F.);
#3919 = ORIENTED_EDGE('',*,*,#3773,.F.);
#3920 = ORIENTED_EDGE('',*,*,#3795,.T.);
#3921 = ORIENTED_EDGE('',*,*,#3922,.T.);
#3922 = EDGE_CURVE('',#3796,#3862,#3923,.T.);
#3923 = LINE('',#3924,#3925);
#3924 = CARTESIAN_POINT('',(70.1,14.535183758488,2.));
#3925 = VECTOR('',#3926,1.);
#3926 = DIRECTION('',(0.,1.,0.));
#3927 = ORIENTED_EDGE('',*,*,#3861,.T.);
#3928 = ORIENTED_EDGE('',*,*,#3885,.T.);
#3929 = FACE_BOUND('',#3930,.T.);
#3930 = EDGE_LOOP('',(#3931));
#3931 = ORIENTED_EDGE('',*,*,#3932,.F.);
#3932 = EDGE_CURVE('',#3933,#3933,#3935,.T.);
#3933 = VERTEX_POINT('',#3934);
#3934 = CARTESIAN_POINT('',(23.390908021,6.960428777898,2.));
#3935 = CIRCLE('',#3936,1.35);
#3936 = AXIS2_PLACEMENT_3D('',#3937,#3938,#3939);
#3937 = CARTESIAN_POINT('',(22.040908021,6.960428777898,2.));
#3938 = DIRECTION('',(0.,0.,1.));
#3939 = DIRECTION('',(1.,0.,0.));
#3940 = FACE_BOUND('',#3941,.T.);
#3941 = EDGE_LOOP('',(#3942));
#3942 = ORIENTED_EDGE('',*,*,#3943,.F.);
#3943 = EDGE_CURVE('',#3944,#3944,#3946,.T.);
#3944 = VERTEX_POINT('',#3945);
#3945 = CARTESIAN_POINT('',(65.390908021,6.970428777898,2.));
#3946 = CIRCLE('',#3947,1.35);
#3947 = AXIS2_PLACEMENT_3D('',#3948,#3949,#3950);
#3948 = CARTESIAN_POINT('',(64.040908021,6.970428777898,2.));
#3949 = DIRECTION('',(0.,0.,1.));
#3950 = DIRECTION('',(1.,0.,0.));
#3951 = FACE_BOUND('',#3952,.T.);
#3952 = EDGE_LOOP('',(#3953));
#3953 = ORIENTED_EDGE('',*,*,#3954,.F.);
#3954 = EDGE_CURVE('',#3955,#3955,#3957,.T.);
#3955 = VERTEX_POINT('',#3956);
#3956 = CARTESIAN_POINT('',(23.390908021,34.940428777898,2.));
#3957 = CIRCLE('',#3958,1.35);
#3958 = AXIS2_PLACEMENT_3D('',#3959,#3960,#3961);
#3959 = CARTESIAN_POINT('',(22.040908021,34.940428777898,2.));
#3960 = DIRECTION('',(0.,0.,1.));
#3961 = DIRECTION('',(1.,0.,0.));
#3962 = FACE_BOUND('',#3963,.T.);
#3963 = EDGE_LOOP('',(#3964));
#3964 = ORIENTED_EDGE('',*,*,#3965,.F.);
#3965 = EDGE_CURVE('',#3966,#3966,#3968,.T.);
#3966 = VERTEX_POINT('',#3967);
#3967 = CARTESIAN_POINT('',(65.390908021,34.940428777898,2.));
#3968 = CIRCLE('',#3969,1.35);
#3969 = AXIS2_PLACEMENT_3D('',#3970,#3971,#3972);
#3970 = CARTESIAN_POINT('',(64.040908021,34.940428777898,2.));
#3971 = DIRECTION('',(0.,0.,1.));
#3972 = DIRECTION('',(1.,0.,0.));
#3973 = PLANE('',#3974);
#3974 = AXIS2_PLACEMENT_3D('',#3975,#3976,#3977);
#3975 = CARTESIAN_POINT('',(43.,21.,2.));
#3976 = DIRECTION('',(0.,0.,1.));
#3977 = DIRECTION('',(1.,0.,0.));
#3978 = ADVANCED_FACE('',(#3979),#3985,.F.);
#3979 = FACE_BOUND('',#3980,.T.);
#3980 = EDGE_LOOP('',(#3981,#3982,#3983,#3984));
#3981 = ORIENTED_EDGE('',*,*,#3813,.F.);
#3982 = ORIENTED_EDGE('',*,*,#3837,.T.);
#3983 = ORIENTED_EDGE('',*,*,#3869,.T.);
#3984 = ORIENTED_EDGE('',*,*,#3922,.F.);
#3985 = PLANE('',#3986);
#3986 = AXIS2_PLACEMENT_3D('',#3987,#3988,#3989);
#3987 = CARTESIAN_POINT('',(77.55,14.535183758488,3.85));
#3988 = DIRECTION('',(0.241002713716,2.520517207973E-17,-0.970524441723)
  );
#3989 = DIRECTION('',(6.074514870903E-18,-1.,-2.44622355612E-17));
#3990 = ADVANCED_FACE('',(#3991),#4010,.T.);
#3991 = FACE_BOUND('',#3992,.F.);
#3992 = EDGE_LOOP('',(#3993,#4001,#4002,#4003));
#3993 = ORIENTED_EDGE('',*,*,#3994,.F.);
#3994 = EDGE_CURVE('',#3933,#3995,#3997,.T.);
#3995 = VERTEX_POINT('',#3996);
#3996 = CARTESIAN_POINT('',(23.390908021,6.960428777898,9.));
#3997 = LINE('',#3998,#3999);
#3998 = CARTESIAN_POINT('',(23.390908021,6.960428777898,2.));
#3999 = VECTOR('',#4000,1.);
#4000 = DIRECTION('',(0.,0.,1.));
#4001 = ORIENTED_EDGE('',*,*,#3932,.F.);
#4002 = ORIENTED_EDGE('',*,*,#3994,.T.);
#4003 = ORIENTED_EDGE('',*,*,#4004,.F.);
#4004 = EDGE_CURVE('',#3995,#3995,#4005,.T.);
#4005 = CIRCLE('',#4006,1.35);
#4006 = AXIS2_PLACEMENT_3D('',#4007,#4008,#4009);
#4007 = CARTESIAN_POINT('',(22.040908021,6.960428777898,9.));
#4008 = DIRECTION('',(0.,0.,-1.));
#4009 = DIRECTION('',(1.,0.,0.));
#4010 = CYLINDRICAL_SURFACE('',#4011,1.35);
#4011 = AXIS2_PLACEMENT_3D('',#4012,#4013,#4014);
#4012 = CARTESIAN_POINT('',(22.040908021,6.960428777898,2.));
#4013 = DIRECTION('',(-0.,-0.,-1.));
#4014 = DIRECTION('',(1.,0.,0.));
#4015 = ADVANCED_FACE('',(#4016),#4035,.T.);
#4016 = FACE_BOUND('',#4017,.F.);
#4017 = EDGE_LOOP('',(#4018,#4026,#4027,#4028));
#4018 = ORIENTED_EDGE('',*,*,#4019,.F.);
#4019 = EDGE_CURVE('',#3944,#4020,#4022,.T.);
#4020 = VERTEX_POINT('',#4021);
#4021 = CARTESIAN_POINT('',(65.390908021,6.970428777898,9.));
#4022 = LINE('',#4023,#4024);
#4023 = CARTESIAN_POINT('',(65.390908021,6.970428777898,2.));
#4024 = VECTOR('',#4025,1.);
#4025 = DIRECTION('',(0.,0.,1.));
#4026 = ORIENTED_EDGE('',*,*,#3943,.F.);
#4027 = ORIENTED_EDGE('',*,*,#4019,.T.);
#4028 = ORIENTED_EDGE('',*,*,#4029,.F.);
#4029 = EDGE_CURVE('',#4020,#4020,#4030,.T.);
#4030 = CIRCLE('',#4031,1.35);
#4031 = AXIS2_PLACEMENT_3D('',#4032,#4033,#4034);
#4032 = CARTESIAN_POINT('',(64.040908021,6.970428777898,9.));
#4033 = DIRECTION('',(0.,0.,-1.));
#4034 = DIRECTION('',(1.,0.,0.));
#4035 = CYLINDRICAL_SURFACE('',#4036,1.35);
#4036 = AXIS2_PLACEMENT_3D('',#4037,#4038,#4039);
#4037 = CARTESIAN_POINT('',(64.040908021,6.970428777898,2.));
#4038 = DIRECTION('',(-0.,-0.,-1.));
#4039 = DIRECTION('',(1.,0.,0.));
#4040 = ADVANCED_FACE('',(#4041),#4060,.T.);
#4041 = FACE_BOUND('',#4042,.F.);
#4042 = EDGE_LOOP('',(#4043,#4051,#4052,#4053));
#4043 = ORIENTED_EDGE('',*,*,#4044,.F.);
#4044 = EDGE_CURVE('',#3955,#4045,#4047,.T.);
#4045 = VERTEX_POINT('',#4046);
#4046 = CARTESIAN_POINT('',(23.390908021,34.940428777898,9.));
#4047 = LINE('',#4048,#4049);
#4048 = CARTESIAN_POINT('',(23.390908021,34.940428777898,2.));
#4049 = VECTOR('',#4050,1.);
#4050 = DIRECTION('',(0.,0.,1.));
#4051 = ORIENTED_EDGE('',*,*,#3954,.F.);
#4052 = ORIENTED_EDGE('',*,*,#4044,.T.);
#4053 = ORIENTED_EDGE('',*,*,#4054,.F.);
#4054 = EDGE_CURVE('',#4045,#4045,#4055,.T.);
#4055 = CIRCLE('',#4056,1.35);
#4056 = AXIS2_PLACEMENT_3D('',#4057,#4058,#4059);
#4057 = CARTESIAN_POINT('',(22.040908021,34.940428777898,9.));
#4058 = DIRECTION('',(0.,0.,-1.));
#4059 = DIRECTION('',(1.,0.,0.));
#4060 = CYLINDRICAL_SURFACE('',#4061,1.35);
#4061 = AXIS2_PLACEMENT_3D('',#4062,#4063,#4064);
#4062 = CARTESIAN_POINT('',(22.040908021,34.940428777898,2.));
#4063 = DIRECTION('',(-0.,-0.,-1.));
#4064 = DIRECTION('',(1.,0.,0.));
#4065 = ADVANCED_FACE('',(#4066),#4085,.T.);
#4066 = FACE_BOUND('',#4067,.F.);
#4067 = EDGE_LOOP('',(#4068,#4076,#4077,#4078));
#4068 = ORIENTED_EDGE('',*,*,#4069,.F.);
#4069 = EDGE_CURVE('',#3966,#4070,#4072,.T.);
#4070 = VERTEX_POINT('',#4071);
#4071 = CARTESIAN_POINT('',(65.390908021,34.940428777898,9.));
#4072 = LINE('',#4073,#4074);
#4073 = CARTESIAN_POINT('',(65.390908021,34.940428777898,2.));
#4074 = VECTOR('',#4075,1.);
#4075 = DIRECTION('',(0.,0.,1.));
#4076 = ORIENTED_EDGE('',*,*,#3965,.F.);
#4077 = ORIENTED_EDGE('',*,*,#4069,.T.);
#4078 = ORIENTED_EDGE('',*,*,#4079,.F.);
#4079 = EDGE_CURVE('',#4070,#4070,#4080,.T.);
#4080 = CIRCLE('',#4081,1.35);
#4081 = AXIS2_PLACEMENT_3D('',#4082,#4083,#4084);
#4082 = CARTESIAN_POINT('',(64.040908021,34.940428777898,9.));
#4083 = DIRECTION('',(0.,0.,-1.));
#4084 = DIRECTION('',(1.,0.,0.));
#4085 = CYLINDRICAL_SURFACE('',#4086,1.35);
#4086 = AXIS2_PLACEMENT_3D('',#4087,#4088,#4089);
#4087 = CARTESIAN_POINT('',(64.040908021,34.940428777898,2.));
#4088 = DIRECTION('',(-0.,-0.,-1.));
#4089 = DIRECTION('',(1.,0.,0.));
#4090 = ADVANCED_FACE('',(#4091,#4094),#4105,.T.);
#4091 = FACE_BOUND('',#4092,.T.);
#4092 = EDGE_LOOP('',(#4093));
#4093 = ORIENTED_EDGE('',*,*,#4004,.F.);
#4094 = FACE_BOUND('',#4095,.T.);
#4095 = EDGE_LOOP('',(#4096));
#4096 = ORIENTED_EDGE('',*,*,#4097,.T.);
#4097 = EDGE_CURVE('',#4098,#4098,#4100,.T.);
#4098 = VERTEX_POINT('',#4099);
#4099 = CARTESIAN_POINT('',(22.990908021,6.960428777898,9.));
#4100 = CIRCLE('',#4101,0.95);
#4101 = AXIS2_PLACEMENT_3D('',#4102,#4103,#4104);
#4102 = CARTESIAN_POINT('',(22.040908021,6.960428777898,9.));
#4103 = DIRECTION('',(0.,0.,-1.));
#4104 = DIRECTION('',(1.,0.,0.));
#4105 = PLANE('',#4106);
#4106 = AXIS2_PLACEMENT_3D('',#4107,#4108,#4109);
#4107 = CARTESIAN_POINT('',(43.,21.,9.));
#4108 = DIRECTION('',(0.,0.,1.));
#4109 = DIRECTION('',(1.,0.,0.));
#4110 = ADVANCED_FACE('',(#4111,#4114),#4125,.T.);
#4111 = FACE_BOUND('',#4112,.T.);
#4112 = EDGE_LOOP('',(#4113));
#4113 = ORIENTED_EDGE('',*,*,#4029,.F.);
#4114 = FACE_BOUND('',#4115,.T.);
#4115 = EDGE_LOOP('',(#4116));
#4116 = ORIENTED_EDGE('',*,*,#4117,.T.);
#4117 = EDGE_CURVE('',#4118,#4118,#4120,.T.);
#4118 = VERTEX_POINT('',#4119);
#4119 = CARTESIAN_POINT('',(64.990908021,6.970428777898,9.));
#4120 = CIRCLE('',#4121,0.95);
#4121 = AXIS2_PLACEMENT_3D('',#4122,#4123,#4124);
#4122 = CARTESIAN_POINT('',(64.040908021,6.970428777898,9.));
#4123 = DIRECTION('',(0.,0.,-1.));
#4124 = DIRECTION('',(1.,0.,0.));
#4125 = PLANE('',#4126);
#4126 = AXIS2_PLACEMENT_3D('',#4127,#4128,#4129);
#4127 = CARTESIAN_POINT('',(43.,21.,9.));
#4128 = DIRECTION('',(0.,0.,1.));
#4129 = DIRECTION('',(1.,0.,0.));
#4130 = ADVANCED_FACE('',(#4131,#4134),#4145,.T.);
#4131 = FACE_BOUND('',#4132,.T.);
#4132 = EDGE_LOOP('',(#4133));
#4133 = ORIENTED_EDGE('',*,*,#4054,.F.);
#4134 = FACE_BOUND('',#4135,.T.);
#4135 = EDGE_LOOP('',(#4136));
#4136 = ORIENTED_EDGE('',*,*,#4137,.T.);
#4137 = EDGE_CURVE('',#4138,#4138,#4140,.T.);
#4138 = VERTEX_POINT('',#4139);
#4139 = CARTESIAN_POINT('',(22.990908021,34.940428777898,9.));
#4140 = CIRCLE('',#4141,0.95);
#4141 = AXIS2_PLACEMENT_3D('',#4142,#4143,#4144);
#4142 = CARTESIAN_POINT('',(22.040908021,34.940428777898,9.));
#4143 = DIRECTION('',(0.,0.,-1.));
#4144 = DIRECTION('',(1.,0.,0.));
#4145 = PLANE('',#4146);
#4146 = AXIS2_PLACEMENT_3D('',#4147,#4148,#4149);
#4147 = CARTESIAN_POINT('',(43.,21.,9.));
#4148 = DIRECTION('',(0.,0.,1.));
#4149 = DIRECTION('',(1.,0.,0.));
#4150 = ADVANCED_FACE('',(#4151,#4154),#4165,.T.);
#4151 = FACE_BOUND('',#4152,.T.);
#4152 = EDGE_LOOP('',(#4153));
#4153 = ORIENTED_EDGE('',*,*,#4079,.F.);
#4154 = FACE_BOUND('',#4155,.T.);
#4155 = EDGE_LOOP('',(#4156));
#4156 = ORIENTED_EDGE('',*,*,#4157,.T.);
#4157 = EDGE_CURVE('',#4158,#4158,#4160,.T.);
#4158 = VERTEX_POINT('',#4159);
#4159 = CARTESIAN_POINT('',(64.990908021,34.940428777898,9.));
#4160 = CIRCLE('',#4161,0.95);
#4161 = AXIS2_PLACEMENT_3D('',#4162,#4163,#4164);
#4162 = CARTESIAN_POINT('',(64.040908021,34.940428777898,9.));
#4163 = DIRECTION('',(0.,0.,-1.));
#4164 = DIRECTION('',(1.,0.,0.));
#4165 = PLANE('',#4166);
#4166 = AXIS2_PLACEMENT_3D('',#4167,#4168,#4169);
#4167 = CARTESIAN_POINT('',(43.,21.,9.));
#4168 = DIRECTION('',(0.,0.,1.));
#4169 = DIRECTION('',(1.,0.,0.));
#4170 = ADVANCED_FACE('',(#4171),#4190,.F.);
#4171 = FACE_BOUND('',#4172,.T.);
#4172 = EDGE_LOOP('',(#4173,#4181,#4188,#4189));
#4173 = ORIENTED_EDGE('',*,*,#4174,.F.);
#4174 = EDGE_CURVE('',#4175,#4098,#4177,.T.);
#4175 = VERTEX_POINT('',#4176);
#4176 = CARTESIAN_POINT('',(22.990908021,6.960428777898,2.));
#4177 = LINE('',#4178,#4179);
#4178 = CARTESIAN_POINT('',(22.990908021,6.960428777898,2.));
#4179 = VECTOR('',#4180,1.);
#4180 = DIRECTION('',(0.,0.,1.));
#4181 = ORIENTED_EDGE('',*,*,#4182,.F.);
#4182 = EDGE_CURVE('',#4175,#4175,#4183,.T.);
#4183 = CIRCLE('',#4184,0.95);
#4184 = AXIS2_PLACEMENT_3D('',#4185,#4186,#4187);
#4185 = CARTESIAN_POINT('',(22.040908021,6.960428777898,2.));
#4186 = DIRECTION('',(0.,0.,1.));
#4187 = DIRECTION('',(1.,0.,0.));
#4188 = ORIENTED_EDGE('',*,*,#4174,.T.);
#4189 = ORIENTED_EDGE('',*,*,#4097,.F.);
#4190 = CYLINDRICAL_SURFACE('',#4191,0.95);
#4191 = AXIS2_PLACEMENT_3D('',#4192,#4193,#4194);
#4192 = CARTESIAN_POINT('',(22.040908021,6.960428777898,2.));
#4193 = DIRECTION('',(-0.,-0.,-1.));
#4194 = DIRECTION('',(1.,0.,0.));
#4195 = ADVANCED_FACE('',(#4196),#4215,.F.);
#4196 = FACE_BOUND('',#4197,.T.);
#4197 = EDGE_LOOP('',(#4198,#4206,#4213,#4214));
#4198 = ORIENTED_EDGE('',*,*,#4199,.F.);
#4199 = EDGE_CURVE('',#4200,#4118,#4202,.T.);
#4200 = VERTEX_POINT('',#4201);
#4201 = CARTESIAN_POINT('',(64.990908021,6.970428777898,2.));
#4202 = LINE('',#4203,#4204);
#4203 = CARTESIAN_POINT('',(64.990908021,6.970428777898,2.));
#4204 = VECTOR('',#4205,1.);
#4205 = DIRECTION('',(0.,0.,1.));
#4206 = ORIENTED_EDGE('',*,*,#4207,.F.);
#4207 = EDGE_CURVE('',#4200,#4200,#4208,.T.);
#4208 = CIRCLE('',#4209,0.95);
#4209 = AXIS2_PLACEMENT_3D('',#4210,#4211,#4212);
#4210 = CARTESIAN_POINT('',(64.040908021,6.970428777898,2.));
#4211 = DIRECTION('',(0.,0.,1.));
#4212 = DIRECTION('',(1.,0.,0.));
#4213 = ORIENTED_EDGE('',*,*,#4199,.T.);
#4214 = ORIENTED_EDGE('',*,*,#4117,.F.);
#4215 = CYLINDRICAL_SURFACE('',#4216,0.95);
#4216 = AXIS2_PLACEMENT_3D('',#4217,#4218,#4219);
#4217 = CARTESIAN_POINT('',(64.040908021,6.970428777898,2.));
#4218 = DIRECTION('',(-0.,-0.,-1.));
#4219 = DIRECTION('',(1.,0.,0.));
#4220 = ADVANCED_FACE('',(#4221),#4240,.F.);
#4221 = FACE_BOUND('',#4222,.T.);
#4222 = EDGE_LOOP('',(#4223,#4231,#4238,#4239));
#4223 = ORIENTED_EDGE('',*,*,#4224,.F.);
#4224 = EDGE_CURVE('',#4225,#4138,#4227,.T.);
#4225 = VERTEX_POINT('',#4226);
#4226 = CARTESIAN_POINT('',(22.990908021,34.940428777898,2.));
#4227 = LINE('',#4228,#4229);
#4228 = CARTESIAN_POINT('',(22.990908021,34.940428777898,2.));
#4229 = VECTOR('',#4230,1.);
#4230 = DIRECTION('',(0.,0.,1.));
#4231 = ORIENTED_EDGE('',*,*,#4232,.F.);
#4232 = EDGE_CURVE('',#4225,#4225,#4233,.T.);
#4233 = CIRCLE('',#4234,0.95);
#4234 = AXIS2_PLACEMENT_3D('',#4235,#4236,#4237);
#4235 = CARTESIAN_POINT('',(22.040908021,34.940428777898,2.));
#4236 = DIRECTION('',(0.,0.,1.));
#4237 = DIRECTION('',(1.,0.,0.));
#4238 = ORIENTED_EDGE('',*,*,#4224,.T.);
#4239 = ORIENTED_EDGE('',*,*,#4137,.F.);
#4240 = CYLINDRICAL_SURFACE('',#4241,0.95);
#4241 = AXIS2_PLACEMENT_3D('',#4242,#4243,#4244);
#4242 = CARTESIAN_POINT('',(22.040908021,34.940428777898,2.));
#4243 = DIRECTION('',(-0.,-0.,-1.));
#4244 = DIRECTION('',(1.,0.,0.));
#4245 = ADVANCED_FACE('',(#4246),#4265,.F.);
#4246 = FACE_BOUND('',#4247,.T.);
#4247 = EDGE_LOOP('',(#4248,#4256,#4263,#4264));
#4248 = ORIENTED_EDGE('',*,*,#4249,.F.);
#4249 = EDGE_CURVE('',#4250,#4158,#4252,.T.);
#4250 = VERTEX_POINT('',#4251);
#4251 = CARTESIAN_POINT('',(64.990908021,34.940428777898,2.));
#4252 = LINE('',#4253,#4254);
#4253 = CARTESIAN_POINT('',(64.990908021,34.940428777898,2.));
#4254 = VECTOR('',#4255,1.);
#4255 = DIRECTION('',(0.,0.,1.));
#4256 = ORIENTED_EDGE('',*,*,#4257,.F.);
#4257 = EDGE_CURVE('',#4250,#4250,#4258,.T.);
#4258 = CIRCLE('',#4259,0.95);
#4259 = AXIS2_PLACEMENT_3D('',#4260,#4261,#4262);
#4260 = CARTESIAN_POINT('',(64.040908021,34.940428777898,2.));
#4261 = DIRECTION('',(0.,0.,1.));
#4262 = DIRECTION('',(1.,0.,0.));
#4263 = ORIENTED_EDGE('',*,*,#4249,.T.);
#4264 = ORIENTED_EDGE('',*,*,#4157,.F.);
#4265 = CYLINDRICAL_SURFACE('',#4266,0.95);
#4266 = AXIS2_PLACEMENT_3D('',#4267,#4268,#4269);
#4267 = CARTESIAN_POINT('',(64.040908021,34.940428777898,2.));
#4268 = DIRECTION('',(-0.,-0.,-1.));
#4269 = DIRECTION('',(1.,0.,0.));
#4270 = ADVANCED_FACE('',(#4271),#4274,.T.);
#4271 = FACE_BOUND('',#4272,.T.);
#4272 = EDGE_LOOP('',(#4273));
#4273 = ORIENTED_EDGE('',*,*,#4182,.T.);
#4274 = PLANE('',#4275);
#4275 = AXIS2_PLACEMENT_3D('',#4276,#4277,#4278);
#4276 = CARTESIAN_POINT('',(43.,21.,2.));
#4277 = DIRECTION('',(0.,0.,1.));
#4278 = DIRECTION('',(1.,0.,0.));
#4279 = ADVANCED_FACE('',(#4280),#4283,.T.);
#4280 = FACE_BOUND('',#4281,.T.);
#4281 = EDGE_LOOP('',(#4282));
#4282 = ORIENTED_EDGE('',*,*,#4207,.T.);
#4283 = PLANE('',#4284);
#4284 = AXIS2_PLACEMENT_3D('',#4285,#4286,#4287);
#4285 = CARTESIAN_POINT('',(43.,21.,2.));
#4286 = DIRECTION('',(0.,0.,1.));
#4287 = DIRECTION('',(1.,0.,0.));
#4288 = ADVANCED_FACE('',(#4289),#4292,.T.);
#4289 = FACE_BOUND('',#4290,.T.);
#4290 = EDGE_LOOP('',(#4291));
#4291 = ORIENTED_EDGE('',*,*,#4232,.T.);
#4292 = PLANE('',#4293);
#4293 = AXIS2_PLACEMENT_3D('',#4294,#4295,#4296);
#4294 = CARTESIAN_POINT('',(43.,21.,2.));
#4295 = DIRECTION('',(0.,0.,1.));
#4296 = DIRECTION('',(1.,0.,0.));
#4297 = ADVANCED_FACE('',(#4298),#4301,.T.);
#4298 = FACE_BOUND('',#4299,.T.);
#4299 = EDGE_LOOP('',(#4300));
#4300 = ORIENTED_EDGE('',*,*,#4257,.T.);
#4301 = PLANE('',#4302);
#4302 = AXIS2_PLACEMENT_3D('',#4303,#4304,#4305);
#4303 = CARTESIAN_POINT('',(43.,21.,2.));
#4304 = DIRECTION('',(0.,0.,1.));
#4305 = DIRECTION('',(1.,0.,0.));
#4306 = ( GEOMETRIC_REPRESENTATION_CONTEXT(3) 
GLOBAL_UNCERTAINTY_ASSIGNED_CONTEXT((#4310)) 
GLOBAL_UNIT_ASSIGNED_CONTEXT((#4307,#4308,#4309)) REPRESENTATION_CONTEXT
('Context #1','3D Context with UNIT and UNCERTAINTY') );
#4307 = ( LENGTH_UNIT() NAMED_UNIT(*) SI_UNIT(.MILLI.,.METRE.) );
#4308 = ( NAMED_UNIT(*) PLANE_ANGLE_UNIT() SI_UNIT($,.RADIAN.) );
#4309 = ( NAMED_UNIT(*) SI_UNIT($,.STERADIAN.) SOLID_ANGLE_UNIT() );
#4310 = UNCERTAINTY_MEASURE_WITH_UNIT(LENGTH_MEASURE(1.E-05),#4307,
  'distance_accuracy_value','confusion accuracy');
#4311 = CONTEXT_DEPENDENT_SHAPE_REPRESENTATION(#4312,#4314);
#4312 = ( REPRESENTATION_RELATIONSHIP('','',#2083,#10) 
REPRESENTATION_RELATIONSHIP_WITH_TRANSFORMATION(#4313) 
SHAPE_REPRESENTATION_RELATIONSHIP() );
#4313 = ITEM_DEFINED_TRANSFORMATION('','',#11,#19);
#4314 = PRODUCT_DEFINITION_SHAPE('Placement','Placement of an item',
  #4315);
#4315 = NEXT_ASSEMBLY_USAGE_OCCURRENCE('2','Top','',#5,#2078,$);
#4316 = PRODUCT_RELATED_PRODUCT_CATEGORY('part',$,(#2080));
#4317 = MECHANICAL_DESIGN_GEOMETRIC_PRESENTATION_REPRESENTATION('',(
    #4318),#2065);
#4318 = STYLED_ITEM('color',(#4319),#37);
#4319 = PRESENTATION_STYLE_ASSIGNMENT((#4320,#4326));
#4320 = SURFACE_STYLE_USAGE(.BOTH.,#4321);
#4321 = SURFACE_SIDE_STYLE('',(#4322));
#4322 = SURFACE_STYLE_FILL_AREA(#4323);
#4323 = FILL_AREA_STYLE('',(#4324));
#4324 = FILL_AREA_STYLE_COLOUR('',#4325);
#4325 = COLOUR_RGB('',0.447058818107,0.474509808674,0.501960817233);
#4326 = CURVE_STYLE('',#4327,POSITIVE_LENGTH_MEASURE(0.1),#4328);
#4327 = DRAUGHTING_PRE_DEFINED_CURVE_FONT('continuous');
#4328 = COLOUR_RGB('',9.803921802644E-02,9.803921802644E-02,
  9.803921802644E-02);
#4329 = MECHANICAL_DESIGN_GEOMETRIC_PRESENTATION_REPRESENTATION('',(
    #4330),#4306);
#4330 = STYLED_ITEM('color',(#4331),#2084);
#4331 = PRESENTATION_STYLE_ASSIGNMENT((#4332,#4337));
#4332 = SURFACE_STYLE_USAGE(.BOTH.,#4333);
#4333 = SURFACE_SIDE_STYLE('',(#4334));
#4334 = SURFACE_STYLE_FILL_AREA(#4335);
#4335 = FILL_AREA_STYLE('',(#4336));
#4336 = FILL_AREA_STYLE_COLOUR('',#4325);
#4337 = CURVE_STYLE('',#4338,POSITIVE_LENGTH_MEASURE(0.1),#4328);
#4338 = DRAUGHTING_PRE_DEFINED_CURVE_FONT('continuous');
ENDSEC;
END-ISO-10303-21;
