ISO-10303-21;
HEADER;
FILE_DESCRIPTION(('FreeCAD Model'),'2;1');
FILE_NAME('Open CASCADE Shape Model','2026-08-04T14:22:09',(''),(''),
  'Open CASCADE STEP processor 7.8','FreeCAD','Unknown');
FILE_SCHEMA(('AUTOMOTIVE_DESIGN { 1 0 10303 214 1 1 1 1 }'));
ENDSEC;
DATA;
#1 = APPLICATION_PROTOCOL_DEFINITION('international standard',
  'automotive_design',2000,#2);
#2 = APPLICATION_CONTEXT(
  'core data for automotive mechanical design processes');
#3 = SHAPE_DEFINITION_REPRESENTATION(#4,#10);
#4 = PRODUCT_DEFINITION_SHAPE('','',#5);
#5 = PRODUCT_DEFINITION('design','',#6,#9);
#6 = PRODUCT_DEFINITION_FORMATION('','',#7);
#7 = PRODUCT('Casing','Casing','',(#8));
#8 = PRODUCT_CONTEXT('',#2,'mechanical');
#9 = PRODUCT_DEFINITION_CONTEXT('part definition',#2,'design');
#10 = SHAPE_REPRESENTATION('',(#11,#15,#19),#23);
#11 = AXIS2_PLACEMENT_3D('',#12,#13,#14);
#12 = CARTESIAN_POINT('',(0.,0.,0.));
#13 = DIRECTION('',(0.,0.,1.));
#14 = DIRECTION('',(1.,0.,-0.));
#15 = AXIS2_PLACEMENT_3D('',#16,#17,#18);
#16 = CARTESIAN_POINT('',(0.,0.,0.));
#17 = DIRECTION('',(0.,0.,1.));
#18 = DIRECTION('',(1.,0.,0.));
#19 = AXIS2_PLACEMENT_3D('',#20,#21,#22);
#20 = CARTESIAN_POINT('',(0.,0.,0.));
#21 = DIRECTION('',(0.,0.,1.));
#22 = DIRECTION('',(1.,0.,0.));
#23 = ( GEOMETRIC_REPRESENTATION_CONTEXT(3) 
GLOBAL_UNCERTAINTY_ASSIGNED_CONTEXT((#27)) GLOBAL_UNIT_ASSIGNED_CONTEXT(
(#24,#25,#26)) REPRESENTATION_CONTEXT('Context #1',
  '3D Context with UNIT and UNCERTAINTY') );
#24 = ( LENGTH_UNIT() NAMED_UNIT(*) SI_UNIT(.MILLI.,.METRE.) );
#25 = ( NAMED_UNIT(*) PLANE_ANGLE_UNIT() SI_UNIT($,.RADIAN.) );
#26 = ( NAMED_UNIT(*) SI_UNIT($,.STERADIAN.) SOLID_ANGLE_UNIT() );
#27 = UNCERTAINTY_MEASURE_WITH_UNIT(LENGTH_MEASURE(1.E-04),#24,
  'distance_accuracy_value','confusion accuracy');
#28 = PRODUCT_RELATED_PRODUCT_CATEGORY('part',$,(#7));
#29 = SHAPE_DEFINITION_REPRESENTATION(#30,#36);
#30 = PRODUCT_DEFINITION_SHAPE('','',#31);
#31 = PRODUCT_DEFINITION('design','',#32,#35);
#32 = PRODUCT_DEFINITION_FORMATION('','',#33);
#33 = PRODUCT('Top Case','Top Case','',(#34));
#34 = PRODUCT_CONTEXT('',#2,'mechanical');
#35 = PRODUCT_DEFINITION_CONTEXT('part definition',#2,'design');
#36 = ADVANCED_BREP_SHAPE_REPRESENTATION('',(#11,#37),#3043);
#37 = MANIFOLD_SOLID_BREP('',#38);
#38 = CLOSED_SHELL('',(#39,#67,#93,#118,#143,#419,#428,#460,#485,#510,
    #535,#559,#584,#609,#644,#669,#694,#719,#744,#769,#794,#819,#854,
    #879,#904,#929,#953,#978,#1003,#1028,#1046,#1071,#1096,#1121,#1277,
    #1297,#1317,#1337,#1368,#1400,#1432,#1470,#1508,#1543,#1578,#1616,
    #1654,#1686,#1718,#1735,#1761,#1787,#1813,#1932,#2009,#2096,#2169,
    #2242,#2276,#2294,#2320,#2346,#2551,#2714,#2808,#2902,#2919,#2944,
    #2969,#2994,#3016,#3025,#3034));
#39 = ADVANCED_FACE('',(#40,#51),#62,.F.);
#40 = FACE_BOUND('',#41,.F.);
#41 = EDGE_LOOP('',(#42));
#42 = ORIENTED_EDGE('',*,*,#43,.F.);
#43 = EDGE_CURVE('',#44,#44,#46,.T.);
#44 = VERTEX_POINT('',#45);
#45 = CARTESIAN_POINT('',(164.83,-113.52,0.7012));
#46 = CIRCLE('',#47,0.9);
#47 = AXIS2_PLACEMENT_3D('',#48,#49,#50);
#48 = CARTESIAN_POINT('',(163.93,-113.52,0.7012));
#49 = DIRECTION('',(0.,0.,1.));
#50 = DIRECTION('',(1.,0.,0.));
#51 = FACE_BOUND('',#52,.F.);
#52 = EDGE_LOOP('',(#53));
#53 = ORIENTED_EDGE('',*,*,#54,.T.);
#54 = EDGE_CURVE('',#55,#55,#57,.T.);
#55 = VERTEX_POINT('',#56);
#56 = CARTESIAN_POINT('',(165.23,-113.52,0.7012));
#57 = CIRCLE('',#58,1.3);
#58 = AXIS2_PLACEMENT_3D('',#59,#60,#61);
#59 = CARTESIAN_POINT('',(163.93,-113.52,0.7012));
#60 = DIRECTION('',(-0.,1.224646799147E-16,1.));
#61 = DIRECTION('',(1.,0.,0.));
#62 = PLANE('',#63);
#63 = AXIS2_PLACEMENT_3D('',#64,#65,#66);
#64 = CARTESIAN_POINT('',(0.,0.,0.7012));
#65 = DIRECTION('',(0.,0.,1.));
#66 = DIRECTION('',(1.,0.,0.));
#67 = ADVANCED_FACE('',(#68),#88,.T.);
#68 = FACE_BOUND('',#69,.F.);
#69 = EDGE_LOOP('',(#70,#79,#80,#81));
#70 = ORIENTED_EDGE('',*,*,#71,.F.);
#71 = EDGE_CURVE('',#44,#72,#74,.T.);
#72 = VERTEX_POINT('',#73);
#73 = CARTESIAN_POINT('',(164.43,-113.52,1.1012));
#74 = CIRCLE('',#75,0.4);
#75 = AXIS2_PLACEMENT_3D('',#76,#77,#78);
#76 = CARTESIAN_POINT('',(164.83,-113.52,1.1012));
#77 = DIRECTION('',(-0.,1.,0.));
#78 = DIRECTION('',(1.,0.,0.));
#79 = ORIENTED_EDGE('',*,*,#43,.F.);
#80 = ORIENTED_EDGE('',*,*,#71,.T.);
#81 = ORIENTED_EDGE('',*,*,#82,.T.);
#82 = EDGE_CURVE('',#72,#72,#83,.T.);
#83 = CIRCLE('',#84,0.5);
#84 = AXIS2_PLACEMENT_3D('',#85,#86,#87);
#85 = CARTESIAN_POINT('',(163.93,-113.52,1.1012));
#86 = DIRECTION('',(0.,0.,1.));
#87 = DIRECTION('',(1.,0.,0.));
#88 = TOROIDAL_SURFACE('',#89,0.9,0.4);
#89 = AXIS2_PLACEMENT_3D('',#90,#91,#92);
#90 = CARTESIAN_POINT('',(163.93,-113.52,1.1012));
#91 = DIRECTION('',(-0.,-0.,-1.));
#92 = DIRECTION('',(1.,0.,0.));
#93 = ADVANCED_FACE('',(#94),#113,.T.);
#94 = FACE_BOUND('',#95,.F.);
#95 = EDGE_LOOP('',(#96,#104,#111,#112));
#96 = ORIENTED_EDGE('',*,*,#97,.F.);
#97 = EDGE_CURVE('',#98,#55,#100,.T.);
#98 = VERTEX_POINT('',#99);
#99 = CARTESIAN_POINT('',(165.23,-113.52,9.));
#100 = LINE('',#101,#102);
#101 = CARTESIAN_POINT('',(165.23,-113.52,9.));
#102 = VECTOR('',#103,1.);
#103 = DIRECTION('',(0.,-1.224646799147E-16,-1.));
#104 = ORIENTED_EDGE('',*,*,#105,.F.);
#105 = EDGE_CURVE('',#98,#98,#106,.T.);
#106 = CIRCLE('',#107,1.3);
#107 = AXIS2_PLACEMENT_3D('',#108,#109,#110);
#108 = CARTESIAN_POINT('',(163.93,-113.52,9.));
#109 = DIRECTION('',(0.,-1.224646799147E-16,-1.));
#110 = DIRECTION('',(1.,0.,0.));
#111 = ORIENTED_EDGE('',*,*,#97,.T.);
#112 = ORIENTED_EDGE('',*,*,#54,.F.);
#113 = CYLINDRICAL_SURFACE('',#114,1.3);
#114 = AXIS2_PLACEMENT_3D('',#115,#116,#117);
#115 = CARTESIAN_POINT('',(163.93,-113.52,9.));
#116 = DIRECTION('',(0.,1.224646799147E-16,1.));
#117 = DIRECTION('',(1.,0.,0.));
#118 = ADVANCED_FACE('',(#119),#138,.F.);
#119 = FACE_BOUND('',#120,.T.);
#120 = EDGE_LOOP('',(#121,#129,#136,#137));
#121 = ORIENTED_EDGE('',*,*,#122,.F.);
#122 = EDGE_CURVE('',#123,#72,#125,.T.);
#123 = VERTEX_POINT('',#124);
#124 = CARTESIAN_POINT('',(164.43,-113.52,9.));
#125 = LINE('',#126,#127);
#126 = CARTESIAN_POINT('',(164.43,-113.52,9.));
#127 = VECTOR('',#128,1.);
#128 = DIRECTION('',(0.,-1.224646799147E-16,-1.));
#129 = ORIENTED_EDGE('',*,*,#130,.F.);
#130 = EDGE_CURVE('',#123,#123,#131,.T.);
#131 = CIRCLE('',#132,0.5);
#132 = AXIS2_PLACEMENT_3D('',#133,#134,#135);
#133 = CARTESIAN_POINT('',(163.93,-113.52,9.));
#134 = DIRECTION('',(0.,-1.224646799147E-16,-1.));
#135 = DIRECTION('',(1.,0.,0.));
#136 = ORIENTED_EDGE('',*,*,#122,.T.);
#137 = ORIENTED_EDGE('',*,*,#82,.F.);
#138 = CYLINDRICAL_SURFACE('',#139,0.5);
#139 = AXIS2_PLACEMENT_3D('',#140,#141,#142);
#140 = CARTESIAN_POINT('',(163.93,-113.52,9.));
#141 = DIRECTION('',(0.,1.224646799147E-16,1.));
#142 = DIRECTION('',(1.,0.,0.));
#143 = ADVANCED_FACE('',(#144,#378,#381,#392,#403),#414,.F.);
#144 = FACE_BOUND('',#145,.F.);
#145 = EDGE_LOOP('',(#146,#157,#166,#175,#184,#193,#202,#211,#220,#229,
    #238,#247,#255,#264,#273,#282,#291,#300,#309,#318,#327,#336,#345,
    #354,#363,#371));
#146 = ORIENTED_EDGE('',*,*,#147,.F.);
#147 = EDGE_CURVE('',#148,#150,#152,.T.);
#148 = VERTEX_POINT('',#149);
#149 = CARTESIAN_POINT('',(208.21452609575,-113.4474084763,9.));
#150 = VERTEX_POINT('',#151);
#151 = CARTESIAN_POINT('',(206.16451861031,-116.0265537151,9.));
#152 = CIRCLE('',#153,13.890907422051);
#153 = AXIS2_PLACEMENT_3D('',#154,#155,#156);
#154 = CARTESIAN_POINT('',(196.3919632933,-106.1546505762,9.));
#155 = DIRECTION('',(0.,-1.224646799147E-16,-1.));
#156 = DIRECTION('',(1.,0.,0.));
#157 = ORIENTED_EDGE('',*,*,#158,.T.);
#158 = EDGE_CURVE('',#148,#159,#161,.T.);
#159 = VERTEX_POINT('',#160);
#160 = CARTESIAN_POINT('',(210.39536224998,-110.6391193819,9.));
#161 = CIRCLE('',#162,16.558512487833);
#162 = AXIS2_PLACEMENT_3D('',#163,#164,#165);
#163 = CARTESIAN_POINT('',(222.30748977729,-122.1406650859,9.));
#164 = DIRECTION('',(0.,-1.224646799147E-16,-1.));
#165 = DIRECTION('',(1.,0.,0.));
#166 = ORIENTED_EDGE('',*,*,#167,.T.);
#167 = EDGE_CURVE('',#159,#168,#170,.T.);
#168 = VERTEX_POINT('',#169);
#169 = CARTESIAN_POINT('',(212.9280368166,-108.659511685,9.));
#170 = CIRCLE('',#171,11.559519093224);
#171 = AXIS2_PLACEMENT_3D('',#172,#173,#174);
#172 = CARTESIAN_POINT('',(218.71123396213,-118.6683633895,9.));
#173 = DIRECTION('',(0.,-1.224646799147E-16,-1.));
#174 = DIRECTION('',(1.,0.,0.));
#175 = ORIENTED_EDGE('',*,*,#176,.T.);
#176 = EDGE_CURVE('',#168,#177,#179,.T.);
#177 = VERTEX_POINT('',#178);
#178 = CARTESIAN_POINT('',(215.75500109775,-107.9628643269,9.));
#179 = CIRCLE('',#180,5.225465478769);
#180 = AXIS2_PLACEMENT_3D('',#181,#182,#183);
#181 = CARTESIAN_POINT('',(215.54232351808,-113.184,9.));
#182 = DIRECTION('',(0.,-1.224646799147E-16,-1.));
#183 = DIRECTION('',(1.,0.,0.));
#184 = ORIENTED_EDGE('',*,*,#185,.F.);
#185 = EDGE_CURVE('',#186,#177,#188,.T.);
#186 = VERTEX_POINT('',#187);
#187 = CARTESIAN_POINT('',(224.32,-99.47,9.));
#188 = CIRCLE('',#189,8.493168086248);
#189 = AXIS2_PLACEMENT_3D('',#190,#191,#192);
#190 = CARTESIAN_POINT('',(215.82683191375,-99.47,9.));
#191 = DIRECTION('',(0.,-1.224646799147E-16,-1.));
#192 = DIRECTION('',(1.,0.,0.));
#193 = ORIENTED_EDGE('',*,*,#194,.F.);
#194 = EDGE_CURVE('',#195,#186,#197,.T.);
#195 = VERTEX_POINT('',#196);
#196 = CARTESIAN_POINT('',(215.75500109775,-90.97713567309,9.));
#197 = CIRCLE('',#198,8.493168086248);
#198 = AXIS2_PLACEMENT_3D('',#199,#200,#201);
#199 = CARTESIAN_POINT('',(215.82683191375,-99.47,9.));
#200 = DIRECTION('',(0.,-1.224646799147E-16,-1.));
#201 = DIRECTION('',(1.,0.,0.));
#202 = ORIENTED_EDGE('',*,*,#203,.T.);
#203 = EDGE_CURVE('',#195,#204,#206,.T.);
#204 = VERTEX_POINT('',#205);
#205 = CARTESIAN_POINT('',(212.9280368166,-90.28048831496,9.));
#206 = CIRCLE('',#207,5.225465478769);
#207 = AXIS2_PLACEMENT_3D('',#208,#209,#210);
#208 = CARTESIAN_POINT('',(215.54232351808,-85.756,9.));
#209 = DIRECTION('',(0.,-1.224646799147E-16,-1.));
#210 = DIRECTION('',(1.,0.,0.));
#211 = ORIENTED_EDGE('',*,*,#212,.T.);
#212 = EDGE_CURVE('',#204,#213,#215,.T.);
#213 = VERTEX_POINT('',#214);
#214 = CARTESIAN_POINT('',(210.39536224998,-88.30088061808,9.));
#215 = CIRCLE('',#216,11.559519093224);
#216 = AXIS2_PLACEMENT_3D('',#217,#218,#219);
#217 = CARTESIAN_POINT('',(218.71123396213,-80.27163661047,9.));
#218 = DIRECTION('',(0.,-1.224646799147E-16,-1.));
#219 = DIRECTION('',(1.,0.,0.));
#220 = ORIENTED_EDGE('',*,*,#221,.T.);
#221 = EDGE_CURVE('',#213,#222,#224,.T.);
#222 = VERTEX_POINT('',#223);
#223 = CARTESIAN_POINT('',(208.21452609575,-85.49259152362,9.));
#224 = CIRCLE('',#225,16.558512487833);
#225 = AXIS2_PLACEMENT_3D('',#226,#227,#228);
#226 = CARTESIAN_POINT('',(222.30748977729,-76.799334914,9.));
#227 = DIRECTION('',(0.,-1.224646799147E-16,-1.));
#228 = DIRECTION('',(1.,0.,0.));
#229 = ORIENTED_EDGE('',*,*,#230,.F.);
#230 = EDGE_CURVE('',#231,#222,#233,.T.);
#231 = VERTEX_POINT('',#232);
#232 = CARTESIAN_POINT('',(206.16451861031,-82.91344628485,9.));
#233 = CIRCLE('',#234,13.890907422051);
#234 = AXIS2_PLACEMENT_3D('',#235,#236,#237);
#235 = CARTESIAN_POINT('',(196.3919632933,-92.78534942376,9.));
#236 = DIRECTION('',(0.,-1.224646799147E-16,-1.));
#237 = DIRECTION('',(1.,0.,0.));
#238 = ORIENTED_EDGE('',*,*,#239,.F.);
#239 = EDGE_CURVE('',#240,#231,#242,.T.);
#240 = VERTEX_POINT('',#241);
#241 = CARTESIAN_POINT('',(203.87044765198,-81.97,9.));
#242 = CIRCLE('',#243,3.260838774302);
#243 = AXIS2_PLACEMENT_3D('',#244,#245,#246);
#244 = CARTESIAN_POINT('',(203.87044765198,-85.2308387743,9.));
#245 = DIRECTION('',(0.,-1.224646799147E-16,-1.));
#246 = DIRECTION('',(1.,0.,0.));
#247 = ORIENTED_EDGE('',*,*,#248,.F.);
#248 = EDGE_CURVE('',#249,#240,#251,.T.);
#249 = VERTEX_POINT('',#250);
#250 = CARTESIAN_POINT('',(165.90955234801,-81.97,9.));
#251 = LINE('',#252,#253);
#252 = CARTESIAN_POINT('',(184.89,-81.97,9.));
#253 = VECTOR('',#254,1.);
#254 = DIRECTION('',(1.,1.497420395532E-15,0.));
#255 = ORIENTED_EDGE('',*,*,#256,.F.);
#256 = EDGE_CURVE('',#257,#249,#259,.T.);
#257 = VERTEX_POINT('',#258);
#258 = CARTESIAN_POINT('',(163.61548138969,-82.91344628485,9.));
#259 = CIRCLE('',#260,3.260838774302);
#260 = AXIS2_PLACEMENT_3D('',#261,#262,#263);
#261 = CARTESIAN_POINT('',(165.90955234801,-85.2308387743,9.));
#262 = DIRECTION('',(0.,-1.224646799147E-16,-1.));
#263 = DIRECTION('',(1.,0.,0.));
#264 = ORIENTED_EDGE('',*,*,#265,.F.);
#265 = EDGE_CURVE('',#266,#257,#268,.T.);
#266 = VERTEX_POINT('',#267);
#267 = CARTESIAN_POINT('',(161.56547390424,-85.49259152362,9.));
#268 = CIRCLE('',#269,13.890907422051);
#269 = AXIS2_PLACEMENT_3D('',#270,#271,#272);
#270 = CARTESIAN_POINT('',(173.38803670669,-92.78534942376,9.));
#271 = DIRECTION('',(0.,-1.224646799147E-16,-1.));
#272 = DIRECTION('',(1.,0.,0.));
#273 = ORIENTED_EDGE('',*,*,#274,.T.);
#274 = EDGE_CURVE('',#266,#275,#277,.T.);
#275 = VERTEX_POINT('',#276);
#276 = CARTESIAN_POINT('',(159.38463775001,-88.30088061808,9.));
#277 = CIRCLE('',#278,16.558512487833);
#278 = AXIS2_PLACEMENT_3D('',#279,#280,#281);
#279 = CARTESIAN_POINT('',(147.4725102227,-76.79933491401,9.));
#280 = DIRECTION('',(0.,-1.224646799147E-16,-1.));
#281 = DIRECTION('',(1.,0.,0.));
#282 = ORIENTED_EDGE('',*,*,#283,.T.);
#283 = EDGE_CURVE('',#275,#284,#286,.T.);
#284 = VERTEX_POINT('',#285);
#285 = CARTESIAN_POINT('',(156.85196318339,-90.28048831496,9.));
#286 = CIRCLE('',#287,11.559519093224);
#287 = AXIS2_PLACEMENT_3D('',#288,#289,#290);
#288 = CARTESIAN_POINT('',(151.06876603786,-80.27163661047,9.));
#289 = DIRECTION('',(0.,-1.224646799147E-16,-1.));
#290 = DIRECTION('',(1.,0.,0.));
#291 = ORIENTED_EDGE('',*,*,#292,.T.);
#292 = EDGE_CURVE('',#284,#293,#295,.T.);
#293 = VERTEX_POINT('',#294);
#294 = CARTESIAN_POINT('',(154.02499890224,-90.97713567309,9.));
#295 = CIRCLE('',#296,5.225465478769);
#296 = AXIS2_PLACEMENT_3D('',#297,#298,#299);
#297 = CARTESIAN_POINT('',(154.23767648191,-85.756,9.));
#298 = DIRECTION('',(0.,-1.224646799147E-16,-1.));
#299 = DIRECTION('',(1.,0.,0.));
#300 = ORIENTED_EDGE('',*,*,#301,.F.);
#301 = EDGE_CURVE('',#302,#293,#304,.T.);
#302 = VERTEX_POINT('',#303);
#303 = CARTESIAN_POINT('',(145.46,-99.47,9.));
#304 = CIRCLE('',#305,8.493168086248);
#305 = AXIS2_PLACEMENT_3D('',#306,#307,#308);
#306 = CARTESIAN_POINT('',(153.95316808624,-99.47,9.));
#307 = DIRECTION('',(0.,-1.224646799147E-16,-1.));
#308 = DIRECTION('',(1.,0.,0.));
#309 = ORIENTED_EDGE('',*,*,#310,.F.);
#310 = EDGE_CURVE('',#311,#302,#313,.T.);
#311 = VERTEX_POINT('',#312);
#312 = CARTESIAN_POINT('',(154.02499890224,-107.9628643269,9.));
#313 = CIRCLE('',#314,8.493168086248);
#314 = AXIS2_PLACEMENT_3D('',#315,#316,#317);
#315 = CARTESIAN_POINT('',(153.95316808624,-99.47,9.));
#316 = DIRECTION('',(0.,-1.224646799147E-16,-1.));
#317 = DIRECTION('',(1.,0.,0.));
#318 = ORIENTED_EDGE('',*,*,#319,.T.);
#319 = EDGE_CURVE('',#311,#320,#322,.T.);
#320 = VERTEX_POINT('',#321);
#321 = CARTESIAN_POINT('',(156.85196318339,-108.659511685,9.));
#322 = CIRCLE('',#323,5.225465478769);
#323 = AXIS2_PLACEMENT_3D('',#324,#325,#326);
#324 = CARTESIAN_POINT('',(154.23767648191,-113.184,9.));
#325 = DIRECTION('',(0.,-1.224646799147E-16,-1.));
#326 = DIRECTION('',(1.,0.,0.));
#327 = ORIENTED_EDGE('',*,*,#328,.T.);
#328 = EDGE_CURVE('',#320,#329,#331,.T.);
#329 = VERTEX_POINT('',#330);
#330 = CARTESIAN_POINT('',(159.38463775001,-110.6391193819,9.));
#331 = CIRCLE('',#332,11.559519093224);
#332 = AXIS2_PLACEMENT_3D('',#333,#334,#335);
#333 = CARTESIAN_POINT('',(151.06876603786,-118.6683633895,9.));
#334 = DIRECTION('',(0.,-1.224646799147E-16,-1.));
#335 = DIRECTION('',(1.,0.,0.));
#336 = ORIENTED_EDGE('',*,*,#337,.T.);
#337 = EDGE_CURVE('',#329,#338,#340,.T.);
#338 = VERTEX_POINT('',#339);
#339 = CARTESIAN_POINT('',(161.56547390424,-113.4474084763,9.));
#340 = CIRCLE('',#341,16.558512487833);
#341 = AXIS2_PLACEMENT_3D('',#342,#343,#344);
#342 = CARTESIAN_POINT('',(147.4725102227,-122.1406650859,9.));
#343 = DIRECTION('',(0.,-1.224646799147E-16,-1.));
#344 = DIRECTION('',(1.,0.,0.));
#345 = ORIENTED_EDGE('',*,*,#346,.F.);
#346 = EDGE_CURVE('',#347,#338,#349,.T.);
#347 = VERTEX_POINT('',#348);
#348 = CARTESIAN_POINT('',(163.61548138969,-116.0265537151,9.));
#349 = CIRCLE('',#350,13.890907422051);
#350 = AXIS2_PLACEMENT_3D('',#351,#352,#353);
#351 = CARTESIAN_POINT('',(173.38803670669,-106.1546505762,9.));
#352 = DIRECTION('',(0.,-1.224646799147E-16,-1.));
#353 = DIRECTION('',(1.,0.,0.));
#354 = ORIENTED_EDGE('',*,*,#355,.F.);
#355 = EDGE_CURVE('',#356,#347,#358,.T.);
#356 = VERTEX_POINT('',#357);
#357 = CARTESIAN_POINT('',(165.90955234801,-116.97,9.));
#358 = CIRCLE('',#359,3.260838774302);
#359 = AXIS2_PLACEMENT_3D('',#360,#361,#362);
#360 = CARTESIAN_POINT('',(165.90955234801,-113.7091612256,9.));
#361 = DIRECTION('',(0.,-1.224646799147E-16,-1.));
#362 = DIRECTION('',(1.,0.,0.));
#363 = ORIENTED_EDGE('',*,*,#364,.F.);
#364 = EDGE_CURVE('',#365,#356,#367,.T.);
#365 = VERTEX_POINT('',#366);
#366 = CARTESIAN_POINT('',(203.87044765198,-116.97,9.));
#367 = LINE('',#368,#369);
#368 = CARTESIAN_POINT('',(184.89,-116.97,9.));
#369 = VECTOR('',#370,1.);
#370 = DIRECTION('',(-1.,0.,0.));
#371 = ORIENTED_EDGE('',*,*,#372,.F.);
#372 = EDGE_CURVE('',#150,#365,#373,.T.);
#373 = CIRCLE('',#374,3.260838774302);
#374 = AXIS2_PLACEMENT_3D('',#375,#376,#377);
#375 = CARTESIAN_POINT('',(203.87044765198,-113.7091612256,9.));
#376 = DIRECTION('',(0.,-1.224646799147E-16,-1.));
#377 = DIRECTION('',(1.,0.,0.));
#378 = FACE_BOUND('',#379,.F.);
#379 = EDGE_LOOP('',(#380));
#380 = ORIENTED_EDGE('',*,*,#105,.T.);
#381 = FACE_BOUND('',#382,.F.);
#382 = EDGE_LOOP('',(#383));
#383 = ORIENTED_EDGE('',*,*,#384,.T.);
#384 = EDGE_CURVE('',#385,#385,#387,.T.);
#385 = VERTEX_POINT('',#386);
#386 = CARTESIAN_POINT('',(207.23,-113.51,9.));
#387 = CIRCLE('',#388,1.3);
#388 = AXIS2_PLACEMENT_3D('',#389,#390,#391);
#389 = CARTESIAN_POINT('',(205.93,-113.51,9.));
#390 = DIRECTION('',(0.,-1.224646799147E-16,-1.));
#391 = DIRECTION('',(1.,0.,0.));
#392 = FACE_BOUND('',#393,.F.);
#393 = EDGE_LOOP('',(#394));
#394 = ORIENTED_EDGE('',*,*,#395,.T.);
#395 = EDGE_CURVE('',#396,#396,#398,.T.);
#396 = VERTEX_POINT('',#397);
#397 = CARTESIAN_POINT('',(165.23,-85.54,9.));
#398 = CIRCLE('',#399,1.3);
#399 = AXIS2_PLACEMENT_3D('',#400,#401,#402);
#400 = CARTESIAN_POINT('',(163.93,-85.54,9.));
#401 = DIRECTION('',(0.,-1.224646799147E-16,-1.));
#402 = DIRECTION('',(1.,0.,0.));
#403 = FACE_BOUND('',#404,.F.);
#404 = EDGE_LOOP('',(#405));
#405 = ORIENTED_EDGE('',*,*,#406,.T.);
#406 = EDGE_CURVE('',#407,#407,#409,.T.);
#407 = VERTEX_POINT('',#408);
#408 = CARTESIAN_POINT('',(207.23,-85.54,9.));
#409 = CIRCLE('',#410,1.3);
#410 = AXIS2_PLACEMENT_3D('',#411,#412,#413);
#411 = CARTESIAN_POINT('',(205.93,-85.54,9.));
#412 = DIRECTION('',(0.,-1.224646799147E-16,-1.));
#413 = DIRECTION('',(1.,0.,0.));
#414 = PLANE('',#415);
#415 = AXIS2_PLACEMENT_3D('',#416,#417,#418);
#416 = CARTESIAN_POINT('',(184.89,-99.47,9.));
#417 = DIRECTION('',(0.,0.,1.));
#418 = DIRECTION('',(1.,0.,0.));
#419 = ADVANCED_FACE('',(#420),#423,.F.);
#420 = FACE_BOUND('',#421,.F.);
#421 = EDGE_LOOP('',(#422));
#422 = ORIENTED_EDGE('',*,*,#130,.F.);
#423 = PLANE('',#424);
#424 = AXIS2_PLACEMENT_3D('',#425,#426,#427);
#425 = CARTESIAN_POINT('',(184.89,-99.47,9.));
#426 = DIRECTION('',(0.,0.,1.));
#427 = DIRECTION('',(1.,0.,0.));
#428 = ADVANCED_FACE('',(#429),#455,.F.);
#429 = FACE_BOUND('',#430,.F.);
#430 = EDGE_LOOP('',(#431,#442,#448,#449));
#431 = ORIENTED_EDGE('',*,*,#432,.F.);
#432 = EDGE_CURVE('',#433,#435,#437,.T.);
#433 = VERTEX_POINT('',#434);
#434 = CARTESIAN_POINT('',(208.21452609575,-113.4474084763,
    1.389330056622E-14));
#435 = VERTEX_POINT('',#436);
#436 = CARTESIAN_POINT('',(206.16451861031,-116.0265537151,
    1.420915476234E-14));
#437 = CIRCLE('',#438,13.890907422051);
#438 = AXIS2_PLACEMENT_3D('',#439,#440,#441);
#439 = CARTESIAN_POINT('',(196.3919632933,-106.1546505762,
    1.300019530428E-14));
#440 = DIRECTION('',(0.,-1.224646799147E-16,-1.));
#441 = DIRECTION('',(1.,0.,0.));
#442 = ORIENTED_EDGE('',*,*,#443,.T.);
#443 = EDGE_CURVE('',#433,#148,#444,.T.);
#444 = LINE('',#445,#446);
#445 = CARTESIAN_POINT('',(208.21452609575,-113.4474084763,
    1.389330056622E-14));
#446 = VECTOR('',#447,1.);
#447 = DIRECTION('',(0.,1.224646799147E-16,1.));
#448 = ORIENTED_EDGE('',*,*,#147,.T.);
#449 = ORIENTED_EDGE('',*,*,#450,.F.);
#450 = EDGE_CURVE('',#435,#150,#451,.T.);
#451 = LINE('',#452,#453);
#452 = CARTESIAN_POINT('',(206.16451861031,-116.0265537151,
    1.420915476234E-14));
#453 = VECTOR('',#454,1.);
#454 = DIRECTION('',(0.,1.224646799147E-16,1.));
#455 = CYLINDRICAL_SURFACE('',#456,13.890907422051);
#456 = AXIS2_PLACEMENT_3D('',#457,#458,#459);
#457 = CARTESIAN_POINT('',(196.3919632933,-106.1546505762,
    1.300019530428E-14));
#458 = DIRECTION('',(0.,-1.224646799147E-16,-1.));
#459 = DIRECTION('',(1.,0.,0.));
#460 = ADVANCED_FACE('',(#461),#480,.T.);
#461 = FACE_BOUND('',#462,.T.);
#462 = EDGE_LOOP('',(#463,#472,#473,#474));
#463 = ORIENTED_EDGE('',*,*,#464,.F.);
#464 = EDGE_CURVE('',#433,#465,#467,.T.);
#465 = VERTEX_POINT('',#466);
#466 = CARTESIAN_POINT('',(210.39536224998,-110.6391193819,
    1.354938434115E-14));
#467 = CIRCLE('',#468,16.558512487833);
#468 = AXIS2_PLACEMENT_3D('',#469,#470,#471);
#469 = CARTESIAN_POINT('',(222.30748977729,-122.1406650859,
    1.495791745433E-14));
#470 = DIRECTION('',(0.,-1.224646799147E-16,-1.));
#471 = DIRECTION('',(1.,0.,0.));
#472 = ORIENTED_EDGE('',*,*,#443,.T.);
#473 = ORIENTED_EDGE('',*,*,#158,.T.);
#474 = ORIENTED_EDGE('',*,*,#475,.F.);
#475 = EDGE_CURVE('',#465,#159,#476,.T.);
#476 = LINE('',#477,#478);
#477 = CARTESIAN_POINT('',(210.39536224998,-110.6391193819,
    1.354938434115E-14));
#478 = VECTOR('',#479,1.);
#479 = DIRECTION('',(0.,1.224646799147E-16,1.));
#480 = CYLINDRICAL_SURFACE('',#481,16.558512487833);
#481 = AXIS2_PLACEMENT_3D('',#482,#483,#484);
#482 = CARTESIAN_POINT('',(222.30748977729,-122.1406650859,
    1.495791745433E-14));
#483 = DIRECTION('',(0.,-1.224646799147E-16,-1.));
#484 = DIRECTION('',(1.,0.,0.));
#485 = ADVANCED_FACE('',(#486),#505,.F.);
#486 = FACE_BOUND('',#487,.F.);
#487 = EDGE_LOOP('',(#488,#497,#498,#499));
#488 = ORIENTED_EDGE('',*,*,#489,.F.);
#489 = EDGE_CURVE('',#435,#490,#492,.T.);
#490 = VERTEX_POINT('',#491);
#491 = CARTESIAN_POINT('',(203.87044765198,-116.97,1.432469360963E-14));
#492 = CIRCLE('',#493,3.260838774302);
#493 = AXIS2_PLACEMENT_3D('',#494,#495,#496);
#494 = CARTESIAN_POINT('',(203.87044765198,-113.7091612256,
    1.392535603288E-14));
#495 = DIRECTION('',(0.,-1.224646799147E-16,-1.));
#496 = DIRECTION('',(1.,0.,0.));
#497 = ORIENTED_EDGE('',*,*,#450,.T.);
#498 = ORIENTED_EDGE('',*,*,#372,.T.);
#499 = ORIENTED_EDGE('',*,*,#500,.F.);
#500 = EDGE_CURVE('',#490,#365,#501,.T.);
#501 = LINE('',#502,#503);
#502 = CARTESIAN_POINT('',(203.87044765198,-116.97,1.432469360963E-14));
#503 = VECTOR('',#504,1.);
#504 = DIRECTION('',(0.,1.224646799147E-16,1.));
#505 = CYLINDRICAL_SURFACE('',#506,3.260838774302);
#506 = AXIS2_PLACEMENT_3D('',#507,#508,#509);
#507 = CARTESIAN_POINT('',(203.87044765198,-113.7091612256,
    1.392535603288E-14));
#508 = DIRECTION('',(0.,-1.224646799147E-16,-1.));
#509 = DIRECTION('',(1.,0.,0.));
#510 = ADVANCED_FACE('',(#511),#530,.T.);
#511 = FACE_BOUND('',#512,.T.);
#512 = EDGE_LOOP('',(#513,#522,#523,#524));
#513 = ORIENTED_EDGE('',*,*,#514,.F.);
#514 = EDGE_CURVE('',#465,#515,#517,.T.);
#515 = VERTEX_POINT('',#516);
#516 = CARTESIAN_POINT('',(212.9280368166,-108.659511685,
    1.33069523182E-14));
#517 = CIRCLE('',#518,11.559519093224);
#518 = AXIS2_PLACEMENT_3D('',#519,#520,#521);
#519 = CARTESIAN_POINT('',(218.71123396213,-118.6683633895,
    1.45326831385E-14));
#520 = DIRECTION('',(0.,-1.224646799147E-16,-1.));
#521 = DIRECTION('',(1.,0.,0.));
#522 = ORIENTED_EDGE('',*,*,#475,.T.);
#523 = ORIENTED_EDGE('',*,*,#167,.T.);
#524 = ORIENTED_EDGE('',*,*,#525,.F.);
#525 = EDGE_CURVE('',#515,#168,#526,.T.);
#526 = LINE('',#527,#528);
#527 = CARTESIAN_POINT('',(212.9280368166,-108.659511685,
    1.33069523182E-14));
#528 = VECTOR('',#529,1.);
#529 = DIRECTION('',(0.,1.224646799147E-16,1.));
#530 = CYLINDRICAL_SURFACE('',#531,11.559519093224);
#531 = AXIS2_PLACEMENT_3D('',#532,#533,#534);
#532 = CARTESIAN_POINT('',(218.71123396213,-118.6683633895,
    1.45326831385E-14));
#533 = DIRECTION('',(0.,-1.224646799147E-16,-1.));
#534 = DIRECTION('',(1.,0.,0.));
#535 = ADVANCED_FACE('',(#536),#554,.F.);
#536 = FACE_BOUND('',#537,.F.);
#537 = EDGE_LOOP('',(#538,#546,#547,#548));
#538 = ORIENTED_EDGE('',*,*,#539,.T.);
#539 = EDGE_CURVE('',#540,#490,#542,.T.);
#540 = VERTEX_POINT('',#541);
#541 = CARTESIAN_POINT('',(165.90955234801,-116.97,1.432469360963E-14));
#542 = LINE('',#543,#544);
#543 = CARTESIAN_POINT('',(184.89,-116.97,1.432469360963E-14));
#544 = VECTOR('',#545,1.);
#545 = DIRECTION('',(1.,4.492261186595E-15,-5.501433283097E-31));
#546 = ORIENTED_EDGE('',*,*,#500,.T.);
#547 = ORIENTED_EDGE('',*,*,#364,.T.);
#548 = ORIENTED_EDGE('',*,*,#549,.F.);
#549 = EDGE_CURVE('',#540,#356,#550,.T.);
#550 = LINE('',#551,#552);
#551 = CARTESIAN_POINT('',(165.90955234801,-116.97,1.432469360963E-14));
#552 = VECTOR('',#553,1.);
#553 = DIRECTION('',(0.,1.224646799147E-16,1.));
#554 = PLANE('',#555);
#555 = AXIS2_PLACEMENT_3D('',#556,#557,#558);
#556 = CARTESIAN_POINT('',(184.89,-116.97,4.5));
#557 = DIRECTION('',(2.246130593298E-15,-1.,0.));
#558 = DIRECTION('',(-1.,-2.246130593298E-15,0.));
#559 = ADVANCED_FACE('',(#560),#579,.T.);
#560 = FACE_BOUND('',#561,.T.);
#561 = EDGE_LOOP('',(#562,#571,#572,#573));
#562 = ORIENTED_EDGE('',*,*,#563,.F.);
#563 = EDGE_CURVE('',#515,#564,#566,.T.);
#564 = VERTEX_POINT('',#565);
#565 = CARTESIAN_POINT('',(215.75500109775,-107.9628643269,
    1.322163762247E-14));
#566 = CIRCLE('',#567,5.225465478769);
#567 = AXIS2_PLACEMENT_3D('',#568,#569,#570);
#568 = CARTESIAN_POINT('',(215.54232351808,-113.184,1.386104233147E-14)
  );
#569 = DIRECTION('',(0.,-1.224646799147E-16,-1.));
#570 = DIRECTION('',(1.,0.,0.));
#571 = ORIENTED_EDGE('',*,*,#525,.T.);
#572 = ORIENTED_EDGE('',*,*,#176,.T.);
#573 = ORIENTED_EDGE('',*,*,#574,.F.);
#574 = EDGE_CURVE('',#564,#177,#575,.T.);
#575 = LINE('',#576,#577);
#576 = CARTESIAN_POINT('',(215.75500109775,-107.9628643269,
    1.322163762247E-14));
#577 = VECTOR('',#578,1.);
#578 = DIRECTION('',(0.,1.224646799147E-16,1.));
#579 = CYLINDRICAL_SURFACE('',#580,5.225465478769);
#580 = AXIS2_PLACEMENT_3D('',#581,#582,#583);
#581 = CARTESIAN_POINT('',(215.54232351808,-113.184,1.386104233147E-14)
  );
#582 = DIRECTION('',(0.,-1.224646799147E-16,-1.));
#583 = DIRECTION('',(1.,0.,0.));
#584 = ADVANCED_FACE('',(#585),#604,.F.);
#585 = FACE_BOUND('',#586,.F.);
#586 = EDGE_LOOP('',(#587,#596,#597,#598));
#587 = ORIENTED_EDGE('',*,*,#588,.F.);
#588 = EDGE_CURVE('',#540,#589,#591,.T.);
#589 = VERTEX_POINT('',#590);
#590 = CARTESIAN_POINT('',(163.61548138969,-116.0265537151,
    1.420915476234E-14));
#591 = CIRCLE('',#592,3.260838774302);
#592 = AXIS2_PLACEMENT_3D('',#593,#594,#595);
#593 = CARTESIAN_POINT('',(165.90955234801,-113.7091612256,
    1.392535603288E-14));
#594 = DIRECTION('',(0.,-1.224646799147E-16,-1.));
#595 = DIRECTION('',(1.,0.,0.));
#596 = ORIENTED_EDGE('',*,*,#549,.T.);
#597 = ORIENTED_EDGE('',*,*,#355,.T.);
#598 = ORIENTED_EDGE('',*,*,#599,.F.);
#599 = EDGE_CURVE('',#589,#347,#600,.T.);
#600 = LINE('',#601,#602);
#601 = CARTESIAN_POINT('',(163.61548138969,-116.0265537151,
    1.420915476234E-14));
#602 = VECTOR('',#603,1.);
#603 = DIRECTION('',(0.,1.224646799147E-16,1.));
#604 = CYLINDRICAL_SURFACE('',#605,3.260838774302);
#605 = AXIS2_PLACEMENT_3D('',#606,#607,#608);
#606 = CARTESIAN_POINT('',(165.90955234801,-113.7091612256,
    1.392535603288E-14));
#607 = DIRECTION('',(0.,-1.224646799147E-16,-1.));
#608 = DIRECTION('',(1.,0.,0.));
#609 = ADVANCED_FACE('',(#610),#639,.F.);
#610 = FACE_BOUND('',#611,.F.);
#611 = EDGE_LOOP('',(#612,#613,#614,#623,#632,#638));
#612 = ORIENTED_EDGE('',*,*,#185,.T.);
#613 = ORIENTED_EDGE('',*,*,#574,.F.);
#614 = ORIENTED_EDGE('',*,*,#615,.F.);
#615 = EDGE_CURVE('',#616,#564,#618,.T.);
#616 = VERTEX_POINT('',#617);
#617 = CARTESIAN_POINT('',(224.32,-99.47,1.218156171112E-14));
#618 = CIRCLE('',#619,8.493168086248);
#619 = AXIS2_PLACEMENT_3D('',#620,#621,#622);
#620 = CARTESIAN_POINT('',(215.82683191375,-99.47,1.218156171112E-14));
#621 = DIRECTION('',(0.,-1.224646799147E-16,-1.));
#622 = DIRECTION('',(1.,0.,0.));
#623 = ORIENTED_EDGE('',*,*,#624,.F.);
#624 = EDGE_CURVE('',#625,#616,#627,.T.);
#625 = VERTEX_POINT('',#626);
#626 = CARTESIAN_POINT('',(215.75500109775,-90.97713567309,
    1.114148579977E-14));
#627 = CIRCLE('',#628,8.493168086248);
#628 = AXIS2_PLACEMENT_3D('',#629,#630,#631);
#629 = CARTESIAN_POINT('',(215.82683191375,-99.47,1.218156171112E-14));
#630 = DIRECTION('',(0.,-1.224646799147E-16,-1.));
#631 = DIRECTION('',(1.,0.,0.));
#632 = ORIENTED_EDGE('',*,*,#633,.T.);
#633 = EDGE_CURVE('',#625,#195,#634,.T.);
#634 = LINE('',#635,#636);
#635 = CARTESIAN_POINT('',(215.75500109775,-90.97713567309,
    1.114148579977E-14));
#636 = VECTOR('',#637,1.);
#637 = DIRECTION('',(0.,1.224646799147E-16,1.));
#638 = ORIENTED_EDGE('',*,*,#194,.T.);
#639 = CYLINDRICAL_SURFACE('',#640,8.493168086248);
#640 = AXIS2_PLACEMENT_3D('',#641,#642,#643);
#641 = CARTESIAN_POINT('',(215.82683191375,-99.47,1.218156171112E-14));
#642 = DIRECTION('',(0.,-1.224646799147E-16,-1.));
#643 = DIRECTION('',(1.,0.,0.));
#644 = ADVANCED_FACE('',(#645),#664,.F.);
#645 = FACE_BOUND('',#646,.F.);
#646 = EDGE_LOOP('',(#647,#656,#657,#658));
#647 = ORIENTED_EDGE('',*,*,#648,.F.);
#648 = EDGE_CURVE('',#589,#649,#651,.T.);
#649 = VERTEX_POINT('',#650);
#650 = CARTESIAN_POINT('',(161.56547390424,-113.4474084763,
    1.389330056622E-14));
#651 = CIRCLE('',#652,13.890907422051);
#652 = AXIS2_PLACEMENT_3D('',#653,#654,#655);
#653 = CARTESIAN_POINT('',(173.38803670669,-106.1546505762,
    1.300019530428E-14));
#654 = DIRECTION('',(0.,-1.224646799147E-16,-1.));
#655 = DIRECTION('',(1.,0.,0.));
#656 = ORIENTED_EDGE('',*,*,#599,.T.);
#657 = ORIENTED_EDGE('',*,*,#346,.T.);
#658 = ORIENTED_EDGE('',*,*,#659,.F.);
#659 = EDGE_CURVE('',#649,#338,#660,.T.);
#660 = LINE('',#661,#662);
#661 = CARTESIAN_POINT('',(161.56547390424,-113.4474084763,
    1.389330056622E-14));
#662 = VECTOR('',#663,1.);
#663 = DIRECTION('',(0.,1.224646799147E-16,1.));
#664 = CYLINDRICAL_SURFACE('',#665,13.890907422051);
#665 = AXIS2_PLACEMENT_3D('',#666,#667,#668);
#666 = CARTESIAN_POINT('',(173.38803670669,-106.1546505762,
    1.300019530428E-14));
#667 = DIRECTION('',(0.,-1.224646799147E-16,-1.));
#668 = DIRECTION('',(1.,0.,0.));
#669 = ADVANCED_FACE('',(#670),#689,.T.);
#670 = FACE_BOUND('',#671,.T.);
#671 = EDGE_LOOP('',(#672,#681,#687,#688));
#672 = ORIENTED_EDGE('',*,*,#673,.F.);
#673 = EDGE_CURVE('',#674,#649,#676,.T.);
#674 = VERTEX_POINT('',#675);
#675 = CARTESIAN_POINT('',(159.38463775001,-110.6391193819,
    1.354938434115E-14));
#676 = CIRCLE('',#677,16.558512487833);
#677 = AXIS2_PLACEMENT_3D('',#678,#679,#680);
#678 = CARTESIAN_POINT('',(147.4725102227,-122.1406650859,
    1.495791745433E-14));
#679 = DIRECTION('',(0.,-1.224646799147E-16,-1.));
#680 = DIRECTION('',(1.,0.,0.));
#681 = ORIENTED_EDGE('',*,*,#682,.T.);
#682 = EDGE_CURVE('',#674,#329,#683,.T.);
#683 = LINE('',#684,#685);
#684 = CARTESIAN_POINT('',(159.38463775001,-110.6391193819,
    1.354938434115E-14));
#685 = VECTOR('',#686,1.);
#686 = DIRECTION('',(0.,1.224646799147E-16,1.));
#687 = ORIENTED_EDGE('',*,*,#337,.T.);
#688 = ORIENTED_EDGE('',*,*,#659,.F.);
#689 = CYLINDRICAL_SURFACE('',#690,16.558512487833);
#690 = AXIS2_PLACEMENT_3D('',#691,#692,#693);
#691 = CARTESIAN_POINT('',(147.4725102227,-122.1406650859,
    1.495791745433E-14));
#692 = DIRECTION('',(0.,-1.224646799147E-16,-1.));
#693 = DIRECTION('',(1.,0.,0.));
#694 = ADVANCED_FACE('',(#695),#714,.T.);
#695 = FACE_BOUND('',#696,.T.);
#696 = EDGE_LOOP('',(#697,#706,#707,#708));
#697 = ORIENTED_EDGE('',*,*,#698,.F.);
#698 = EDGE_CURVE('',#625,#699,#701,.T.);
#699 = VERTEX_POINT('',#700);
#700 = CARTESIAN_POINT('',(212.9280368166,-90.28048831496,
    1.105617110404E-14));
#701 = CIRCLE('',#702,5.225465478769);
#702 = AXIS2_PLACEMENT_3D('',#703,#704,#705);
#703 = CARTESIAN_POINT('',(215.54232351808,-85.756,1.050208109077E-14));
#704 = DIRECTION('',(0.,-1.224646799147E-16,-1.));
#705 = DIRECTION('',(1.,0.,0.));
#706 = ORIENTED_EDGE('',*,*,#633,.T.);
#707 = ORIENTED_EDGE('',*,*,#203,.T.);
#708 = ORIENTED_EDGE('',*,*,#709,.F.);
#709 = EDGE_CURVE('',#699,#204,#710,.T.);
#710 = LINE('',#711,#712);
#711 = CARTESIAN_POINT('',(212.9280368166,-90.28048831496,
    1.105617110404E-14));
#712 = VECTOR('',#713,1.);
#713 = DIRECTION('',(0.,1.224646799147E-16,1.));
#714 = CYLINDRICAL_SURFACE('',#715,5.225465478769);
#715 = AXIS2_PLACEMENT_3D('',#716,#717,#718);
#716 = CARTESIAN_POINT('',(215.54232351808,-85.756,1.050208109077E-14));
#717 = DIRECTION('',(0.,-1.224646799147E-16,-1.));
#718 = DIRECTION('',(1.,0.,0.));
#719 = ADVANCED_FACE('',(#720),#739,.T.);
#720 = FACE_BOUND('',#721,.T.);
#721 = EDGE_LOOP('',(#722,#731,#737,#738));
#722 = ORIENTED_EDGE('',*,*,#723,.F.);
#723 = EDGE_CURVE('',#724,#674,#726,.T.);
#724 = VERTEX_POINT('',#725);
#725 = CARTESIAN_POINT('',(156.85196318339,-108.659511685,
    1.33069523182E-14));
#726 = CIRCLE('',#727,11.559519093224);
#727 = AXIS2_PLACEMENT_3D('',#728,#729,#730);
#728 = CARTESIAN_POINT('',(151.06876603786,-118.6683633895,
    1.45326831385E-14));
#729 = DIRECTION('',(0.,-1.224646799147E-16,-1.));
#730 = DIRECTION('',(1.,0.,0.));
#731 = ORIENTED_EDGE('',*,*,#732,.T.);
#732 = EDGE_CURVE('',#724,#320,#733,.T.);
#733 = LINE('',#734,#735);
#734 = CARTESIAN_POINT('',(156.85196318339,-108.659511685,
    1.33069523182E-14));
#735 = VECTOR('',#736,1.);
#736 = DIRECTION('',(0.,1.224646799147E-16,1.));
#737 = ORIENTED_EDGE('',*,*,#328,.T.);
#738 = ORIENTED_EDGE('',*,*,#682,.F.);
#739 = CYLINDRICAL_SURFACE('',#740,11.559519093224);
#740 = AXIS2_PLACEMENT_3D('',#741,#742,#743);
#741 = CARTESIAN_POINT('',(151.06876603786,-118.6683633895,
    1.45326831385E-14));
#742 = DIRECTION('',(0.,-1.224646799147E-16,-1.));
#743 = DIRECTION('',(1.,0.,0.));
#744 = ADVANCED_FACE('',(#745),#764,.T.);
#745 = FACE_BOUND('',#746,.T.);
#746 = EDGE_LOOP('',(#747,#756,#757,#758));
#747 = ORIENTED_EDGE('',*,*,#748,.F.);
#748 = EDGE_CURVE('',#699,#749,#751,.T.);
#749 = VERTEX_POINT('',#750);
#750 = CARTESIAN_POINT('',(210.39536224998,-88.30088061808,
    1.081373908108E-14));
#751 = CIRCLE('',#752,11.559519093224);
#752 = AXIS2_PLACEMENT_3D('',#753,#754,#755);
#753 = CARTESIAN_POINT('',(218.71123396213,-80.27163661047,
    9.830440283734E-15));
#754 = DIRECTION('',(0.,-1.224646799147E-16,-1.));
#755 = DIRECTION('',(1.,0.,0.));
#756 = ORIENTED_EDGE('',*,*,#709,.T.);
#757 = ORIENTED_EDGE('',*,*,#212,.T.);
#758 = ORIENTED_EDGE('',*,*,#759,.F.);
#759 = EDGE_CURVE('',#749,#213,#760,.T.);
#760 = LINE('',#761,#762);
#761 = CARTESIAN_POINT('',(210.39536224998,-88.30088061808,
    1.081373908108E-14));
#762 = VECTOR('',#763,1.);
#763 = DIRECTION('',(0.,1.224646799147E-16,1.));
#764 = CYLINDRICAL_SURFACE('',#765,11.559519093224);
#765 = AXIS2_PLACEMENT_3D('',#766,#767,#768);
#766 = CARTESIAN_POINT('',(218.71123396213,-80.27163661047,
    9.830440283734E-15));
#767 = DIRECTION('',(0.,-1.224646799147E-16,-1.));
#768 = DIRECTION('',(1.,0.,0.));
#769 = ADVANCED_FACE('',(#770),#789,.T.);
#770 = FACE_BOUND('',#771,.T.);
#771 = EDGE_LOOP('',(#772,#781,#787,#788));
#772 = ORIENTED_EDGE('',*,*,#773,.F.);
#773 = EDGE_CURVE('',#774,#724,#776,.T.);
#774 = VERTEX_POINT('',#775);
#775 = CARTESIAN_POINT('',(154.02499890224,-107.9628643269,
    1.322163762247E-14));
#776 = CIRCLE('',#777,5.225465478769);
#777 = AXIS2_PLACEMENT_3D('',#778,#779,#780);
#778 = CARTESIAN_POINT('',(154.23767648191,-113.184,1.386104233147E-14)
  );
#779 = DIRECTION('',(0.,-1.224646799147E-16,-1.));
#780 = DIRECTION('',(1.,0.,0.));
#781 = ORIENTED_EDGE('',*,*,#782,.T.);
#782 = EDGE_CURVE('',#774,#311,#783,.T.);
#783 = LINE('',#784,#785);
#784 = CARTESIAN_POINT('',(154.02499890224,-107.9628643269,
    1.322163762247E-14));
#785 = VECTOR('',#786,1.);
#786 = DIRECTION('',(0.,1.224646799147E-16,1.));
#787 = ORIENTED_EDGE('',*,*,#319,.T.);
#788 = ORIENTED_EDGE('',*,*,#732,.F.);
#789 = CYLINDRICAL_SURFACE('',#790,5.225465478769);
#790 = AXIS2_PLACEMENT_3D('',#791,#792,#793);
#791 = CARTESIAN_POINT('',(154.23767648191,-113.184,1.386104233147E-14)
  );
#792 = DIRECTION('',(0.,-1.224646799147E-16,-1.));
#793 = DIRECTION('',(1.,0.,0.));
#794 = ADVANCED_FACE('',(#795),#814,.T.);
#795 = FACE_BOUND('',#796,.T.);
#796 = EDGE_LOOP('',(#797,#806,#807,#808));
#797 = ORIENTED_EDGE('',*,*,#798,.F.);
#798 = EDGE_CURVE('',#749,#799,#801,.T.);
#799 = VERTEX_POINT('',#800);
#800 = CARTESIAN_POINT('',(208.21452609575,-85.49259152362,
    1.046982285602E-14));
#801 = CIRCLE('',#802,16.558512487833);
#802 = AXIS2_PLACEMENT_3D('',#803,#804,#805);
#803 = CARTESIAN_POINT('',(222.30748977729,-76.799334914,
    9.405205967909E-15));
#804 = DIRECTION('',(0.,-1.224646799147E-16,-1.));
#805 = DIRECTION('',(1.,0.,0.));
#806 = ORIENTED_EDGE('',*,*,#759,.T.);
#807 = ORIENTED_EDGE('',*,*,#221,.T.);
#808 = ORIENTED_EDGE('',*,*,#809,.F.);
#809 = EDGE_CURVE('',#799,#222,#810,.T.);
#810 = LINE('',#811,#812);
#811 = CARTESIAN_POINT('',(208.21452609575,-85.49259152362,
    1.046982285602E-14));
#812 = VECTOR('',#813,1.);
#813 = DIRECTION('',(0.,1.224646799147E-16,1.));
#814 = CYLINDRICAL_SURFACE('',#815,16.558512487833);
#815 = AXIS2_PLACEMENT_3D('',#816,#817,#818);
#816 = CARTESIAN_POINT('',(222.30748977729,-76.799334914,
    9.405205967909E-15));
#817 = DIRECTION('',(0.,-1.224646799147E-16,-1.));
#818 = DIRECTION('',(1.,0.,0.));
#819 = ADVANCED_FACE('',(#820),#849,.F.);
#820 = FACE_BOUND('',#821,.F.);
#821 = EDGE_LOOP('',(#822,#823,#831,#840,#847,#848));
#822 = ORIENTED_EDGE('',*,*,#301,.T.);
#823 = ORIENTED_EDGE('',*,*,#824,.F.);
#824 = EDGE_CURVE('',#825,#293,#827,.T.);
#825 = VERTEX_POINT('',#826);
#826 = CARTESIAN_POINT('',(154.02499890224,-90.97713567309,
    1.114148579977E-14));
#827 = LINE('',#828,#829);
#828 = CARTESIAN_POINT('',(154.02499890224,-90.97713567309,
    1.114148579977E-14));
#829 = VECTOR('',#830,1.);
#830 = DIRECTION('',(0.,1.224646799147E-16,1.));
#831 = ORIENTED_EDGE('',*,*,#832,.F.);
#832 = EDGE_CURVE('',#833,#825,#835,.T.);
#833 = VERTEX_POINT('',#834);
#834 = CARTESIAN_POINT('',(145.46,-99.47,1.218156171112E-14));
#835 = CIRCLE('',#836,8.493168086248);
#836 = AXIS2_PLACEMENT_3D('',#837,#838,#839);
#837 = CARTESIAN_POINT('',(153.95316808624,-99.47,1.218156171112E-14));
#838 = DIRECTION('',(0.,-1.224646799147E-16,-1.));
#839 = DIRECTION('',(1.,0.,0.));
#840 = ORIENTED_EDGE('',*,*,#841,.F.);
#841 = EDGE_CURVE('',#774,#833,#842,.T.);
#842 = CIRCLE('',#843,8.493168086248);
#843 = AXIS2_PLACEMENT_3D('',#844,#845,#846);
#844 = CARTESIAN_POINT('',(153.95316808624,-99.47,1.218156171112E-14));
#845 = DIRECTION('',(0.,-1.224646799147E-16,-1.));
#846 = DIRECTION('',(1.,0.,0.));
#847 = ORIENTED_EDGE('',*,*,#782,.T.);
#848 = ORIENTED_EDGE('',*,*,#310,.T.);
#849 = CYLINDRICAL_SURFACE('',#850,8.493168086248);
#850 = AXIS2_PLACEMENT_3D('',#851,#852,#853);
#851 = CARTESIAN_POINT('',(153.95316808624,-99.47,1.218156171112E-14));
#852 = DIRECTION('',(0.,-1.224646799147E-16,-1.));
#853 = DIRECTION('',(1.,0.,0.));
#854 = ADVANCED_FACE('',(#855),#874,.F.);
#855 = FACE_BOUND('',#856,.F.);
#856 = EDGE_LOOP('',(#857,#866,#872,#873));
#857 = ORIENTED_EDGE('',*,*,#858,.F.);
#858 = EDGE_CURVE('',#859,#799,#861,.T.);
#859 = VERTEX_POINT('',#860);
#860 = CARTESIAN_POINT('',(206.16451861031,-82.91344628485,
    1.01539686599E-14));
#861 = CIRCLE('',#862,13.890907422051);
#862 = AXIS2_PLACEMENT_3D('',#863,#864,#865);
#863 = CARTESIAN_POINT('',(196.3919632933,-92.78534942376,
    1.136292811796E-14));
#864 = DIRECTION('',(0.,-1.224646799147E-16,-1.));
#865 = DIRECTION('',(1.,0.,0.));
#866 = ORIENTED_EDGE('',*,*,#867,.T.);
#867 = EDGE_CURVE('',#859,#231,#868,.T.);
#868 = LINE('',#869,#870);
#869 = CARTESIAN_POINT('',(206.16451861031,-82.91344628485,
    1.01539686599E-14));
#870 = VECTOR('',#871,1.);
#871 = DIRECTION('',(0.,1.224646799147E-16,1.));
#872 = ORIENTED_EDGE('',*,*,#230,.T.);
#873 = ORIENTED_EDGE('',*,*,#809,.F.);
#874 = CYLINDRICAL_SURFACE('',#875,13.890907422051);
#875 = AXIS2_PLACEMENT_3D('',#876,#877,#878);
#876 = CARTESIAN_POINT('',(196.3919632933,-92.78534942376,
    1.136292811796E-14));
#877 = DIRECTION('',(0.,-1.224646799147E-16,-1.));
#878 = DIRECTION('',(1.,0.,0.));
#879 = ADVANCED_FACE('',(#880),#899,.F.);
#880 = FACE_BOUND('',#881,.F.);
#881 = EDGE_LOOP('',(#882,#891,#897,#898));
#882 = ORIENTED_EDGE('',*,*,#883,.F.);
#883 = EDGE_CURVE('',#884,#859,#886,.T.);
#884 = VERTEX_POINT('',#885);
#885 = CARTESIAN_POINT('',(203.87044765198,-81.97,1.003842981261E-14));
#886 = CIRCLE('',#887,3.260838774302);
#887 = AXIS2_PLACEMENT_3D('',#888,#889,#890);
#888 = CARTESIAN_POINT('',(203.87044765198,-85.2308387743,
    1.043776738936E-14));
#889 = DIRECTION('',(0.,-1.224646799147E-16,-1.));
#890 = DIRECTION('',(1.,0.,0.));
#891 = ORIENTED_EDGE('',*,*,#892,.T.);
#892 = EDGE_CURVE('',#884,#240,#893,.T.);
#893 = LINE('',#894,#895);
#894 = CARTESIAN_POINT('',(203.87044765198,-81.97,1.003842981261E-14));
#895 = VECTOR('',#896,1.);
#896 = DIRECTION('',(0.,1.224646799147E-16,1.));
#897 = ORIENTED_EDGE('',*,*,#239,.T.);
#898 = ORIENTED_EDGE('',*,*,#867,.F.);
#899 = CYLINDRICAL_SURFACE('',#900,3.260838774302);
#900 = AXIS2_PLACEMENT_3D('',#901,#902,#903);
#901 = CARTESIAN_POINT('',(203.87044765198,-85.2308387743,
    1.043776738936E-14));
#902 = DIRECTION('',(0.,-1.224646799147E-16,-1.));
#903 = DIRECTION('',(1.,0.,0.));
#904 = ADVANCED_FACE('',(#905),#924,.T.);
#905 = FACE_BOUND('',#906,.T.);
#906 = EDGE_LOOP('',(#907,#916,#922,#923));
#907 = ORIENTED_EDGE('',*,*,#908,.F.);
#908 = EDGE_CURVE('',#909,#825,#911,.T.);
#909 = VERTEX_POINT('',#910);
#910 = CARTESIAN_POINT('',(156.85196318339,-90.28048831496,
    1.105617110404E-14));
#911 = CIRCLE('',#912,5.225465478769);
#912 = AXIS2_PLACEMENT_3D('',#913,#914,#915);
#913 = CARTESIAN_POINT('',(154.23767648191,-85.756,1.050208109077E-14));
#914 = DIRECTION('',(0.,-1.224646799147E-16,-1.));
#915 = DIRECTION('',(1.,0.,0.));
#916 = ORIENTED_EDGE('',*,*,#917,.T.);
#917 = EDGE_CURVE('',#909,#284,#918,.T.);
#918 = LINE('',#919,#920);
#919 = CARTESIAN_POINT('',(156.85196318339,-90.28048831496,
    1.105617110404E-14));
#920 = VECTOR('',#921,1.);
#921 = DIRECTION('',(0.,1.224646799147E-16,1.));
#922 = ORIENTED_EDGE('',*,*,#292,.T.);
#923 = ORIENTED_EDGE('',*,*,#824,.F.);
#924 = CYLINDRICAL_SURFACE('',#925,5.225465478769);
#925 = AXIS2_PLACEMENT_3D('',#926,#927,#928);
#926 = CARTESIAN_POINT('',(154.23767648191,-85.756,1.050208109077E-14));
#927 = DIRECTION('',(0.,-1.224646799147E-16,-1.));
#928 = DIRECTION('',(1.,0.,0.));
#929 = ADVANCED_FACE('',(#930),#948,.F.);
#930 = FACE_BOUND('',#931,.F.);
#931 = EDGE_LOOP('',(#932,#940,#946,#947));
#932 = ORIENTED_EDGE('',*,*,#933,.T.);
#933 = EDGE_CURVE('',#884,#934,#936,.T.);
#934 = VERTEX_POINT('',#935);
#935 = CARTESIAN_POINT('',(165.90955234801,-81.97,1.003842981261E-14));
#936 = LINE('',#937,#938);
#937 = CARTESIAN_POINT('',(184.89,-81.97,1.003842981261E-14));
#938 = VECTOR('',#939,1.);
#939 = DIRECTION('',(-1.,-4.492261186595E-15,5.501433283097E-31));
#940 = ORIENTED_EDGE('',*,*,#941,.T.);
#941 = EDGE_CURVE('',#934,#249,#942,.T.);
#942 = LINE('',#943,#944);
#943 = CARTESIAN_POINT('',(165.90955234801,-81.97,1.003842981261E-14));
#944 = VECTOR('',#945,1.);
#945 = DIRECTION('',(0.,1.224646799147E-16,1.));
#946 = ORIENTED_EDGE('',*,*,#248,.T.);
#947 = ORIENTED_EDGE('',*,*,#892,.F.);
#948 = PLANE('',#949);
#949 = AXIS2_PLACEMENT_3D('',#950,#951,#952);
#950 = CARTESIAN_POINT('',(184.89,-81.97,4.5));
#951 = DIRECTION('',(-2.994840791063E-15,1.,0.));
#952 = DIRECTION('',(1.,2.994840791063E-15,0.));
#953 = ADVANCED_FACE('',(#954),#973,.T.);
#954 = FACE_BOUND('',#955,.T.);
#955 = EDGE_LOOP('',(#956,#965,#971,#972));
#956 = ORIENTED_EDGE('',*,*,#957,.F.);
#957 = EDGE_CURVE('',#958,#909,#960,.T.);
#958 = VERTEX_POINT('',#959);
#959 = CARTESIAN_POINT('',(159.38463775001,-88.30088061808,
    1.081373908108E-14));
#960 = CIRCLE('',#961,11.559519093224);
#961 = AXIS2_PLACEMENT_3D('',#962,#963,#964);
#962 = CARTESIAN_POINT('',(151.06876603786,-80.27163661047,
    9.830440283734E-15));
#963 = DIRECTION('',(0.,-1.224646799147E-16,-1.));
#964 = DIRECTION('',(1.,0.,0.));
#965 = ORIENTED_EDGE('',*,*,#966,.T.);
#966 = EDGE_CURVE('',#958,#275,#967,.T.);
#967 = LINE('',#968,#969);
#968 = CARTESIAN_POINT('',(159.38463775001,-88.30088061808,
    1.081373908108E-14));
#969 = VECTOR('',#970,1.);
#970 = DIRECTION('',(0.,1.224646799147E-16,1.));
#971 = ORIENTED_EDGE('',*,*,#283,.T.);
#972 = ORIENTED_EDGE('',*,*,#917,.F.);
#973 = CYLINDRICAL_SURFACE('',#974,11.559519093224);
#974 = AXIS2_PLACEMENT_3D('',#975,#976,#977);
#975 = CARTESIAN_POINT('',(151.06876603786,-80.27163661047,
    9.830440283734E-15));
#976 = DIRECTION('',(0.,-1.224646799147E-16,-1.));
#977 = DIRECTION('',(1.,0.,0.));
#978 = ADVANCED_FACE('',(#979),#998,.F.);
#979 = FACE_BOUND('',#980,.F.);
#980 = EDGE_LOOP('',(#981,#990,#996,#997));
#981 = ORIENTED_EDGE('',*,*,#982,.F.);
#982 = EDGE_CURVE('',#983,#934,#985,.T.);
#983 = VERTEX_POINT('',#984);
#984 = CARTESIAN_POINT('',(163.61548138969,-82.91344628485,
    1.01539686599E-14));
#985 = CIRCLE('',#986,3.260838774302);
#986 = AXIS2_PLACEMENT_3D('',#987,#988,#989);
#987 = CARTESIAN_POINT('',(165.90955234801,-85.2308387743,
    1.043776738936E-14));
#988 = DIRECTION('',(0.,-1.224646799147E-16,-1.));
#989 = DIRECTION('',(1.,0.,0.));
#990 = ORIENTED_EDGE('',*,*,#991,.T.);
#991 = EDGE_CURVE('',#983,#257,#992,.T.);
#992 = LINE('',#993,#994);
#993 = CARTESIAN_POINT('',(163.61548138969,-82.91344628485,
    1.01539686599E-14));
#994 = VECTOR('',#995,1.);
#995 = DIRECTION('',(0.,1.224646799147E-16,1.));
#996 = ORIENTED_EDGE('',*,*,#256,.T.);
#997 = ORIENTED_EDGE('',*,*,#941,.F.);
#998 = CYLINDRICAL_SURFACE('',#999,3.260838774302);
#999 = AXIS2_PLACEMENT_3D('',#1000,#1001,#1002);
#1000 = CARTESIAN_POINT('',(165.90955234801,-85.2308387743,
    1.043776738936E-14));
#1001 = DIRECTION('',(0.,-1.224646799147E-16,-1.));
#1002 = DIRECTION('',(1.,0.,0.));
#1003 = ADVANCED_FACE('',(#1004),#1023,.T.);
#1004 = FACE_BOUND('',#1005,.T.);
#1005 = EDGE_LOOP('',(#1006,#1015,#1021,#1022));
#1006 = ORIENTED_EDGE('',*,*,#1007,.F.);
#1007 = EDGE_CURVE('',#1008,#958,#1010,.T.);
#1008 = VERTEX_POINT('',#1009);
#1009 = CARTESIAN_POINT('',(161.56547390424,-85.49259152362,
    1.046982285602E-14));
#1010 = CIRCLE('',#1011,16.558512487833);
#1011 = AXIS2_PLACEMENT_3D('',#1012,#1013,#1014);
#1012 = CARTESIAN_POINT('',(147.4725102227,-76.79933491401,
    9.405205967909E-15));
#1013 = DIRECTION('',(0.,-1.224646799147E-16,-1.));
#1014 = DIRECTION('',(1.,0.,0.));
#1015 = ORIENTED_EDGE('',*,*,#1016,.T.);
#1016 = EDGE_CURVE('',#1008,#266,#1017,.T.);
#1017 = LINE('',#1018,#1019);
#1018 = CARTESIAN_POINT('',(161.56547390424,-85.49259152362,
    1.046982285602E-14));
#1019 = VECTOR('',#1020,1.);
#1020 = DIRECTION('',(0.,1.224646799147E-16,1.));
#1021 = ORIENTED_EDGE('',*,*,#274,.T.);
#1022 = ORIENTED_EDGE('',*,*,#966,.F.);
#1023 = CYLINDRICAL_SURFACE('',#1024,16.558512487833);
#1024 = AXIS2_PLACEMENT_3D('',#1025,#1026,#1027);
#1025 = CARTESIAN_POINT('',(147.4725102227,-76.79933491401,
    9.405205967909E-15));
#1026 = DIRECTION('',(0.,-1.224646799147E-16,-1.));
#1027 = DIRECTION('',(1.,0.,0.));
#1028 = ADVANCED_FACE('',(#1029),#1041,.F.);
#1029 = FACE_BOUND('',#1030,.F.);
#1030 = EDGE_LOOP('',(#1031,#1038,#1039,#1040));
#1031 = ORIENTED_EDGE('',*,*,#1032,.F.);
#1032 = EDGE_CURVE('',#1008,#983,#1033,.T.);
#1033 = CIRCLE('',#1034,13.890907422051);
#1034 = AXIS2_PLACEMENT_3D('',#1035,#1036,#1037);
#1035 = CARTESIAN_POINT('',(173.38803670669,-92.78534942376,
    1.136292811796E-14));
#1036 = DIRECTION('',(0.,-1.224646799147E-16,-1.));
#1037 = DIRECTION('',(1.,0.,0.));
#1038 = ORIENTED_EDGE('',*,*,#1016,.T.);
#1039 = ORIENTED_EDGE('',*,*,#265,.T.);
#1040 = ORIENTED_EDGE('',*,*,#991,.F.);
#1041 = CYLINDRICAL_SURFACE('',#1042,13.890907422051);
#1042 = AXIS2_PLACEMENT_3D('',#1043,#1044,#1045);
#1043 = CARTESIAN_POINT('',(173.38803670669,-92.78534942376,
    1.136292811796E-14));
#1044 = DIRECTION('',(0.,-1.224646799147E-16,-1.));
#1045 = DIRECTION('',(1.,0.,0.));
#1046 = ADVANCED_FACE('',(#1047),#1066,.T.);
#1047 = FACE_BOUND('',#1048,.F.);
#1048 = EDGE_LOOP('',(#1049,#1057,#1058,#1059));
#1049 = ORIENTED_EDGE('',*,*,#1050,.F.);
#1050 = EDGE_CURVE('',#385,#1051,#1053,.T.);
#1051 = VERTEX_POINT('',#1052);
#1052 = CARTESIAN_POINT('',(207.23,-113.51,0.7012));
#1053 = LINE('',#1054,#1055);
#1054 = CARTESIAN_POINT('',(207.23,-113.51,9.));
#1055 = VECTOR('',#1056,1.);
#1056 = DIRECTION('',(0.,-1.224646799147E-16,-1.));
#1057 = ORIENTED_EDGE('',*,*,#384,.F.);
#1058 = ORIENTED_EDGE('',*,*,#1050,.T.);
#1059 = ORIENTED_EDGE('',*,*,#1060,.F.);
#1060 = EDGE_CURVE('',#1051,#1051,#1061,.T.);
#1061 = CIRCLE('',#1062,1.3);
#1062 = AXIS2_PLACEMENT_3D('',#1063,#1064,#1065);
#1063 = CARTESIAN_POINT('',(205.93,-113.51,0.7012));
#1064 = DIRECTION('',(-0.,1.224646799147E-16,1.));
#1065 = DIRECTION('',(1.,0.,0.));
#1066 = CYLINDRICAL_SURFACE('',#1067,1.3);
#1067 = AXIS2_PLACEMENT_3D('',#1068,#1069,#1070);
#1068 = CARTESIAN_POINT('',(205.93,-113.51,9.));
#1069 = DIRECTION('',(0.,1.224646799147E-16,1.));
#1070 = DIRECTION('',(1.,0.,0.));
#1071 = ADVANCED_FACE('',(#1072),#1091,.T.);
#1072 = FACE_BOUND('',#1073,.F.);
#1073 = EDGE_LOOP('',(#1074,#1082,#1083,#1084));
#1074 = ORIENTED_EDGE('',*,*,#1075,.F.);
#1075 = EDGE_CURVE('',#396,#1076,#1078,.T.);
#1076 = VERTEX_POINT('',#1077);
#1077 = CARTESIAN_POINT('',(165.23,-85.54,0.7012));
#1078 = LINE('',#1079,#1080);
#1079 = CARTESIAN_POINT('',(165.23,-85.54,9.));
#1080 = VECTOR('',#1081,1.);
#1081 = DIRECTION('',(0.,-1.224646799147E-16,-1.));
#1082 = ORIENTED_EDGE('',*,*,#395,.F.);
#1083 = ORIENTED_EDGE('',*,*,#1075,.T.);
#1084 = ORIENTED_EDGE('',*,*,#1085,.F.);
#1085 = EDGE_CURVE('',#1076,#1076,#1086,.T.);
#1086 = CIRCLE('',#1087,1.3);
#1087 = AXIS2_PLACEMENT_3D('',#1088,#1089,#1090);
#1088 = CARTESIAN_POINT('',(163.93,-85.54,0.7012));
#1089 = DIRECTION('',(-0.,1.224646799147E-16,1.));
#1090 = DIRECTION('',(1.,0.,0.));
#1091 = CYLINDRICAL_SURFACE('',#1092,1.3);
#1092 = AXIS2_PLACEMENT_3D('',#1093,#1094,#1095);
#1093 = CARTESIAN_POINT('',(163.93,-85.54,9.));
#1094 = DIRECTION('',(0.,1.224646799147E-16,1.));
#1095 = DIRECTION('',(1.,0.,0.));
#1096 = ADVANCED_FACE('',(#1097),#1116,.T.);
#1097 = FACE_BOUND('',#1098,.F.);
#1098 = EDGE_LOOP('',(#1099,#1107,#1108,#1109));
#1099 = ORIENTED_EDGE('',*,*,#1100,.F.);
#1100 = EDGE_CURVE('',#407,#1101,#1103,.T.);
#1101 = VERTEX_POINT('',#1102);
#1102 = CARTESIAN_POINT('',(207.23,-85.54,0.7012));
#1103 = LINE('',#1104,#1105);
#1104 = CARTESIAN_POINT('',(207.23,-85.54,9.));
#1105 = VECTOR('',#1106,1.);
#1106 = DIRECTION('',(0.,-1.224646799147E-16,-1.));
#1107 = ORIENTED_EDGE('',*,*,#406,.F.);
#1108 = ORIENTED_EDGE('',*,*,#1100,.T.);
#1109 = ORIENTED_EDGE('',*,*,#1110,.F.);
#1110 = EDGE_CURVE('',#1101,#1101,#1111,.T.);
#1111 = CIRCLE('',#1112,1.3);
#1112 = AXIS2_PLACEMENT_3D('',#1113,#1114,#1115);
#1113 = CARTESIAN_POINT('',(205.93,-85.54,0.7012));
#1114 = DIRECTION('',(-0.,1.224646799147E-16,1.));
#1115 = DIRECTION('',(1.,0.,0.));
#1116 = CYLINDRICAL_SURFACE('',#1117,1.3);
#1117 = AXIS2_PLACEMENT_3D('',#1118,#1119,#1120);
#1118 = CARTESIAN_POINT('',(205.93,-85.54,9.));
#1119 = DIRECTION('',(0.,1.224646799147E-16,1.));
#1120 = DIRECTION('',(1.,0.,0.));
#1121 = ADVANCED_FACE('',(#1122,#1244),#1272,.F.);
#1122 = FACE_BOUND('',#1123,.F.);
#1123 = EDGE_LOOP('',(#1124,#1134,#1142,#1151,#1160,#1169,#1178,#1186,
    #1194,#1202,#1211,#1220,#1229,#1238));
#1124 = ORIENTED_EDGE('',*,*,#1125,.F.);
#1125 = EDGE_CURVE('',#1126,#1128,#1130,.T.);
#1126 = VERTEX_POINT('',#1127);
#1127 = CARTESIAN_POINT('',(165.89,-80.47,0.));
#1128 = VERTEX_POINT('',#1129);
#1129 = CARTESIAN_POINT('',(203.89,-80.47,0.));
#1130 = LINE('',#1131,#1132);
#1131 = CARTESIAN_POINT('',(165.89,-80.47,0.));
#1132 = VECTOR('',#1133,1.);
#1133 = DIRECTION('',(1.,0.,0.));
#1134 = ORIENTED_EDGE('',*,*,#1135,.T.);
#1135 = EDGE_CURVE('',#1126,#1136,#1138,.T.);
#1136 = VERTEX_POINT('',#1137);
#1137 = CARTESIAN_POINT('',(162.135,-82.7665,0.));
#1138 = B_SPLINE_CURVE_WITH_KNOTS('',2,(#1139,#1140,#1141),
  .UNSPECIFIED.,.F.,.F.,(3,3),(0.,1.),.PIECEWISE_BEZIER_KNOTS.);
#1139 = CARTESIAN_POINT('',(165.89,-80.47,0.));
#1140 = CARTESIAN_POINT('',(164.028,-80.6882,0.));
#1141 = CARTESIAN_POINT('',(162.135,-82.7665,0.));
#1142 = ORIENTED_EDGE('',*,*,#1143,.T.);
#1143 = EDGE_CURVE('',#1136,#1144,#1146,.T.);
#1144 = VERTEX_POINT('',#1145);
#1145 = CARTESIAN_POINT('',(153.89,-89.54,0.));
#1146 = B_SPLINE_CURVE_WITH_KNOTS('',3,(#1147,#1148,#1149,#1150),
  .UNSPECIFIED.,.F.,.F.,(4,4),(0.,1.),.PIECEWISE_BEZIER_KNOTS.);
#1147 = CARTESIAN_POINT('',(162.135,-82.7665,0.));
#1148 = CARTESIAN_POINT('',(159.99,-85.6645,0.));
#1149 = CARTESIAN_POINT('',(157.636,-89.8236,0.));
#1150 = CARTESIAN_POINT('',(153.89,-89.54,0.));
#1151 = ORIENTED_EDGE('',*,*,#1152,.T.);
#1152 = EDGE_CURVE('',#1144,#1153,#1155,.T.);
#1153 = VERTEX_POINT('',#1154);
#1154 = CARTESIAN_POINT('',(143.96,-99.47,0.));
#1155 = CIRCLE('',#1156,9.93);
#1156 = AXIS2_PLACEMENT_3D('',#1157,#1158,#1159);
#1157 = CARTESIAN_POINT('',(153.89,-99.47,0.));
#1158 = DIRECTION('',(0.,0.,1.));
#1159 = DIRECTION('',(1.,0.,0.));
#1160 = ORIENTED_EDGE('',*,*,#1161,.T.);
#1161 = EDGE_CURVE('',#1153,#1162,#1164,.T.);
#1162 = VERTEX_POINT('',#1163);
#1163 = CARTESIAN_POINT('',(153.89,-109.4,0.));
#1164 = CIRCLE('',#1165,9.93);
#1165 = AXIS2_PLACEMENT_3D('',#1166,#1167,#1168);
#1166 = CARTESIAN_POINT('',(153.89,-99.47,0.));
#1167 = DIRECTION('',(0.,0.,1.));
#1168 = DIRECTION('',(1.,0.,0.));
#1169 = ORIENTED_EDGE('',*,*,#1170,.F.);
#1170 = EDGE_CURVE('',#1171,#1162,#1173,.T.);
#1171 = VERTEX_POINT('',#1172);
#1172 = CARTESIAN_POINT('',(162.135,-116.1735,0.));
#1173 = B_SPLINE_CURVE_WITH_KNOTS('',3,(#1174,#1175,#1176,#1177),
  .UNSPECIFIED.,.F.,.F.,(4,4),(0.,1.),.PIECEWISE_BEZIER_KNOTS.);
#1174 = CARTESIAN_POINT('',(162.135,-116.1735,0.));
#1175 = CARTESIAN_POINT('',(159.99,-113.2755,0.));
#1176 = CARTESIAN_POINT('',(157.636,-109.1164,0.));
#1177 = CARTESIAN_POINT('',(153.89,-109.4,0.));
#1178 = ORIENTED_EDGE('',*,*,#1179,.F.);
#1179 = EDGE_CURVE('',#1180,#1171,#1182,.T.);
#1180 = VERTEX_POINT('',#1181);
#1181 = CARTESIAN_POINT('',(165.89,-118.47,0.));
#1182 = B_SPLINE_CURVE_WITH_KNOTS('',2,(#1183,#1184,#1185),
  .UNSPECIFIED.,.F.,.F.,(3,3),(0.,1.),.PIECEWISE_BEZIER_KNOTS.);
#1183 = CARTESIAN_POINT('',(165.89,-118.47,0.));
#1184 = CARTESIAN_POINT('',(164.028,-118.2518,0.));
#1185 = CARTESIAN_POINT('',(162.135,-116.1735,0.));
#1186 = ORIENTED_EDGE('',*,*,#1187,.F.);
#1187 = EDGE_CURVE('',#1188,#1180,#1190,.T.);
#1188 = VERTEX_POINT('',#1189);
#1189 = CARTESIAN_POINT('',(203.89,-118.47,0.));
#1190 = LINE('',#1191,#1192);
#1191 = CARTESIAN_POINT('',(203.89,-118.47,0.));
#1192 = VECTOR('',#1193,1.);
#1193 = DIRECTION('',(-1.,0.,0.));
#1194 = ORIENTED_EDGE('',*,*,#1195,.T.);
#1195 = EDGE_CURVE('',#1188,#1196,#1198,.T.);
#1196 = VERTEX_POINT('',#1197);
#1197 = CARTESIAN_POINT('',(207.645,-116.1735,0.));
#1198 = B_SPLINE_CURVE_WITH_KNOTS('',2,(#1199,#1200,#1201),
  .UNSPECIFIED.,.F.,.F.,(3,3),(0.,1.),.PIECEWISE_BEZIER_KNOTS.);
#1199 = CARTESIAN_POINT('',(203.89,-118.47,0.));
#1200 = CARTESIAN_POINT('',(205.752,-118.2518,0.));
#1201 = CARTESIAN_POINT('',(207.645,-116.1735,0.));
#1202 = ORIENTED_EDGE('',*,*,#1203,.T.);
#1203 = EDGE_CURVE('',#1196,#1204,#1206,.T.);
#1204 = VERTEX_POINT('',#1205);
#1205 = CARTESIAN_POINT('',(215.89,-109.4,0.));
#1206 = B_SPLINE_CURVE_WITH_KNOTS('',3,(#1207,#1208,#1209,#1210),
  .UNSPECIFIED.,.F.,.F.,(4,4),(0.,1.),.PIECEWISE_BEZIER_KNOTS.);
#1207 = CARTESIAN_POINT('',(207.645,-116.1735,0.));
#1208 = CARTESIAN_POINT('',(209.79,-113.2755,0.));
#1209 = CARTESIAN_POINT('',(212.144,-109.1164,0.));
#1210 = CARTESIAN_POINT('',(215.89,-109.4,0.));
#1211 = ORIENTED_EDGE('',*,*,#1212,.T.);
#1212 = EDGE_CURVE('',#1204,#1213,#1215,.T.);
#1213 = VERTEX_POINT('',#1214);
#1214 = CARTESIAN_POINT('',(225.82,-99.47,0.));
#1215 = CIRCLE('',#1216,9.93);
#1216 = AXIS2_PLACEMENT_3D('',#1217,#1218,#1219);
#1217 = CARTESIAN_POINT('',(215.89,-99.47,0.));
#1218 = DIRECTION('',(0.,0.,1.));
#1219 = DIRECTION('',(1.,0.,0.));
#1220 = ORIENTED_EDGE('',*,*,#1221,.T.);
#1221 = EDGE_CURVE('',#1213,#1222,#1224,.T.);
#1222 = VERTEX_POINT('',#1223);
#1223 = CARTESIAN_POINT('',(215.89,-89.54,0.));
#1224 = CIRCLE('',#1225,9.93);
#1225 = AXIS2_PLACEMENT_3D('',#1226,#1227,#1228);
#1226 = CARTESIAN_POINT('',(215.89,-99.47,0.));
#1227 = DIRECTION('',(0.,0.,1.));
#1228 = DIRECTION('',(1.,0.,0.));
#1229 = ORIENTED_EDGE('',*,*,#1230,.F.);
#1230 = EDGE_CURVE('',#1231,#1222,#1233,.T.);
#1231 = VERTEX_POINT('',#1232);
#1232 = CARTESIAN_POINT('',(207.645,-82.7665,0.));
#1233 = B_SPLINE_CURVE_WITH_KNOTS('',3,(#1234,#1235,#1236,#1237),
  .UNSPECIFIED.,.F.,.F.,(4,4),(0.,1.),.PIECEWISE_BEZIER_KNOTS.);
#1234 = CARTESIAN_POINT('',(207.645,-82.7665,0.));
#1235 = CARTESIAN_POINT('',(209.79,-85.6645,0.));
#1236 = CARTESIAN_POINT('',(212.144,-89.8236,0.));
#1237 = CARTESIAN_POINT('',(215.89,-89.54,0.));
#1238 = ORIENTED_EDGE('',*,*,#1239,.F.);
#1239 = EDGE_CURVE('',#1128,#1231,#1240,.T.);
#1240 = B_SPLINE_CURVE_WITH_KNOTS('',2,(#1241,#1242,#1243),
  .UNSPECIFIED.,.F.,.F.,(3,3),(0.,1.),.PIECEWISE_BEZIER_KNOTS.);
#1241 = CARTESIAN_POINT('',(203.89,-80.47,0.));
#1242 = CARTESIAN_POINT('',(205.752,-80.6882,0.));
#1243 = CARTESIAN_POINT('',(207.645,-82.7665,0.));
#1244 = FACE_BOUND('',#1245,.F.);
#1245 = EDGE_LOOP('',(#1246,#1247,#1248,#1249,#1250,#1251,#1252,#1253,
    #1254,#1255,#1256,#1257,#1258,#1259,#1260,#1261,#1262,#1263,#1264,
    #1265,#1266,#1267,#1268,#1269,#1270,#1271));
#1246 = ORIENTED_EDGE('',*,*,#464,.F.);
#1247 = ORIENTED_EDGE('',*,*,#432,.T.);
#1248 = ORIENTED_EDGE('',*,*,#489,.T.);
#1249 = ORIENTED_EDGE('',*,*,#539,.F.);
#1250 = ORIENTED_EDGE('',*,*,#588,.T.);
#1251 = ORIENTED_EDGE('',*,*,#648,.T.);
#1252 = ORIENTED_EDGE('',*,*,#673,.F.);
#1253 = ORIENTED_EDGE('',*,*,#723,.F.);
#1254 = ORIENTED_EDGE('',*,*,#773,.F.);
#1255 = ORIENTED_EDGE('',*,*,#841,.T.);
#1256 = ORIENTED_EDGE('',*,*,#832,.T.);
#1257 = ORIENTED_EDGE('',*,*,#908,.F.);
#1258 = ORIENTED_EDGE('',*,*,#957,.F.);
#1259 = ORIENTED_EDGE('',*,*,#1007,.F.);
#1260 = ORIENTED_EDGE('',*,*,#1032,.T.);
#1261 = ORIENTED_EDGE('',*,*,#982,.T.);
#1262 = ORIENTED_EDGE('',*,*,#933,.F.);
#1263 = ORIENTED_EDGE('',*,*,#883,.T.);
#1264 = ORIENTED_EDGE('',*,*,#858,.T.);
#1265 = ORIENTED_EDGE('',*,*,#798,.F.);
#1266 = ORIENTED_EDGE('',*,*,#748,.F.);
#1267 = ORIENTED_EDGE('',*,*,#698,.F.);
#1268 = ORIENTED_EDGE('',*,*,#624,.T.);
#1269 = ORIENTED_EDGE('',*,*,#615,.T.);
#1270 = ORIENTED_EDGE('',*,*,#563,.F.);
#1271 = ORIENTED_EDGE('',*,*,#514,.F.);
#1272 = PLANE('',#1273);
#1273 = AXIS2_PLACEMENT_3D('',#1274,#1275,#1276);
#1274 = CARTESIAN_POINT('',(184.89,-99.47,0.));
#1275 = DIRECTION('',(0.,0.,1.));
#1276 = DIRECTION('',(1.,0.,0.));
#1277 = ADVANCED_FACE('',(#1278,#1289),#1292,.F.);
#1278 = FACE_BOUND('',#1279,.F.);
#1279 = EDGE_LOOP('',(#1280));
#1280 = ORIENTED_EDGE('',*,*,#1281,.F.);
#1281 = EDGE_CURVE('',#1282,#1282,#1284,.T.);
#1282 = VERTEX_POINT('',#1283);
#1283 = CARTESIAN_POINT('',(206.83,-113.51,0.7012));
#1284 = CIRCLE('',#1285,0.9);
#1285 = AXIS2_PLACEMENT_3D('',#1286,#1287,#1288);
#1286 = CARTESIAN_POINT('',(205.93,-113.51,0.7012));
#1287 = DIRECTION('',(0.,0.,1.));
#1288 = DIRECTION('',(1.,0.,0.));
#1289 = FACE_BOUND('',#1290,.F.);
#1290 = EDGE_LOOP('',(#1291));
#1291 = ORIENTED_EDGE('',*,*,#1060,.T.);
#1292 = PLANE('',#1293);
#1293 = AXIS2_PLACEMENT_3D('',#1294,#1295,#1296);
#1294 = CARTESIAN_POINT('',(0.,0.,0.7012));
#1295 = DIRECTION('',(0.,0.,1.));
#1296 = DIRECTION('',(1.,0.,0.));
#1297 = ADVANCED_FACE('',(#1298,#1309),#1312,.F.);
#1298 = FACE_BOUND('',#1299,.F.);
#1299 = EDGE_LOOP('',(#1300));
#1300 = ORIENTED_EDGE('',*,*,#1301,.F.);
#1301 = EDGE_CURVE('',#1302,#1302,#1304,.T.);
#1302 = VERTEX_POINT('',#1303);
#1303 = CARTESIAN_POINT('',(164.83,-85.54,0.7012));
#1304 = CIRCLE('',#1305,0.9);
#1305 = AXIS2_PLACEMENT_3D('',#1306,#1307,#1308);
#1306 = CARTESIAN_POINT('',(163.93,-85.54,0.7012));
#1307 = DIRECTION('',(0.,0.,1.));
#1308 = DIRECTION('',(1.,0.,0.));
#1309 = FACE_BOUND('',#1310,.F.);
#1310 = EDGE_LOOP('',(#1311));
#1311 = ORIENTED_EDGE('',*,*,#1085,.T.);
#1312 = PLANE('',#1313);
#1313 = AXIS2_PLACEMENT_3D('',#1314,#1315,#1316);
#1314 = CARTESIAN_POINT('',(0.,0.,0.7012));
#1315 = DIRECTION('',(0.,0.,1.));
#1316 = DIRECTION('',(1.,0.,0.));
#1317 = ADVANCED_FACE('',(#1318,#1329),#1332,.F.);
#1318 = FACE_BOUND('',#1319,.F.);
#1319 = EDGE_LOOP('',(#1320));
#1320 = ORIENTED_EDGE('',*,*,#1321,.F.);
#1321 = EDGE_CURVE('',#1322,#1322,#1324,.T.);
#1322 = VERTEX_POINT('',#1323);
#1323 = CARTESIAN_POINT('',(206.83,-85.54,0.7012));
#1324 = CIRCLE('',#1325,0.9);
#1325 = AXIS2_PLACEMENT_3D('',#1326,#1327,#1328);
#1326 = CARTESIAN_POINT('',(205.93,-85.54,0.7012));
#1327 = DIRECTION('',(0.,0.,1.));
#1328 = DIRECTION('',(1.,0.,0.));
#1329 = FACE_BOUND('',#1330,.F.);
#1330 = EDGE_LOOP('',(#1331));
#1331 = ORIENTED_EDGE('',*,*,#1110,.T.);
#1332 = PLANE('',#1333);
#1333 = AXIS2_PLACEMENT_3D('',#1334,#1335,#1336);
#1334 = CARTESIAN_POINT('',(0.,0.,0.7012));
#1335 = DIRECTION('',(0.,0.,1.));
#1336 = DIRECTION('',(1.,0.,0.));
#1337 = ADVANCED_FACE('',(#1338),#1363,.T.);
#1338 = FACE_BOUND('',#1339,.T.);
#1339 = EDGE_LOOP('',(#1340,#1348,#1356,#1362));
#1340 = ORIENTED_EDGE('',*,*,#1341,.T.);
#1341 = EDGE_CURVE('',#1126,#1342,#1344,.T.);
#1342 = VERTEX_POINT('',#1343);
#1343 = CARTESIAN_POINT('',(165.89,-80.47,7.));
#1344 = LINE('',#1345,#1346);
#1345 = CARTESIAN_POINT('',(165.89,-80.47,0.));
#1346 = VECTOR('',#1347,1.);
#1347 = DIRECTION('',(0.,0.,1.));
#1348 = ORIENTED_EDGE('',*,*,#1349,.T.);
#1349 = EDGE_CURVE('',#1342,#1350,#1352,.T.);
#1350 = VERTEX_POINT('',#1351);
#1351 = CARTESIAN_POINT('',(203.89,-80.47,7.));
#1352 = LINE('',#1353,#1354);
#1353 = CARTESIAN_POINT('',(165.89,-80.47,7.));
#1354 = VECTOR('',#1355,1.);
#1355 = DIRECTION('',(1.,0.,0.));
#1356 = ORIENTED_EDGE('',*,*,#1357,.F.);
#1357 = EDGE_CURVE('',#1128,#1350,#1358,.T.);
#1358 = LINE('',#1359,#1360);
#1359 = CARTESIAN_POINT('',(203.89,-80.47,0.));
#1360 = VECTOR('',#1361,1.);
#1361 = DIRECTION('',(0.,0.,1.));
#1362 = ORIENTED_EDGE('',*,*,#1125,.F.);
#1363 = PLANE('',#1364);
#1364 = AXIS2_PLACEMENT_3D('',#1365,#1366,#1367);
#1365 = CARTESIAN_POINT('',(165.89,-80.47,0.));
#1366 = DIRECTION('',(0.,1.,0.));
#1367 = DIRECTION('',(1.,0.,0.));
#1368 = ADVANCED_FACE('',(#1369),#1393,.F.);
#1369 = FACE_BOUND('',#1370,.F.);
#1370 = EDGE_LOOP('',(#1371,#1372,#1386,#1392));
#1371 = ORIENTED_EDGE('',*,*,#1341,.T.);
#1372 = ORIENTED_EDGE('',*,*,#1373,.T.);
#1373 = EDGE_CURVE('',#1342,#1374,#1376,.T.);
#1374 = VERTEX_POINT('',#1375);
#1375 = CARTESIAN_POINT('',(162.135,-82.7665,7.));
#1376 = ( BOUNDED_CURVE() B_SPLINE_CURVE(8,(#1377,#1378,#1379,#1380,
    #1381,#1382,#1383,#1384,#1385),.UNSPECIFIED.,.F.,.F.) 
B_SPLINE_CURVE_WITH_KNOTS((9,9),(9.029699094948E-15,4.495893090556),
.PIECEWISE_BEZIER_KNOTS.) CURVE() GEOMETRIC_REPRESENTATION_ITEM() 
RATIONAL_B_SPLINE_CURVE((1.,1.,1.,1.,1.,1.,1.,1.,1.)) 
REPRESENTATION_ITEM('') );
#1377 = CARTESIAN_POINT('',(165.89,-80.47,7.));
#1378 = CARTESIAN_POINT('',(165.4245,-80.52455,7.));
#1379 = CARTESIAN_POINT('',(164.95789285714,-80.64553214285,7.));
#1380 = CARTESIAN_POINT('',(164.49017857142,-80.83294642857,7.));
#1381 = CARTESIAN_POINT('',(164.02135714285,-81.08679285714,7.));
#1382 = CARTESIAN_POINT('',(163.55142857142,-81.40707142857,7.));
#1383 = CARTESIAN_POINT('',(163.08039285714,-81.79378214285,7.));
#1384 = CARTESIAN_POINT('',(162.60825,-82.246925,7.));
#1385 = CARTESIAN_POINT('',(162.135,-82.7665,7.));
#1386 = ORIENTED_EDGE('',*,*,#1387,.F.);
#1387 = EDGE_CURVE('',#1136,#1374,#1388,.T.);
#1388 = LINE('',#1389,#1390);
#1389 = CARTESIAN_POINT('',(162.135,-82.7665,0.));
#1390 = VECTOR('',#1391,1.);
#1391 = DIRECTION('',(0.,0.,1.));
#1392 = ORIENTED_EDGE('',*,*,#1135,.F.);
#1393 = SURFACE_OF_LINEAR_EXTRUSION('',#1394,#1398);
#1394 = B_SPLINE_CURVE_WITH_KNOTS('',2,(#1395,#1396,#1397),
  .UNSPECIFIED.,.F.,.F.,(3,3),(0.,1.),.PIECEWISE_BEZIER_KNOTS.);
#1395 = CARTESIAN_POINT('',(165.89,-80.47,0.));
#1396 = CARTESIAN_POINT('',(164.028,-80.6882,0.));
#1397 = CARTESIAN_POINT('',(162.135,-82.7665,0.));
#1398 = VECTOR('',#1399,1.);
#1399 = DIRECTION('',(-0.,-0.,-1.));
#1400 = ADVANCED_FACE('',(#1401),#1425,.T.);
#1401 = FACE_BOUND('',#1402,.T.);
#1402 = EDGE_LOOP('',(#1403,#1404,#1418,#1424));
#1403 = ORIENTED_EDGE('',*,*,#1357,.T.);
#1404 = ORIENTED_EDGE('',*,*,#1405,.T.);
#1405 = EDGE_CURVE('',#1350,#1406,#1408,.T.);
#1406 = VERTEX_POINT('',#1407);
#1407 = CARTESIAN_POINT('',(207.645,-82.7665,7.));
#1408 = ( BOUNDED_CURVE() B_SPLINE_CURVE(8,(#1409,#1410,#1411,#1412,
    #1413,#1414,#1415,#1416,#1417),.UNSPECIFIED.,.F.,.F.) 
B_SPLINE_CURVE_WITH_KNOTS((9,9),(1.047291238939E-14,4.495893090556),
.PIECEWISE_BEZIER_KNOTS.) CURVE() GEOMETRIC_REPRESENTATION_ITEM() 
RATIONAL_B_SPLINE_CURVE((1.,1.,1.,1.,1.,1.,1.,1.,1.)) 
REPRESENTATION_ITEM('') );
#1409 = CARTESIAN_POINT('',(203.89,-80.47,7.));
#1410 = CARTESIAN_POINT('',(204.3555,-80.52455,7.));
#1411 = CARTESIAN_POINT('',(204.82210714285,-80.64553214285,7.));
#1412 = CARTESIAN_POINT('',(205.28982142857,-80.83294642857,7.));
#1413 = CARTESIAN_POINT('',(205.75864285714,-81.08679285714,7.));
#1414 = CARTESIAN_POINT('',(206.22857142857,-81.40707142857,7.));
#1415 = CARTESIAN_POINT('',(206.69960714285,-81.79378214285,7.));
#1416 = CARTESIAN_POINT('',(207.17175,-82.246925,7.));
#1417 = CARTESIAN_POINT('',(207.645,-82.7665,7.));
#1418 = ORIENTED_EDGE('',*,*,#1419,.F.);
#1419 = EDGE_CURVE('',#1231,#1406,#1420,.T.);
#1420 = LINE('',#1421,#1422);
#1421 = CARTESIAN_POINT('',(207.645,-82.7665,0.));
#1422 = VECTOR('',#1423,1.);
#1423 = DIRECTION('',(0.,0.,1.));
#1424 = ORIENTED_EDGE('',*,*,#1239,.F.);
#1425 = SURFACE_OF_LINEAR_EXTRUSION('',#1426,#1430);
#1426 = B_SPLINE_CURVE_WITH_KNOTS('',2,(#1427,#1428,#1429),
  .UNSPECIFIED.,.F.,.F.,(3,3),(0.,1.),.PIECEWISE_BEZIER_KNOTS.);
#1427 = CARTESIAN_POINT('',(203.89,-80.47,0.));
#1428 = CARTESIAN_POINT('',(205.752,-80.6882,0.));
#1429 = CARTESIAN_POINT('',(207.645,-82.7665,0.));
#1430 = VECTOR('',#1431,1.);
#1431 = DIRECTION('',(-0.,-0.,-1.));
#1432 = ADVANCED_FACE('',(#1433),#1462,.F.);
#1433 = FACE_BOUND('',#1434,.F.);
#1434 = EDGE_LOOP('',(#1435,#1436,#1455,#1461));
#1435 = ORIENTED_EDGE('',*,*,#1387,.T.);
#1436 = ORIENTED_EDGE('',*,*,#1437,.T.);
#1437 = EDGE_CURVE('',#1374,#1438,#1440,.T.);
#1438 = VERTEX_POINT('',#1439);
#1439 = CARTESIAN_POINT('',(153.89,-89.54,7.));
#1440 = ( BOUNDED_CURVE() B_SPLINE_CURVE(13,(#1441,#1442,#1443,#1444,
    #1445,#1446,#1447,#1448,#1449,#1450,#1451,#1452,#1453,#1454),
.UNSPECIFIED.,.F.,.F.) B_SPLINE_CURVE_WITH_KNOTS((14,14),(0.112567827116
,11.173051438529),.PIECEWISE_BEZIER_KNOTS.) CURVE() 
GEOMETRIC_REPRESENTATION_ITEM() RATIONAL_B_SPLINE_CURVE((1.,1.,1.,1.,1.,
1.,1.,1.,1.,1.,1.,1.,1.,1.)) REPRESENTATION_ITEM('') );
#1441 = CARTESIAN_POINT('',(162.135,-82.7665,7.));
#1442 = CARTESIAN_POINT('',(161.65012214685,-83.42159371487,7.));
#1443 = CARTESIAN_POINT('',(161.15791405343,-84.12258585389,7.));
#1444 = CARTESIAN_POINT('',(160.65521175057,-84.85098656968,
    6.999999999999));
#1445 = CARTESIAN_POINT('',(160.13592536501,-85.58387561795,
    7.000000000001));
#1446 = CARTESIAN_POINT('',(159.60083373375,-86.32131052445,
    6.999999999998));
#1447 = CARTESIAN_POINT('',(159.02933791422,-87.00650105492,
    7.000000000002));
#1448 = CARTESIAN_POINT('',(158.44973570622,-87.6931397069,
    6.999999999998));
#1449 = CARTESIAN_POINT('',(157.79495629729,-88.27080785674,
    7.000000000002));
#1450 = CARTESIAN_POINT('',(157.14194310214,-88.81004980807,
    6.999999999999));
#1451 = CARTESIAN_POINT('',(156.38386756441,-89.23915177609,7.));
#1452 = CARTESIAN_POINT('',(155.58001140299,-89.50432754859,7.));
#1453 = CARTESIAN_POINT('',(154.74575214,-89.60478678774,7.));
#1454 = CARTESIAN_POINT('',(153.89,-89.54,7.));
#1455 = ORIENTED_EDGE('',*,*,#1456,.F.);
#1456 = EDGE_CURVE('',#1144,#1438,#1457,.T.);
#1457 = LINE('',#1458,#1459);
#1458 = CARTESIAN_POINT('',(153.89,-89.54,0.));
#1459 = VECTOR('',#1460,1.);
#1460 = DIRECTION('',(0.,0.,1.));
#1461 = ORIENTED_EDGE('',*,*,#1143,.F.);
#1462 = SURFACE_OF_LINEAR_EXTRUSION('',#1463,#1468);
#1463 = B_SPLINE_CURVE_WITH_KNOTS('',3,(#1464,#1465,#1466,#1467),
  .UNSPECIFIED.,.F.,.F.,(4,4),(0.,1.),.PIECEWISE_BEZIER_KNOTS.);
#1464 = CARTESIAN_POINT('',(162.135,-82.7665,0.));
#1465 = CARTESIAN_POINT('',(159.99,-85.6645,0.));
#1466 = CARTESIAN_POINT('',(157.636,-89.8236,0.));
#1467 = CARTESIAN_POINT('',(153.89,-89.54,0.));
#1468 = VECTOR('',#1469,1.);
#1469 = DIRECTION('',(-0.,-0.,-1.));
#1470 = ADVANCED_FACE('',(#1471),#1500,.T.);
#1471 = FACE_BOUND('',#1472,.T.);
#1472 = EDGE_LOOP('',(#1473,#1474,#1493,#1499));
#1473 = ORIENTED_EDGE('',*,*,#1419,.T.);
#1474 = ORIENTED_EDGE('',*,*,#1475,.T.);
#1475 = EDGE_CURVE('',#1406,#1476,#1478,.T.);
#1476 = VERTEX_POINT('',#1477);
#1477 = CARTESIAN_POINT('',(215.89,-89.54,7.));
#1478 = ( BOUNDED_CURVE() B_SPLINE_CURVE(13,(#1479,#1480,#1481,#1482,
    #1483,#1484,#1485,#1486,#1487,#1488,#1489,#1490,#1491,#1492),
.UNSPECIFIED.,.F.,.F.) B_SPLINE_CURVE_WITH_KNOTS((14,14),(0.112567827116
,11.173051438529),.PIECEWISE_BEZIER_KNOTS.) CURVE() 
GEOMETRIC_REPRESENTATION_ITEM() RATIONAL_B_SPLINE_CURVE((1.,1.,
    1.000000000002,0.999999999996,1.000000000008,0.999999999988,
    1.000000000014,0.999999999987,1.00000000001,0.999999999994,
1.000000000003,0.999999999999,1.,1.)) REPRESENTATION_ITEM('') );
#1479 = CARTESIAN_POINT('',(207.645,-82.7665,7.));
#1480 = CARTESIAN_POINT('',(208.12987785314,-83.42159371487,7.));
#1481 = CARTESIAN_POINT('',(208.62208594656,-84.12258585389,7.));
#1482 = CARTESIAN_POINT('',(209.12478824942,-84.85098656968,
    7.000000000001));
#1483 = CARTESIAN_POINT('',(209.64407463498,-85.58387561795,
    6.999999999998));
#1484 = CARTESIAN_POINT('',(210.17916626625,-86.32131052446,
    7.000000000003));
#1485 = CARTESIAN_POINT('',(210.75066208574,-87.0065010549,
    6.999999999997));
#1486 = CARTESIAN_POINT('',(211.3302642938,-87.69313970693,
    7.000000000004));
#1487 = CARTESIAN_POINT('',(211.98504370267,-88.27080785671,
    6.999999999997));
#1488 = CARTESIAN_POINT('',(212.63805689788,-88.81004980809,
    7.000000000002));
#1489 = CARTESIAN_POINT('',(213.39613243557,-89.23915177608,
    6.999999999999));
#1490 = CARTESIAN_POINT('',(214.19998859701,-89.50432754859,7.));
#1491 = CARTESIAN_POINT('',(215.03424785999,-89.60478678774,7.));
#1492 = CARTESIAN_POINT('',(215.89,-89.54,7.));
#1493 = ORIENTED_EDGE('',*,*,#1494,.F.);
#1494 = EDGE_CURVE('',#1222,#1476,#1495,.T.);
#1495 = LINE('',#1496,#1497);
#1496 = CARTESIAN_POINT('',(215.89,-89.54,0.));
#1497 = VECTOR('',#1498,1.);
#1498 = DIRECTION('',(0.,0.,1.));
#1499 = ORIENTED_EDGE('',*,*,#1230,.F.);
#1500 = SURFACE_OF_LINEAR_EXTRUSION('',#1501,#1506);
#1501 = B_SPLINE_CURVE_WITH_KNOTS('',3,(#1502,#1503,#1504,#1505),
  .UNSPECIFIED.,.F.,.F.,(4,4),(0.,1.),.PIECEWISE_BEZIER_KNOTS.);
#1502 = CARTESIAN_POINT('',(207.645,-82.7665,0.));
#1503 = CARTESIAN_POINT('',(209.79,-85.6645,0.));
#1504 = CARTESIAN_POINT('',(212.144,-89.8236,0.));
#1505 = CARTESIAN_POINT('',(215.89,-89.54,0.));
#1506 = VECTOR('',#1507,1.);
#1507 = DIRECTION('',(-0.,-0.,-1.));
#1508 = ADVANCED_FACE('',(#1509),#1538,.T.);
#1509 = FACE_BOUND('',#1510,.F.);
#1510 = EDGE_LOOP('',(#1511,#1519,#1520,#1521,#1522,#1531));
#1511 = ORIENTED_EDGE('',*,*,#1512,.F.);
#1512 = EDGE_CURVE('',#1162,#1513,#1515,.T.);
#1513 = VERTEX_POINT('',#1514);
#1514 = CARTESIAN_POINT('',(153.89,-109.4,7.));
#1515 = LINE('',#1516,#1517);
#1516 = CARTESIAN_POINT('',(153.89,-109.4,0.));
#1517 = VECTOR('',#1518,1.);
#1518 = DIRECTION('',(0.,0.,1.));
#1519 = ORIENTED_EDGE('',*,*,#1161,.F.);
#1520 = ORIENTED_EDGE('',*,*,#1152,.F.);
#1521 = ORIENTED_EDGE('',*,*,#1456,.T.);
#1522 = ORIENTED_EDGE('',*,*,#1523,.T.);
#1523 = EDGE_CURVE('',#1438,#1524,#1526,.T.);
#1524 = VERTEX_POINT('',#1525);
#1525 = CARTESIAN_POINT('',(143.96,-99.47,7.));
#1526 = CIRCLE('',#1527,9.93);
#1527 = AXIS2_PLACEMENT_3D('',#1528,#1529,#1530);
#1528 = CARTESIAN_POINT('',(153.89,-99.47,7.));
#1529 = DIRECTION('',(0.,-0.,1.));
#1530 = DIRECTION('',(1.431103193877E-14,1.,0.));
#1531 = ORIENTED_EDGE('',*,*,#1532,.T.);
#1532 = EDGE_CURVE('',#1524,#1513,#1533,.T.);
#1533 = CIRCLE('',#1534,9.93);
#1534 = AXIS2_PLACEMENT_3D('',#1535,#1536,#1537);
#1535 = CARTESIAN_POINT('',(153.89,-99.47,7.));
#1536 = DIRECTION('',(0.,0.,1.));
#1537 = DIRECTION('',(-1.,0.,0.));
#1538 = CYLINDRICAL_SURFACE('',#1539,9.93);
#1539 = AXIS2_PLACEMENT_3D('',#1540,#1541,#1542);
#1540 = CARTESIAN_POINT('',(153.89,-99.47,0.));
#1541 = DIRECTION('',(-0.,-0.,-1.));
#1542 = DIRECTION('',(1.,0.,0.));
#1543 = ADVANCED_FACE('',(#1544),#1573,.T.);
#1544 = FACE_BOUND('',#1545,.F.);
#1545 = EDGE_LOOP('',(#1546,#1547,#1548,#1549,#1557,#1566));
#1546 = ORIENTED_EDGE('',*,*,#1494,.F.);
#1547 = ORIENTED_EDGE('',*,*,#1221,.F.);
#1548 = ORIENTED_EDGE('',*,*,#1212,.F.);
#1549 = ORIENTED_EDGE('',*,*,#1550,.T.);
#1550 = EDGE_CURVE('',#1204,#1551,#1553,.T.);
#1551 = VERTEX_POINT('',#1552);
#1552 = CARTESIAN_POINT('',(215.89,-109.4,7.));
#1553 = LINE('',#1554,#1555);
#1554 = CARTESIAN_POINT('',(215.89,-109.4,0.));
#1555 = VECTOR('',#1556,1.);
#1556 = DIRECTION('',(0.,0.,1.));
#1557 = ORIENTED_EDGE('',*,*,#1558,.F.);
#1558 = EDGE_CURVE('',#1559,#1551,#1561,.T.);
#1559 = VERTEX_POINT('',#1560);
#1560 = CARTESIAN_POINT('',(225.82,-99.47,7.));
#1561 = CIRCLE('',#1562,9.93);
#1562 = AXIS2_PLACEMENT_3D('',#1563,#1564,#1565);
#1563 = CARTESIAN_POINT('',(215.89,-99.47,7.));
#1564 = DIRECTION('',(0.,0.,-1.));
#1565 = DIRECTION('',(1.,0.,0.));
#1566 = ORIENTED_EDGE('',*,*,#1567,.F.);
#1567 = EDGE_CURVE('',#1476,#1559,#1568,.T.);
#1568 = CIRCLE('',#1569,9.93);
#1569 = AXIS2_PLACEMENT_3D('',#1570,#1571,#1572);
#1570 = CARTESIAN_POINT('',(215.89,-99.47,7.));
#1571 = DIRECTION('',(0.,0.,-1.));
#1572 = DIRECTION('',(-1.717323832653E-14,1.,0.));
#1573 = CYLINDRICAL_SURFACE('',#1574,9.93);
#1574 = AXIS2_PLACEMENT_3D('',#1575,#1576,#1577);
#1575 = CARTESIAN_POINT('',(215.89,-99.47,0.));
#1576 = DIRECTION('',(-0.,-0.,-1.));
#1577 = DIRECTION('',(1.,0.,0.));
#1578 = ADVANCED_FACE('',(#1579),#1608,.T.);
#1579 = FACE_BOUND('',#1580,.T.);
#1580 = EDGE_LOOP('',(#1581,#1589,#1606,#1607));
#1581 = ORIENTED_EDGE('',*,*,#1582,.T.);
#1582 = EDGE_CURVE('',#1171,#1583,#1585,.T.);
#1583 = VERTEX_POINT('',#1584);
#1584 = CARTESIAN_POINT('',(162.135,-116.1735,7.));
#1585 = LINE('',#1586,#1587);
#1586 = CARTESIAN_POINT('',(162.135,-116.1735,0.));
#1587 = VECTOR('',#1588,1.);
#1588 = DIRECTION('',(0.,0.,1.));
#1589 = ORIENTED_EDGE('',*,*,#1590,.F.);
#1590 = EDGE_CURVE('',#1513,#1583,#1591,.T.);
#1591 = ( BOUNDED_CURVE() B_SPLINE_CURVE(13,(#1592,#1593,#1594,#1595,
    #1596,#1597,#1598,#1599,#1600,#1601,#1602,#1603,#1604,#1605),
.UNSPECIFIED.,.F.,.F.) B_SPLINE_CURVE_WITH_KNOTS((14,14),(
42.369066488675,53.429550100089),.PIECEWISE_BEZIER_KNOTS.) CURVE() 
GEOMETRIC_REPRESENTATION_ITEM() RATIONAL_B_SPLINE_CURVE((1.031393471788,
    1.031393471788,1.031393471785,1.031393471795,1.031393471773,
    1.031393471809,1.031393471761,1.031393471813,1.031393471767,
    1.0313934718,1.031393471781,1.03139347179,1.031393471787,
1.031393471788)) REPRESENTATION_ITEM('') );
#1592 = CARTESIAN_POINT('',(153.89,-109.4,7.));
#1593 = CARTESIAN_POINT('',(154.74575214,-109.3352132122,7.));
#1594 = CARTESIAN_POINT('',(155.58001140298,-109.4356724514,7.));
#1595 = CARTESIAN_POINT('',(156.38386756443,-109.7008482239,
    7.000000000001));
#1596 = CARTESIAN_POINT('',(157.14194310211,-110.1299501919,
    6.999999999999));
#1597 = CARTESIAN_POINT('',(157.79495629732,-110.6691921432,
    7.000000000002));
#1598 = CARTESIAN_POINT('',(158.4497357062,-111.246860293,6.999999999998
    ));
#1599 = CARTESIAN_POINT('',(159.02933791424,-111.933498945,
    7.000000000002));
#1600 = CARTESIAN_POINT('',(159.60083373374,-112.6186894755,
    6.999999999999));
#1601 = CARTESIAN_POINT('',(160.135925365,-113.356124382,7.000000000001)
  );
#1602 = CARTESIAN_POINT('',(160.65521175057,-114.0890134303,7.));
#1603 = CARTESIAN_POINT('',(161.15791405343,-114.8174141461,7.));
#1604 = CARTESIAN_POINT('',(161.65012214685,-115.5184062851,7.));
#1605 = CARTESIAN_POINT('',(162.135,-116.1735,7.));
#1606 = ORIENTED_EDGE('',*,*,#1512,.F.);
#1607 = ORIENTED_EDGE('',*,*,#1170,.F.);
#1608 = SURFACE_OF_LINEAR_EXTRUSION('',#1609,#1614);
#1609 = B_SPLINE_CURVE_WITH_KNOTS('',3,(#1610,#1611,#1612,#1613),
  .UNSPECIFIED.,.F.,.F.,(4,4),(0.,1.),.PIECEWISE_BEZIER_KNOTS.);
#1610 = CARTESIAN_POINT('',(162.135,-116.1735,0.));
#1611 = CARTESIAN_POINT('',(159.99,-113.2755,0.));
#1612 = CARTESIAN_POINT('',(157.636,-109.1164,0.));
#1613 = CARTESIAN_POINT('',(153.89,-109.4,0.));
#1614 = VECTOR('',#1615,1.);
#1615 = DIRECTION('',(-0.,-0.,-1.));
#1616 = ADVANCED_FACE('',(#1617),#1646,.F.);
#1617 = FACE_BOUND('',#1618,.F.);
#1618 = EDGE_LOOP('',(#1619,#1627,#1644,#1645));
#1619 = ORIENTED_EDGE('',*,*,#1620,.T.);
#1620 = EDGE_CURVE('',#1196,#1621,#1623,.T.);
#1621 = VERTEX_POINT('',#1622);
#1622 = CARTESIAN_POINT('',(207.645,-116.1735,7.));
#1623 = LINE('',#1624,#1625);
#1624 = CARTESIAN_POINT('',(207.645,-116.1735,0.));
#1625 = VECTOR('',#1626,1.);
#1626 = DIRECTION('',(0.,0.,1.));
#1627 = ORIENTED_EDGE('',*,*,#1628,.F.);
#1628 = EDGE_CURVE('',#1551,#1621,#1629,.T.);
#1629 = ( BOUNDED_CURVE() B_SPLINE_CURVE(13,(#1630,#1631,#1632,#1633,
    #1634,#1635,#1636,#1637,#1638,#1639,#1640,#1641,#1642,#1643),
.UNSPECIFIED.,.F.,.F.) B_SPLINE_CURVE_WITH_KNOTS((14,14),(
42.369066488675,53.429550100089),.PIECEWISE_BEZIER_KNOTS.) CURVE() 
GEOMETRIC_REPRESENTATION_ITEM() RATIONAL_B_SPLINE_CURVE((1.031393471788,
    1.031393471787,1.031393471788,1.031393471786,1.031393471791,
    1.031393471782,1.031393471794,1.031393471782,1.031393471792,
    1.031393471785,1.031393471789,1.031393471787,1.031393471788,
1.031393471788)) REPRESENTATION_ITEM('') );
#1630 = CARTESIAN_POINT('',(215.89,-109.4,7.));
#1631 = CARTESIAN_POINT('',(215.03424786,-109.3352132122,7.));
#1632 = CARTESIAN_POINT('',(214.199988597,-109.4356724514,7.));
#1633 = CARTESIAN_POINT('',(213.39613243558,-109.7008482239,
    6.999999999999));
#1634 = CARTESIAN_POINT('',(212.63805689785,-110.1299501919,
    7.000000000002));
#1635 = CARTESIAN_POINT('',(211.98504370271,-110.6691921432,
    6.999999999997));
#1636 = CARTESIAN_POINT('',(211.33026429376,-111.246860293,
    7.000000000004));
#1637 = CARTESIAN_POINT('',(210.75066208577,-111.9334989451,
    6.999999999996));
#1638 = CARTESIAN_POINT('',(210.17916626624,-112.6186894755,
    7.000000000004));
#1639 = CARTESIAN_POINT('',(209.64407463498,-113.356124382,
    6.999999999998));
#1640 = CARTESIAN_POINT('',(209.12478824943,-114.0890134303,
    7.000000000001));
#1641 = CARTESIAN_POINT('',(208.62208594656,-114.8174141461,7.));
#1642 = CARTESIAN_POINT('',(208.12987785314,-115.5184062851,7.));
#1643 = CARTESIAN_POINT('',(207.645,-116.1735,7.));
#1644 = ORIENTED_EDGE('',*,*,#1550,.F.);
#1645 = ORIENTED_EDGE('',*,*,#1203,.F.);
#1646 = SURFACE_OF_LINEAR_EXTRUSION('',#1647,#1652);
#1647 = B_SPLINE_CURVE_WITH_KNOTS('',3,(#1648,#1649,#1650,#1651),
  .UNSPECIFIED.,.F.,.F.,(4,4),(0.,1.),.PIECEWISE_BEZIER_KNOTS.);
#1648 = CARTESIAN_POINT('',(207.645,-116.1735,0.));
#1649 = CARTESIAN_POINT('',(209.79,-113.2755,0.));
#1650 = CARTESIAN_POINT('',(212.144,-109.1164,0.));
#1651 = CARTESIAN_POINT('',(215.89,-109.4,0.));
#1652 = VECTOR('',#1653,1.);
#1653 = DIRECTION('',(-0.,-0.,-1.));
#1654 = ADVANCED_FACE('',(#1655),#1679,.T.);
#1655 = FACE_BOUND('',#1656,.T.);
#1656 = EDGE_LOOP('',(#1657,#1665,#1677,#1678));
#1657 = ORIENTED_EDGE('',*,*,#1658,.T.);
#1658 = EDGE_CURVE('',#1180,#1659,#1661,.T.);
#1659 = VERTEX_POINT('',#1660);
#1660 = CARTESIAN_POINT('',(165.89,-118.47,7.));
#1661 = LINE('',#1662,#1663);
#1662 = CARTESIAN_POINT('',(165.89,-118.47,0.));
#1663 = VECTOR('',#1664,1.);
#1664 = DIRECTION('',(0.,0.,1.));
#1665 = ORIENTED_EDGE('',*,*,#1666,.T.);
#1666 = EDGE_CURVE('',#1659,#1583,#1667,.T.);
#1667 = ( BOUNDED_CURVE() B_SPLINE_CURVE(8,(#1668,#1669,#1670,#1671,
    #1672,#1673,#1674,#1675,#1676),.UNSPECIFIED.,.F.,.F.) 
B_SPLINE_CURVE_WITH_KNOTS((9,9),(2.00177543371E-14,4.495893090556),
.PIECEWISE_BEZIER_KNOTS.) CURVE() GEOMETRIC_REPRESENTATION_ITEM() 
RATIONAL_B_SPLINE_CURVE((1.,1.,1.,1.,1.,1.,1.,1.,1.)) 
REPRESENTATION_ITEM('') );
#1668 = CARTESIAN_POINT('',(165.89,-118.47,7.));
#1669 = CARTESIAN_POINT('',(165.4245,-118.41545,7.));
#1670 = CARTESIAN_POINT('',(164.95789285714,-118.2944678571,7.));
#1671 = CARTESIAN_POINT('',(164.49017857142,-118.1070535714,7.));
#1672 = CARTESIAN_POINT('',(164.02135714285,-117.8532071428,7.));
#1673 = CARTESIAN_POINT('',(163.55142857142,-117.5329285714,7.));
#1674 = CARTESIAN_POINT('',(163.08039285714,-117.1462178571,7.));
#1675 = CARTESIAN_POINT('',(162.60825,-116.693075,7.));
#1676 = CARTESIAN_POINT('',(162.135,-116.1735,7.));
#1677 = ORIENTED_EDGE('',*,*,#1582,.F.);
#1678 = ORIENTED_EDGE('',*,*,#1179,.F.);
#1679 = SURFACE_OF_LINEAR_EXTRUSION('',#1680,#1684);
#1680 = B_SPLINE_CURVE_WITH_KNOTS('',2,(#1681,#1682,#1683),
  .UNSPECIFIED.,.F.,.F.,(3,3),(0.,1.),.PIECEWISE_BEZIER_KNOTS.);
#1681 = CARTESIAN_POINT('',(165.89,-118.47,0.));
#1682 = CARTESIAN_POINT('',(164.028,-118.2518,0.));
#1683 = CARTESIAN_POINT('',(162.135,-116.1735,0.));
#1684 = VECTOR('',#1685,1.);
#1685 = DIRECTION('',(-0.,-0.,-1.));
#1686 = ADVANCED_FACE('',(#1687),#1711,.F.);
#1687 = FACE_BOUND('',#1688,.F.);
#1688 = EDGE_LOOP('',(#1689,#1697,#1709,#1710));
#1689 = ORIENTED_EDGE('',*,*,#1690,.T.);
#1690 = EDGE_CURVE('',#1188,#1691,#1693,.T.);
#1691 = VERTEX_POINT('',#1692);
#1692 = CARTESIAN_POINT('',(203.89,-118.47,7.));
#1693 = LINE('',#1694,#1695);
#1694 = CARTESIAN_POINT('',(203.89,-118.47,0.));
#1695 = VECTOR('',#1696,1.);
#1696 = DIRECTION('',(0.,0.,1.));
#1697 = ORIENTED_EDGE('',*,*,#1698,.T.);
#1698 = EDGE_CURVE('',#1691,#1621,#1699,.T.);
#1699 = ( BOUNDED_CURVE() B_SPLINE_CURVE(8,(#1700,#1701,#1702,#1703,
    #1704,#1705,#1706,#1707,#1708),.UNSPECIFIED.,.F.,.F.) 
B_SPLINE_CURVE_WITH_KNOTS((9,9),(-5.106940906564E-14,4.495893090556),
.PIECEWISE_BEZIER_KNOTS.) CURVE() GEOMETRIC_REPRESENTATION_ITEM() 
RATIONAL_B_SPLINE_CURVE((1.,1.,1.,1.,1.,1.,1.,1.,1.)) 
REPRESENTATION_ITEM('') );
#1700 = CARTESIAN_POINT('',(203.89,-118.47,7.));
#1701 = CARTESIAN_POINT('',(204.3555,-118.41545,7.));
#1702 = CARTESIAN_POINT('',(204.82210714285,-118.2944678571,7.));
#1703 = CARTESIAN_POINT('',(205.28982142857,-118.1070535714,7.));
#1704 = CARTESIAN_POINT('',(205.75864285714,-117.8532071428,7.));
#1705 = CARTESIAN_POINT('',(206.22857142857,-117.5329285714,7.));
#1706 = CARTESIAN_POINT('',(206.69960714285,-117.1462178571,7.));
#1707 = CARTESIAN_POINT('',(207.17175,-116.693075,7.));
#1708 = CARTESIAN_POINT('',(207.645,-116.1735,7.));
#1709 = ORIENTED_EDGE('',*,*,#1620,.F.);
#1710 = ORIENTED_EDGE('',*,*,#1195,.F.);
#1711 = SURFACE_OF_LINEAR_EXTRUSION('',#1712,#1716);
#1712 = B_SPLINE_CURVE_WITH_KNOTS('',2,(#1713,#1714,#1715),
  .UNSPECIFIED.,.F.,.F.,(3,3),(0.,1.),.PIECEWISE_BEZIER_KNOTS.);
#1713 = CARTESIAN_POINT('',(203.89,-118.47,0.));
#1714 = CARTESIAN_POINT('',(205.752,-118.2518,0.));
#1715 = CARTESIAN_POINT('',(207.645,-116.1735,0.));
#1716 = VECTOR('',#1717,1.);
#1717 = DIRECTION('',(-0.,-0.,-1.));
#1718 = ADVANCED_FACE('',(#1719),#1730,.T.);
#1719 = FACE_BOUND('',#1720,.T.);
#1720 = EDGE_LOOP('',(#1721,#1722,#1728,#1729));
#1721 = ORIENTED_EDGE('',*,*,#1690,.T.);
#1722 = ORIENTED_EDGE('',*,*,#1723,.T.);
#1723 = EDGE_CURVE('',#1691,#1659,#1724,.T.);
#1724 = LINE('',#1725,#1726);
#1725 = CARTESIAN_POINT('',(203.89,-118.47,7.));
#1726 = VECTOR('',#1727,1.);
#1727 = DIRECTION('',(-1.,0.,0.));
#1728 = ORIENTED_EDGE('',*,*,#1658,.F.);
#1729 = ORIENTED_EDGE('',*,*,#1187,.F.);
#1730 = PLANE('',#1731);
#1731 = AXIS2_PLACEMENT_3D('',#1732,#1733,#1734);
#1732 = CARTESIAN_POINT('',(203.89,-118.47,0.));
#1733 = DIRECTION('',(0.,-1.,0.));
#1734 = DIRECTION('',(-1.,0.,0.));
#1735 = ADVANCED_FACE('',(#1736),#1756,.T.);
#1736 = FACE_BOUND('',#1737,.F.);
#1737 = EDGE_LOOP('',(#1738,#1747,#1748,#1749));
#1738 = ORIENTED_EDGE('',*,*,#1739,.F.);
#1739 = EDGE_CURVE('',#1282,#1740,#1742,.T.);
#1740 = VERTEX_POINT('',#1741);
#1741 = CARTESIAN_POINT('',(206.43,-113.51,1.1012));
#1742 = CIRCLE('',#1743,0.4);
#1743 = AXIS2_PLACEMENT_3D('',#1744,#1745,#1746);
#1744 = CARTESIAN_POINT('',(206.83,-113.51,1.1012));
#1745 = DIRECTION('',(-0.,1.,0.));
#1746 = DIRECTION('',(1.,0.,0.));
#1747 = ORIENTED_EDGE('',*,*,#1281,.F.);
#1748 = ORIENTED_EDGE('',*,*,#1739,.T.);
#1749 = ORIENTED_EDGE('',*,*,#1750,.T.);
#1750 = EDGE_CURVE('',#1740,#1740,#1751,.T.);
#1751 = CIRCLE('',#1752,0.5);
#1752 = AXIS2_PLACEMENT_3D('',#1753,#1754,#1755);
#1753 = CARTESIAN_POINT('',(205.93,-113.51,1.1012));
#1754 = DIRECTION('',(0.,0.,1.));
#1755 = DIRECTION('',(1.,0.,0.));
#1756 = TOROIDAL_SURFACE('',#1757,0.9,0.4);
#1757 = AXIS2_PLACEMENT_3D('',#1758,#1759,#1760);
#1758 = CARTESIAN_POINT('',(205.93,-113.51,1.1012));
#1759 = DIRECTION('',(-0.,-0.,-1.));
#1760 = DIRECTION('',(1.,0.,0.));
#1761 = ADVANCED_FACE('',(#1762),#1782,.T.);
#1762 = FACE_BOUND('',#1763,.F.);
#1763 = EDGE_LOOP('',(#1764,#1773,#1774,#1775));
#1764 = ORIENTED_EDGE('',*,*,#1765,.F.);
#1765 = EDGE_CURVE('',#1302,#1766,#1768,.T.);
#1766 = VERTEX_POINT('',#1767);
#1767 = CARTESIAN_POINT('',(164.43,-85.54,1.1012));
#1768 = CIRCLE('',#1769,0.4);
#1769 = AXIS2_PLACEMENT_3D('',#1770,#1771,#1772);
#1770 = CARTESIAN_POINT('',(164.83,-85.54,1.1012));
#1771 = DIRECTION('',(-0.,1.,0.));
#1772 = DIRECTION('',(1.,0.,0.));
#1773 = ORIENTED_EDGE('',*,*,#1301,.F.);
#1774 = ORIENTED_EDGE('',*,*,#1765,.T.);
#1775 = ORIENTED_EDGE('',*,*,#1776,.T.);
#1776 = EDGE_CURVE('',#1766,#1766,#1777,.T.);
#1777 = CIRCLE('',#1778,0.5);
#1778 = AXIS2_PLACEMENT_3D('',#1779,#1780,#1781);
#1779 = CARTESIAN_POINT('',(163.93,-85.54,1.1012));
#1780 = DIRECTION('',(0.,0.,1.));
#1781 = DIRECTION('',(1.,0.,0.));
#1782 = TOROIDAL_SURFACE('',#1783,0.9,0.4);
#1783 = AXIS2_PLACEMENT_3D('',#1784,#1785,#1786);
#1784 = CARTESIAN_POINT('',(163.93,-85.54,1.1012));
#1785 = DIRECTION('',(-0.,-0.,-1.));
#1786 = DIRECTION('',(1.,0.,0.));
#1787 = ADVANCED_FACE('',(#1788),#1808,.T.);
#1788 = FACE_BOUND('',#1789,.F.);
#1789 = EDGE_LOOP('',(#1790,#1799,#1800,#1801));
#1790 = ORIENTED_EDGE('',*,*,#1791,.F.);
#1791 = EDGE_CURVE('',#1322,#1792,#1794,.T.);
#1792 = VERTEX_POINT('',#1793);
#1793 = CARTESIAN_POINT('',(206.43,-85.54,1.1012));
#1794 = CIRCLE('',#1795,0.4);
#1795 = AXIS2_PLACEMENT_3D('',#1796,#1797,#1798);
#1796 = CARTESIAN_POINT('',(206.83,-85.54,1.1012));
#1797 = DIRECTION('',(-0.,1.,0.));
#1798 = DIRECTION('',(1.,0.,0.));
#1799 = ORIENTED_EDGE('',*,*,#1321,.F.);
#1800 = ORIENTED_EDGE('',*,*,#1791,.T.);
#1801 = ORIENTED_EDGE('',*,*,#1802,.T.);
#1802 = EDGE_CURVE('',#1792,#1792,#1803,.T.);
#1803 = CIRCLE('',#1804,0.5);
#1804 = AXIS2_PLACEMENT_3D('',#1805,#1806,#1807);
#1805 = CARTESIAN_POINT('',(205.93,-85.54,1.1012));
#1806 = DIRECTION('',(0.,0.,1.));
#1807 = DIRECTION('',(1.,0.,0.));
#1808 = TOROIDAL_SURFACE('',#1809,0.9,0.4);
#1809 = AXIS2_PLACEMENT_3D('',#1810,#1811,#1812);
#1810 = CARTESIAN_POINT('',(205.93,-85.54,1.1012));
#1811 = DIRECTION('',(-0.,-0.,-1.));
#1812 = DIRECTION('',(1.,0.,0.));
#1813 = ADVANCED_FACE('',(#1814),#1927,.T.);
#1814 = FACE_BOUND('',#1815,.T.);
#1815 = EDGE_LOOP('',(#1816,#1877,#1885,#1926));
#1816 = ORIENTED_EDGE('',*,*,#1817,.T.);
#1817 = EDGE_CURVE('',#1342,#1818,#1820,.T.);
#1818 = VERTEX_POINT('',#1819);
#1819 = CARTESIAN_POINT('',(166.12736962705,-83.47,10.));
#1820 = B_SPLINE_CURVE_WITH_KNOTS('',7,(#1821,#1822,#1823,#1824,#1825,
    #1826,#1827,#1828,#1829,#1830,#1831,#1832,#1833,#1834,#1835,#1836,
    #1837,#1838,#1839,#1840,#1841,#1842,#1843,#1844,#1845,#1846,#1847,
    #1848,#1849,#1850,#1851,#1852,#1853,#1854,#1855,#1856,#1857,#1858,
    #1859,#1860,#1861,#1862,#1863,#1864,#1865,#1866,#1867,#1868,#1869,
    #1870,#1871,#1872,#1873,#1874,#1875,#1876),.UNSPECIFIED.,.F.,.F.,(8,
    6,6,6,6,6,6,6,6,8),(0.,5.062662252905E-03,0.209167960384,
    0.413922766653,0.761684893634,0.889680722903,0.94430658174,
    0.972142909376,0.986090849292,1.),.UNSPECIFIED.);
#1821 = CARTESIAN_POINT('',(165.89000018862,-80.47000160959,
    7.003118279524));
#1822 = CARTESIAN_POINT('',(165.89000038707,-80.47000500823,
    7.00638800155));
#1823 = CARTESIAN_POINT('',(165.89000076807,-80.47001257248,
    7.009658583403));
#1824 = CARTESIAN_POINT('',(165.89000139345,-80.47002429906,
    7.012930016691));
#1825 = CARTESIAN_POINT('',(165.89000229692,-80.47004018797,
    7.016202293079));
#1826 = CARTESIAN_POINT('',(165.89000348409,-80.47006024249,
    7.019475404282));
#1827 = CARTESIAN_POINT('',(165.89000493244,-80.47008446914,
    7.02274934207));
#1828 = CARTESIAN_POINT('',(165.89007347086,-80.47125819306,
    7.158048526472));
#1829 = CARTESIAN_POINT('',(165.89053691962,-80.47919439372,
    7.291407297711));
#1830 = CARTESIAN_POINT('',(165.8914119012,-80.49417412174,7.42554931948
    ));
#1831 = CARTESIAN_POINT('',(165.89271170557,-80.51638134439,
    7.559891057542));
#1832 = CARTESIAN_POINT('',(165.89444797555,-80.54592609086,
    7.693825615834));
#1833 = CARTESIAN_POINT('',(165.89663073329,-80.58283918881,
    7.826731816382));
#1834 = CARTESIAN_POINT('',(165.90191447381,-80.67143555587,
    8.089652413183));
#1835 = CARTESIAN_POINT('',(165.90501852492,-80.72316833345,
    8.21966450795));
#1836 = CARTESIAN_POINT('',(165.90858902006,-80.78221155345,
    8.347386061081));
#1837 = CARTESIAN_POINT('',(165.91263314095,-80.8484320348,
    8.472195847488));
#1838 = CARTESIAN_POINT('',(165.91715695238,-80.92161823561,
    8.59349336965));
#1839 = CARTESIAN_POINT('',(165.92216556365,-81.00148129308,
    8.710707307824));
#1840 = CARTESIAN_POINT('',(165.93700080447,-81.23401805603,
    9.014541751379));
#1841 = CARTESIAN_POINT('',(165.94775112056,-81.39861673425,
    9.19249972751));
#1842 = CARTESIAN_POINT('',(165.95993462494,-81.57965185575,
    9.354526601733));
#1843 = CARTESIAN_POINT('',(165.97357015734,-81.77477315108,
    9.498454989462));
#1844 = CARTESIAN_POINT('',(165.98868358751,-81.98121180684,
    9.622639983741));
#1845 = CARTESIAN_POINT('',(166.00531451343,-82.19580151849,
    9.726035745034));
#1846 = CARTESIAN_POINT('',(166.03023493359,-82.49574501656,
    9.83870707214));
#1847 = CARTESIAN_POINT('',(166.03715418347,-82.577071981,9.866170085936
    ));
#1848 = CARTESIAN_POINT('',(166.04429185179,-82.6588606536,
    9.890772564537));
#1849 = CARTESIAN_POINT('',(166.05165187044,-82.74093020468,
    9.912515605291));
#1850 = CARTESIAN_POINT('',(166.05923829668,-82.82308981294,
    9.931415334208));
#1851 = CARTESIAN_POINT('',(166.06705515541,-82.90513972746,
    9.947505886863));
#1852 = CARTESIAN_POINT('',(166.07854232846,-83.02175404132,
    9.966534120846));
#1853 = CARTESIAN_POINT('',(166.08202098642,-83.05657741143,
    9.97172413762));
#1854 = CARTESIAN_POINT('',(166.08554251488,-83.09132604809,
    9.976416694797));
#1855 = CARTESIAN_POINT('',(166.0891071285,-83.12598298416,
    9.980616722262));
#1856 = CARTESIAN_POINT('',(166.09271498508,-83.1605307827,
    9.984329893457));
#1857 = CARTESIAN_POINT('',(166.0963661735,-83.19495164227,
    9.987562694233));
#1858 = CARTESIAN_POINT('',(166.10194336482,-83.24669384672,
    9.99172883345));
#1859 = CARTESIAN_POINT('',(166.10383728014,-83.26412252687,
    9.993012347859));
#1860 = CARTESIAN_POINT('',(166.10574244762,-83.28151113303,
    9.994174006446));
#1861 = CARTESIAN_POINT('',(166.10765886016,-83.29885724301,
    9.99521484159));
#1862 = CARTESIAN_POINT('',(166.10958650341,-83.3161584221,
    9.996135946527));
#1863 = CARTESIAN_POINT('',(166.11152535584,-83.3334122231,
    9.996938475346));
#1864 = CARTESIAN_POINT('',(166.11445249104,-83.35923657068,
    9.997966959728));
#1865 = CARTESIAN_POINT('',(166.11543240037,-83.36784444313,
    9.998280810638));
#1866 = CARTESIAN_POINT('',(166.11641511298,-83.37643949474,
    9.998565348734));
#1867 = CARTESIAN_POINT('',(166.11740062465,-83.38502141714,
    9.998820730963));
#1868 = CARTESIAN_POINT('',(166.11838893065,-83.39358990247,
    9.999047118218));
#1869 = CARTESIAN_POINT('',(166.11938002574,-83.40214464338,
    9.999244675328));
#1870 = CARTESIAN_POINT('',(166.12136501859,-83.41920227097,9.9995819971
    ));
#1871 = CARTESIAN_POINT('',(166.12235896273,-83.42770528257,
    9.999721921106));
#1872 = CARTESIAN_POINT('',(166.12335543183,-83.43619385926,
    9.999833510066));
#1873 = CARTESIAN_POINT('',(166.12435495424,-83.44466804651,
    9.999916935477));
#1874 = CARTESIAN_POINT('',(166.12535727964,-83.45312739058,
    9.999972372466));
#1875 = CARTESIAN_POINT('',(166.126361762,-83.46157117879,9.999999999689
    ));
#1876 = CARTESIAN_POINT('',(166.12736973741,-83.46999997323,10.));
#1877 = ORIENTED_EDGE('',*,*,#1878,.T.);
#1878 = EDGE_CURVE('',#1818,#1879,#1881,.T.);
#1879 = VERTEX_POINT('',#1880);
#1880 = CARTESIAN_POINT('',(203.65263037294,-83.47,10.));
#1881 = LINE('',#1882,#1883);
#1882 = CARTESIAN_POINT('',(165.89,-83.47,10.));
#1883 = VECTOR('',#1884,1.);
#1884 = DIRECTION('',(1.,0.,0.));
#1885 = ORIENTED_EDGE('',*,*,#1886,.F.);
#1886 = EDGE_CURVE('',#1350,#1879,#1887,.T.);
#1887 = B_SPLINE_CURVE_WITH_KNOTS('',7,(#1888,#1889,#1890,#1891,#1892,
    #1893,#1894,#1895,#1896,#1897,#1898,#1899,#1900,#1901,#1902,#1903,
    #1904,#1905,#1906,#1907,#1908,#1909,#1910,#1911,#1912,#1913,#1914,
    #1915,#1916,#1917,#1918,#1919,#1920,#1921,#1922,#1923,#1924,#1925),
  .UNSPECIFIED.,.F.,.F.,(8,6,6,6,6,6,8),(0.,5.062652014144E-03,
    0.211151672638,0.424134124735,0.764705965403,0.890674407644,1.),
  .UNSPECIFIED.);
#1888 = CARTESIAN_POINT('',(203.88999981137,-80.47000160959,
    7.003118275594));
#1889 = CARTESIAN_POINT('',(203.88999961292,-80.47000500822,
    7.006387998181));
#1890 = CARTESIAN_POINT('',(203.88999923192,-80.47001257247,
    7.009658580594));
#1891 = CARTESIAN_POINT('',(203.88999860654,-80.47002429905,
    7.012930014444));
#1892 = CARTESIAN_POINT('',(203.88999770307,-80.47004018796,
    7.016202291393));
#1893 = CARTESIAN_POINT('',(203.8899965159,-80.47006024248,
    7.019475403158));
#1894 = CARTESIAN_POINT('',(203.88999506755,-80.47008446913,
    7.022749341508));
#1895 = CARTESIAN_POINT('',(203.88992587897,-80.47126932705,
    7.159331979321));
#1896 = CARTESIAN_POINT('',(203.8894540316,-80.47934933945,
    7.294000408196));
#1897 = CARTESIAN_POINT('',(203.88856246244,-80.49461301597,
    7.429461915662));
#1898 = CARTESIAN_POINT('',(203.88723750746,-80.51724903407,
    7.565115389056));
#1899 = CARTESIAN_POINT('',(203.88546721412,-80.54736916216,
    7.70033560743));
#1900 = CARTESIAN_POINT('',(203.88324131273,-80.58500277423,
    7.834482776705));
#1901 = CARTESIAN_POINT('',(203.87777108147,-80.6766881139,
    8.103770954386));
#1902 = CARTESIAN_POINT('',(203.87449497536,-80.73125032807,
    8.238804762261));
#1903 = CARTESIAN_POINT('',(203.87071342832,-80.7937136938,
    8.371299920178));
#1904 = CARTESIAN_POINT('',(203.86641848045,-80.86392102656,
    8.500558189988));
#1905 = CARTESIAN_POINT('',(203.86160344988,-80.94162372676,
    8.625906891486));
#1906 = CARTESIAN_POINT('',(203.85626272959,-81.02648323627,
    8.746709130236));
#1907 = CARTESIAN_POINT('',(203.84100326714,-81.2645292666,
    9.047329198278));
#1908 = CARTESIAN_POINT('',(203.8302569375,-81.42822104195,
    9.219183503256));
#1909 = CARTESIAN_POINT('',(203.81813369511,-81.60739523869,
    9.375495098369));
#1910 = CARTESIAN_POINT('',(203.80461535789,-81.79980294096,
    9.514274635536));
#1911 = CARTESIAN_POINT('',(203.78967685477,-82.0028143302,
    9.634019767127));
#1912 = CARTESIAN_POINT('',(203.77327977486,-82.21343856431,
    9.733786820806));
#1913 = CARTESIAN_POINT('',(203.74873106657,-82.50789335239,
    9.842804635131));
#1914 = CARTESIAN_POINT('',(203.74189436227,-82.58798958074,
    9.869478676463));
#1915 = CARTESIAN_POINT('',(203.73484572306,-82.66851514214,
    9.893382151444));
#1916 = CARTESIAN_POINT('',(203.72758137601,-82.74929705194,
    9.914517252539));
#1917 = CARTESIAN_POINT('',(203.72009744644,-82.83015284512,
    9.932900362113));
#1918 = CARTESIAN_POINT('',(203.71239011234,-82.91089159754,
    9.948564851623));
#1919 = CARTESIAN_POINT('',(203.69756968564,-83.06111282808,
    9.972845488669));
#1920 = CARTESIAN_POINT('',(203.69051296139,-83.13066983684,
    9.98211885528));
#1921 = CARTESIAN_POINT('',(203.68328333422,-83.19985633374,
    9.989419087167));
#1922 = CARTESIAN_POINT('',(203.67587944104,-83.26853196923,
    9.994790995367));
#1923 = CARTESIAN_POINT('',(203.6683012289,-83.33654754498,
    9.998293244928));
#1924 = CARTESIAN_POINT('',(203.66055032712,-83.4037513539,
    9.999999990779));
#1925 = CARTESIAN_POINT('',(203.65263036998,-83.46999999928,10.));
#1926 = ORIENTED_EDGE('',*,*,#1349,.F.);
#1927 = CYLINDRICAL_SURFACE('',#1928,3.);
#1928 = AXIS2_PLACEMENT_3D('',#1929,#1930,#1931);
#1929 = CARTESIAN_POINT('',(165.89,-83.47,7.));
#1930 = DIRECTION('',(1.,0.,0.));
#1931 = DIRECTION('',(0.,1.,0.));
#1932 = ADVANCED_FACE('',(#1933),#1981,.F.);
#1933 = FACE_BOUND('',#1934,.F.);
#1934 = EDGE_LOOP('',(#1935,#1936,#1950,#1980));
#1935 = ORIENTED_EDGE('',*,*,#1817,.T.);
#1936 = ORIENTED_EDGE('',*,*,#1937,.T.);
#1937 = EDGE_CURVE('',#1818,#1938,#1940,.T.);
#1938 = VERTEX_POINT('',#1939);
#1939 = CARTESIAN_POINT('',(164.44014793641,-84.69211092545,10.));
#1940 = ( BOUNDED_CURVE() B_SPLINE_CURVE(8,(#1941,#1942,#1943,#1944,
    #1945,#1946,#1947,#1948,#1949),.UNSPECIFIED.,.F.,.F.) 
B_SPLINE_CURVE_WITH_KNOTS((9,9),(9.029699094948E-15,4.495893090556),
.PIECEWISE_BEZIER_KNOTS.) CURVE() GEOMETRIC_REPRESENTATION_ITEM() 
RATIONAL_B_SPLINE_CURVE((1.,1.,1.,1.,1.,1.,1.,1.,1.)) 
REPRESENTATION_ITEM('') );
#1941 = CARTESIAN_POINT('',(166.23916816109,-83.44961098052,10.));
#1942 = CARTESIAN_POINT('',(166.1399824123,-83.461234144,10.));
#1943 = CARTESIAN_POINT('',(166.01984731572,-83.48951290862,10.));
#1944 = CARTESIAN_POINT('',(165.85525499049,-83.54349424852,10.));
#1945 = CARTESIAN_POINT('',(165.63140343149,-83.64815065875,10.));
#1946 = CARTESIAN_POINT('',(165.36219748178,-83.82133432378,10.));
#1947 = CARTESIAN_POINT('',(165.0540998707,-84.06670865373,10.));
#1948 = CARTESIAN_POINT('',(164.71568430196,-84.38833245588,10.));
#1949 = CARTESIAN_POINT('',(164.35288768418,-84.78664212874,10.));
#1950 = ORIENTED_EDGE('',*,*,#1951,.T.);
#1951 = EDGE_CURVE('',#1938,#1374,#1952,.T.);
#1952 = B_SPLINE_CURVE_WITH_KNOTS('',6,(#1953,#1954,#1955,#1956,#1957,
    #1958,#1959,#1960,#1961,#1962,#1963,#1964,#1965,#1966,#1967,#1968,
    #1969,#1970,#1971,#1972,#1973,#1974,#1975,#1976,#1977,#1978,#1979),
  .UNSPECIFIED.,.F.,.F.,(7,5,5,5,5,7),(0.,2.522011579365E-03,
    0.254248892775,0.51103406623,0.757350572726,1.),.UNSPECIFIED.);
#1953 = CARTESIAN_POINT('',(164.44014645464,-84.6921125108,10.));
#1954 = CARTESIAN_POINT('',(164.43876039555,-84.69095006368,
    9.999999999878));
#1955 = CARTESIAN_POINT('',(164.43737078813,-84.68979142996,
    9.999998695211));
#1956 = CARTESIAN_POINT('',(164.43598035462,-84.68863308681,
    9.999996084705));
#1957 = CARTESIAN_POINT('',(164.43459042872,-84.68747330893,
    9.999992167067));
#1958 = CARTESIAN_POINT('',(164.43320095559,-84.68631216859,9.999986941)
  );
#1959 = CARTESIAN_POINT('',(164.29302560314,-84.56930649991,
    9.999328054924));
#1960 = CARTESIAN_POINT('',(164.15060465933,-84.45045781064,
    9.985627470004));
#1961 = CARTESIAN_POINT('',(164.00572547491,-84.32957807796,
    9.957594748091));
#1962 = CARTESIAN_POINT('',(163.85988256351,-84.20789983002,
    9.914191220185));
#1963 = CARTESIAN_POINT('',(163.71484570043,-84.08688434798,
    9.854858985703));
#1964 = CARTESIAN_POINT('',(163.42720511115,-83.84684277093,
    9.70295793482));
#1965 = CARTESIAN_POINT('',(163.2846987184,-83.72789705227,
    9.609739519832));
#1966 = CARTESIAN_POINT('',(163.14689983647,-83.61284705977,
    9.500077428728));
#1967 = CARTESIAN_POINT('',(163.01581758112,-83.50336288622,
    9.374694733766));
#1968 = CARTESIAN_POINT('',(162.89326621701,-83.40096248932,
    9.23504340679));
#1969 = CARTESIAN_POINT('',(162.67264703015,-83.21654841826,8.937349397)
  );
#1970 = CARTESIAN_POINT('',(162.57377594686,-83.13386646662,
    8.780276706646));
#1971 = CARTESIAN_POINT('',(162.4853006819,-83.0598447047,8.613619264796
    ));
#1972 = CARTESIAN_POINT('',(162.40810885224,-82.99523747293,
    8.439520390544));
#1973 = CARTESIAN_POINT('',(162.34261036388,-82.94040039121,
    8.260299516875));
#1974 = CARTESIAN_POINT('',(162.23577847398,-82.85093746295,
    7.89881761122));
#1975 = CARTESIAN_POINT('',(162.19409640385,-82.81602001235,
    7.716630665169));
#1976 = CARTESIAN_POINT('',(162.16373751144,-82.79058186909,
    7.533781261138));
#1977 = CARTESIAN_POINT('',(162.14428222461,-82.77427846169,
    7.352306266229));
#1978 = CARTESIAN_POINT('',(162.135,-82.7665,7.173925333278));
#1979 = CARTESIAN_POINT('',(162.135,-82.7665,7.));
#1980 = ORIENTED_EDGE('',*,*,#1373,.F.);
#1981 = ( BOUNDED_SURFACE() B_SPLINE_SURFACE(2,8,(
    (#1982,#1983,#1984,#1985,#1986,#1987,#1988,#1989,#1990)
    ,(#1991,#1992,#1993,#1994,#1995,#1996,#1997,#1998,#1999)
    ,(#2000,#2001,#2002,#2003,#2004,#2005,#2006,#2007,#2008
)),.UNSPECIFIED.,.F.,.F.,.F.) B_SPLINE_SURFACE_WITH_KNOTS((3,3),(9,9),(
    0.,4.495893090556),(9.029699094948E-15,4.495893090556),
.PIECEWISE_BEZIER_KNOTS.) GEOMETRIC_REPRESENTATION_ITEM() 
RATIONAL_B_SPLINE_SURFACE((
    (1.,1.,1.,1.,1.,1.,1.,1.,1.)
    ,(0.707106781187,0.707106781187,0.707106781187,0.707106781187
      ,0.707106781187,0.707106781187,0.707106781187,0.707106781187
      ,0.707106781187)
,(1.,1.,1.,1.,1.,1.,1.,1.,1.))) REPRESENTATION_ITEM('') SURFACE() );
#1982 = CARTESIAN_POINT('',(165.89,-80.47,7.));
#1983 = CARTESIAN_POINT('',(165.4245,-80.52455,7.));
#1984 = CARTESIAN_POINT('',(164.95789285714,-80.64553214285,7.));
#1985 = CARTESIAN_POINT('',(164.49017857142,-80.83294642857,7.));
#1986 = CARTESIAN_POINT('',(164.02135714285,-81.08679285714,7.));
#1987 = CARTESIAN_POINT('',(163.55142857142,-81.40707142857,7.));
#1988 = CARTESIAN_POINT('',(163.08039285714,-81.79378214285,7.));
#1989 = CARTESIAN_POINT('',(162.60825,-82.246925,7.));
#1990 = CARTESIAN_POINT('',(162.135,-82.7665,7.));
#1991 = CARTESIAN_POINT('',(165.89,-80.47,10.));
#1992 = CARTESIAN_POINT('',(165.4245,-80.52455,10.));
#1993 = CARTESIAN_POINT('',(164.95789285714,-80.64553214285,10.));
#1994 = CARTESIAN_POINT('',(164.49017857142,-80.83294642857,10.));
#1995 = CARTESIAN_POINT('',(164.02135714285,-81.08679285714,10.));
#1996 = CARTESIAN_POINT('',(163.55142857142,-81.40707142857,10.));
#1997 = CARTESIAN_POINT('',(163.08039285714,-81.79378214285,10.));
#1998 = CARTESIAN_POINT('',(162.60825,-82.246925,10.));
#1999 = CARTESIAN_POINT('',(162.135,-82.7665,10.));
#2000 = CARTESIAN_POINT('',(166.23916816109,-83.44961098052,10.));
#2001 = CARTESIAN_POINT('',(166.1399824123,-83.461234144,10.));
#2002 = CARTESIAN_POINT('',(166.01984731572,-83.48951290862,10.));
#2003 = CARTESIAN_POINT('',(165.85525499049,-83.54349424852,10.));
#2004 = CARTESIAN_POINT('',(165.63140343149,-83.64815065875,10.));
#2005 = CARTESIAN_POINT('',(165.36219748178,-83.82133432378,10.));
#2006 = CARTESIAN_POINT('',(165.0540998707,-84.06670865373,10.));
#2007 = CARTESIAN_POINT('',(164.71568430196,-84.38833245588,10.));
#2008 = CARTESIAN_POINT('',(164.35288768418,-84.78664212874,10.));
#2009 = ADVANCED_FACE('',(#2010),#2068,.T.);
#2010 = FACE_BOUND('',#2011,.T.);
#2011 = EDGE_LOOP('',(#2012,#2013,#2027,#2067));
#2012 = ORIENTED_EDGE('',*,*,#1886,.T.);
#2013 = ORIENTED_EDGE('',*,*,#2014,.T.);
#2014 = EDGE_CURVE('',#1879,#2015,#2017,.T.);
#2015 = VERTEX_POINT('',#2016);
#2016 = CARTESIAN_POINT('',(205.33985206358,-84.69211092545,10.));
#2017 = ( BOUNDED_CURVE() B_SPLINE_CURVE(8,(#2018,#2019,#2020,#2021,
    #2022,#2023,#2024,#2025,#2026),.UNSPECIFIED.,.F.,.F.) 
B_SPLINE_CURVE_WITH_KNOTS((9,9),(1.047291238939E-14,4.495893090556),
.PIECEWISE_BEZIER_KNOTS.) CURVE() GEOMETRIC_REPRESENTATION_ITEM() 
RATIONAL_B_SPLINE_CURVE((1.,1.,1.,1.,1.,1.,1.,1.,1.)) 
REPRESENTATION_ITEM('') );
#2018 = CARTESIAN_POINT('',(203.5408318389,-83.44961098052,10.));
#2019 = CARTESIAN_POINT('',(203.64001758769,-83.461234144,10.));
#2020 = CARTESIAN_POINT('',(203.76015268427,-83.48951290862,10.));
#2021 = CARTESIAN_POINT('',(203.9247450095,-83.54349424852,10.));
#2022 = CARTESIAN_POINT('',(204.1485965685,-83.64815065875,10.));
#2023 = CARTESIAN_POINT('',(204.41780251821,-83.82133432378,10.));
#2024 = CARTESIAN_POINT('',(204.72590012929,-84.06670865373,10.));
#2025 = CARTESIAN_POINT('',(205.06431569803,-84.38833245588,10.));
#2026 = CARTESIAN_POINT('',(205.42711231581,-84.78664212874,10.));
#2027 = ORIENTED_EDGE('',*,*,#2028,.T.);
#2028 = EDGE_CURVE('',#2015,#1406,#2029,.T.);
#2029 = B_SPLINE_CURVE_WITH_KNOTS('',6,(#2030,#2031,#2032,#2033,#2034,
    #2035,#2036,#2037,#2038,#2039,#2040,#2041,#2042,#2043,#2044,#2045,
    #2046,#2047,#2048,#2049,#2050,#2051,#2052,#2053,#2054,#2055,#2056,
    #2057,#2058,#2059,#2060,#2061,#2062,#2063,#2064,#2065,#2066),
  .UNSPECIFIED.,.F.,.F.,(7,5,5,5,5,5,5,7),(0.,4.301566231508E-03,
    8.455368995289E-03,1.736138420171E-02,0.254248295889,0.511033805821,
    0.756749550417,1.),.UNSPECIFIED.);
#2030 = CARTESIAN_POINT('',(205.33985226963,-84.69211120876,10.));
#2031 = CARTESIAN_POINT('',(205.34222084959,-84.69013330949,
    10.000000000004));
#2032 = CARTESIAN_POINT('',(205.34459093823,-84.68815510499,
    9.999996203399));
#2033 = CARTESIAN_POINT('',(205.34696216599,-84.68617611231,
    9.999988603738));
#2034 = CARTESIAN_POINT('',(205.34933434649,-84.68419609424,
    9.999977194596));
#2035 = CARTESIAN_POINT('',(205.3517074766,-84.68221505922,9.99996196957
    ));
#2036 = CARTESIAN_POINT('',(205.35637443784,-84.67831954048,
    9.999924529277));
#2037 = CARTESIAN_POINT('',(205.35866712325,-84.67640584138,
    9.999902583787));
#2038 = CARTESIAN_POINT('',(205.36096119141,-84.67449099652,
    9.999877063499));
#2039 = CARTESIAN_POINT('',(205.36325708816,-84.6725746337,9.99984795773
    ));
#2040 = CARTESIAN_POINT('',(205.36555430641,-84.67065717615,
    9.999815267419));
#2041 = CARTESIAN_POINT('',(205.37277647011,-84.66462895802,
    9.999701256498));
#2042 = CARTESIAN_POINT('',(205.37770595975,-84.66051443416,
    9.999607024876));
#2043 = CARTESIAN_POINT('',(205.38263980225,-84.65639631448,9.9994962542
    ));
#2044 = CARTESIAN_POINT('',(205.38757794429,-84.65227464301,
    9.999368888822));
#2045 = CARTESIAN_POINT('',(205.39252033205,-84.64814946418,
    9.999224873508));
#2046 = CARTESIAN_POINT('',(205.52903864461,-84.53420503248,
    9.994789235836));
#2047 = CARTESIAN_POINT('',(205.663579402,-84.42193648781,9.978695751562
    ));
#2048 = CARTESIAN_POINT('',(205.80006084091,-84.30806419087,
    9.949752157133));
#2049 = CARTESIAN_POINT('',(205.93721039141,-84.19363778183,
    9.90713986354));
#2050 = CARTESIAN_POINT('',(206.07354972336,-84.07987820624,
    9.850425512701));
#2051 = CARTESIAN_POINT('',(206.35279585836,-83.84684196173,
    9.702957321404));
#2052 = CARTESIAN_POINT('',(206.49530222761,-83.7278962625,
    9.609738812823));
#2053 = CARTESIAN_POINT('',(206.63310107696,-83.61284629698,
    9.500076630438));
#2054 = CARTESIAN_POINT('',(206.76418329093,-83.50336215776,
    9.374693848959));
#2055 = CARTESIAN_POINT('',(206.88673460579,-83.40096180176,9.2350424425
    ));
#2056 = CARTESIAN_POINT('',(207.10709009739,-83.21676815133,
    8.937703966067));
#2057 = CARTESIAN_POINT('',(207.20574207701,-83.13426952353,
    8.781042117659));
#2058 = CARTESIAN_POINT('',(207.29405197869,-83.060386293,8.614838025674
    ));
#2059 = CARTESIAN_POINT('',(207.37113777183,-82.9958680244,
    8.441218314833));
#2060 = CARTESIAN_POINT('',(207.43659020212,-82.94106969762,
    8.262484715234));
#2061 = CARTESIAN_POINT('',(207.54370478123,-82.85137034433,
    7.901073156113));
#2062 = CARTESIAN_POINT('',(207.58560247019,-82.81627233007,
    7.718441854524));
#2063 = CARTESIAN_POINT('',(207.61611774943,-82.79070315945,
    7.535129591461));
#2064 = CARTESIAN_POINT('',(207.63567172235,-82.77431705397,
    7.353189945422));
#2065 = CARTESIAN_POINT('',(207.64499998212,-82.76650001497,
    7.174356305996));
#2066 = CARTESIAN_POINT('',(207.645,-82.7665,7.000000400902));
#2067 = ORIENTED_EDGE('',*,*,#1405,.F.);
#2068 = ( BOUNDED_SURFACE() B_SPLINE_SURFACE(2,8,(
    (#2069,#2070,#2071,#2072,#2073,#2074,#2075,#2076,#2077)
    ,(#2078,#2079,#2080,#2081,#2082,#2083,#2084,#2085,#2086)
    ,(#2087,#2088,#2089,#2090,#2091,#2092,#2093,#2094,#2095
)),.UNSPECIFIED.,.F.,.F.,.F.) B_SPLINE_SURFACE_WITH_KNOTS((3,3),(9,9),(
    0.,4.495893090556),(1.047291238939E-14,4.495893090556),
.PIECEWISE_BEZIER_KNOTS.) GEOMETRIC_REPRESENTATION_ITEM() 
RATIONAL_B_SPLINE_SURFACE((
    (1.,1.,1.,1.,1.,1.,1.,1.,1.)
    ,(0.707106781187,0.707106781187,0.707106781187,0.707106781187
      ,0.707106781187,0.707106781187,0.707106781187,0.707106781187
      ,0.707106781187)
,(1.,1.,1.,1.,1.,1.,1.,1.,1.))) REPRESENTATION_ITEM('') SURFACE() );
#2069 = CARTESIAN_POINT('',(203.89,-80.47,7.));
#2070 = CARTESIAN_POINT('',(204.3555,-80.52455,7.));
#2071 = CARTESIAN_POINT('',(204.82210714285,-80.64553214285,7.));
#2072 = CARTESIAN_POINT('',(205.28982142857,-80.83294642857,7.));
#2073 = CARTESIAN_POINT('',(205.75864285714,-81.08679285714,7.));
#2074 = CARTESIAN_POINT('',(206.22857142857,-81.40707142857,7.));
#2075 = CARTESIAN_POINT('',(206.69960714285,-81.79378214285,7.));
#2076 = CARTESIAN_POINT('',(207.17175,-82.246925,7.));
#2077 = CARTESIAN_POINT('',(207.645,-82.7665,7.));
#2078 = CARTESIAN_POINT('',(203.89,-80.47,10.));
#2079 = CARTESIAN_POINT('',(204.3555,-80.52455,10.));
#2080 = CARTESIAN_POINT('',(204.82210714285,-80.64553214285,10.));
#2081 = CARTESIAN_POINT('',(205.28982142857,-80.83294642857,10.));
#2082 = CARTESIAN_POINT('',(205.75864285714,-81.08679285714,10.));
#2083 = CARTESIAN_POINT('',(206.22857142857,-81.40707142857,10.));
#2084 = CARTESIAN_POINT('',(206.69960714285,-81.79378214285,10.));
#2085 = CARTESIAN_POINT('',(207.17175,-82.246925,10.));
#2086 = CARTESIAN_POINT('',(207.645,-82.7665,10.));
#2087 = CARTESIAN_POINT('',(203.5408318389,-83.44961098052,10.));
#2088 = CARTESIAN_POINT('',(203.64001758769,-83.461234144,10.));
#2089 = CARTESIAN_POINT('',(203.76015268427,-83.48951290862,10.));
#2090 = CARTESIAN_POINT('',(203.9247450095,-83.54349424852,10.));
#2091 = CARTESIAN_POINT('',(204.1485965685,-83.64815065875,10.));
#2092 = CARTESIAN_POINT('',(204.41780251821,-83.82133432378,10.));
#2093 = CARTESIAN_POINT('',(204.72590012929,-84.06670865373,10.));
#2094 = CARTESIAN_POINT('',(205.06431569803,-84.38833245588,10.));
#2095 = CARTESIAN_POINT('',(205.42711231581,-84.78664212874,10.));
#2096 = ADVANCED_FACE('',(#2097),#2126,.T.);
#2097 = FACE_BOUND('',#2098,.T.);
#2098 = EDGE_LOOP('',(#2099,#2100,#2101,#2109));
#2099 = ORIENTED_EDGE('',*,*,#1951,.T.);
#2100 = ORIENTED_EDGE('',*,*,#1437,.T.);
#2101 = ORIENTED_EDGE('',*,*,#2102,.F.);
#2102 = EDGE_CURVE('',#2103,#1438,#2105,.T.);
#2103 = VERTEX_POINT('',#2104);
#2104 = CARTESIAN_POINT('',(153.89,-92.54,10.));
#2105 = ( BOUNDED_CURVE() B_SPLINE_CURVE(2,(#2106,#2107,#2108),
.UNSPECIFIED.,.F.,.F.) B_SPLINE_CURVE_WITH_KNOTS((3,3),(0.,
11.060483611413),.PIECEWISE_BEZIER_KNOTS.) CURVE() 
GEOMETRIC_REPRESENTATION_ITEM() RATIONAL_B_SPLINE_CURVE((1.,
0.707106781187,1.)) REPRESENTATION_ITEM('') );
#2106 = CARTESIAN_POINT('',(153.89,-92.54,10.));
#2107 = CARTESIAN_POINT('',(153.89,-89.54,10.));
#2108 = CARTESIAN_POINT('',(153.89,-89.54,7.));
#2109 = ORIENTED_EDGE('',*,*,#2110,.F.);
#2110 = EDGE_CURVE('',#1938,#2103,#2111,.T.);
#2111 = ( BOUNDED_CURVE() B_SPLINE_CURVE(13,(#2112,#2113,#2114,#2115,
    #2116,#2117,#2118,#2119,#2120,#2121,#2122,#2123,#2124,#2125),
.UNSPECIFIED.,.F.,.F.) B_SPLINE_CURVE_WITH_KNOTS((14,14),(0.112567827116
,11.173051438529),.PIECEWISE_BEZIER_KNOTS.) CURVE() 
GEOMETRIC_REPRESENTATION_ITEM() RATIONAL_B_SPLINE_CURVE((1.,1.,1.,1.,1.,
1.,1.,1.,1.,1.,1.,1.,1.,1.)) REPRESENTATION_ITEM('') );
#2112 = CARTESIAN_POINT('',(164.62245068417,-84.44357754555,10.));
#2113 = CARTESIAN_POINT('',(164.13937975765,-85.09599121687,10.));
#2114 = CARTESIAN_POINT('',(163.62971258886,-85.82277088407,
    9.999999999999));
#2115 = CARTESIAN_POINT('',(163.09414772208,-86.60100023678,
    10.000000000001));
#2116 = CARTESIAN_POINT('',(162.52340580465,-87.40409669487,
    9.999999999997));
#2117 = CARTESIAN_POINT('',(161.9235686145,-88.23948485926,
    10.000000000004));
#2118 = CARTESIAN_POINT('',(161.24850834571,-89.03522833138,
    9.999999999996));
#2119 = CARTESIAN_POINT('',(160.56025905856,-89.8728729936,
    10.000000000004));
#2120 = CARTESIAN_POINT('',(159.71427789807,-90.61292904715,
    9.999999999997));
#2121 = CARTESIAN_POINT('',(158.85615240312,-91.34220493859,
    10.000000000002));
#2122 = CARTESIAN_POINT('',(157.76959595815,-91.99161932202,
    9.999999999999));
#2123 = CARTESIAN_POINT('',(156.53760820058,-92.4214039798,10.));
#2124 = CARTESIAN_POINT('',(155.22466629164,-92.60478678774,10.));
#2125 = CARTESIAN_POINT('',(153.89,-92.54,10.));
#2126 = ( BOUNDED_SURFACE() B_SPLINE_SURFACE(2,13,(
    (#2127,#2128,#2129,#2130,#2131,#2132,#2133,#2134,#2135,#2136,#2137
      ,#2138,#2139,#2140)
    ,(#2141,#2142,#2143,#2144,#2145,#2146,#2147,#2148,#2149,#2150,#2151
      ,#2152,#2153,#2154)
    ,(#2155,#2156,#2157,#2158,#2159,#2160,#2161,#2162,#2163,#2164,#2165
      ,#2166,#2167,#2168
)),.UNSPECIFIED.,.F.,.F.,.F.) B_SPLINE_SURFACE_WITH_KNOTS((3,3),(14,14),
  (0.,11.060483611413),(0.112567827116,11.173051438529),
.PIECEWISE_BEZIER_KNOTS.) GEOMETRIC_REPRESENTATION_ITEM() 
RATIONAL_B_SPLINE_SURFACE((
    (1.,1.,1.,1.,1.,1.,1.,1.,1.,1.,1.,1.,1.,1.)
    ,(0.707106781187,0.707106781187,0.707106781186,0.707106781187
      ,0.707106781186,0.707106781188,0.707106781185,0.707106781188
      ,0.707106781186,0.707106781187,0.707106781186,0.707106781187
      ,0.707106781187,0.707106781187)
,(1.,1.,1.,1.,1.,1.,1.,1.,1.,1.,1.,1.,1.,1.
))) REPRESENTATION_ITEM('') SURFACE() );
#2127 = CARTESIAN_POINT('',(164.62245068417,-84.44357754555,10.));
#2128 = CARTESIAN_POINT('',(164.13937975765,-85.09599121687,10.));
#2129 = CARTESIAN_POINT('',(163.62971258886,-85.82277088407,
    9.999999999999));
#2130 = CARTESIAN_POINT('',(163.09414772208,-86.60100023678,
    10.000000000001));
#2131 = CARTESIAN_POINT('',(162.52340580465,-87.40409669487,
    9.999999999997));
#2132 = CARTESIAN_POINT('',(161.9235686145,-88.23948485926,
    10.000000000004));
#2133 = CARTESIAN_POINT('',(161.24850834571,-89.03522833138,
    9.999999999996));
#2134 = CARTESIAN_POINT('',(160.56025905856,-89.8728729936,
    10.000000000004));
#2135 = CARTESIAN_POINT('',(159.71427789807,-90.61292904715,
    9.999999999997));
#2136 = CARTESIAN_POINT('',(158.85615240312,-91.34220493859,
    10.000000000002));
#2137 = CARTESIAN_POINT('',(157.76959595815,-91.99161932202,
    9.999999999999));
#2138 = CARTESIAN_POINT('',(156.53760820058,-92.4214039798,10.));
#2139 = CARTESIAN_POINT('',(155.22466629164,-92.60478678774,10.));
#2140 = CARTESIAN_POINT('',(153.89,-92.54,10.));
#2141 = CARTESIAN_POINT('',(162.135,-82.7665,10.));
#2142 = CARTESIAN_POINT('',(161.65012214685,-83.42159371487,10.));
#2143 = CARTESIAN_POINT('',(161.15791405343,-84.12258585389,
    10.000000000001));
#2144 = CARTESIAN_POINT('',(160.65521175057,-84.85098656968,
    9.999999999998));
#2145 = CARTESIAN_POINT('',(160.13592536501,-85.58387561795,
    10.000000000003));
#2146 = CARTESIAN_POINT('',(159.60083373375,-86.32131052445,
    9.999999999995));
#2147 = CARTESIAN_POINT('',(159.02933791421,-87.00650105493,
    10.000000000006));
#2148 = CARTESIAN_POINT('',(158.44973570624,-87.69313970689,
    9.999999999994));
#2149 = CARTESIAN_POINT('',(157.79495629727,-88.27080785675,
    10.000000000005));
#2150 = CARTESIAN_POINT('',(157.14194310214,-88.81004980807,
    9.999999999996));
#2151 = CARTESIAN_POINT('',(156.38386756441,-89.23915177609,
    10.000000000002));
#2152 = CARTESIAN_POINT('',(155.58001140299,-89.50432754859,
    9.999999999999));
#2153 = CARTESIAN_POINT('',(154.74575214,-89.60478678774,10.));
#2154 = CARTESIAN_POINT('',(153.89,-89.54,10.));
#2155 = CARTESIAN_POINT('',(162.135,-82.7665,7.));
#2156 = CARTESIAN_POINT('',(161.65012214685,-83.42159371487,7.));
#2157 = CARTESIAN_POINT('',(161.15791405343,-84.12258585389,7.));
#2158 = CARTESIAN_POINT('',(160.65521175057,-84.85098656968,
    6.999999999999));
#2159 = CARTESIAN_POINT('',(160.13592536501,-85.58387561795,
    7.000000000001));
#2160 = CARTESIAN_POINT('',(159.60083373375,-86.32131052445,
    6.999999999998));
#2161 = CARTESIAN_POINT('',(159.02933791422,-87.00650105492,
    7.000000000002));
#2162 = CARTESIAN_POINT('',(158.44973570622,-87.6931397069,
    6.999999999998));
#2163 = CARTESIAN_POINT('',(157.79495629729,-88.27080785674,
    7.000000000002));
#2164 = CARTESIAN_POINT('',(157.14194310214,-88.81004980807,
    6.999999999999));
#2165 = CARTESIAN_POINT('',(156.38386756441,-89.23915177609,7.));
#2166 = CARTESIAN_POINT('',(155.58001140299,-89.50432754859,7.));
#2167 = CARTESIAN_POINT('',(154.74575214,-89.60478678774,7.));
#2168 = CARTESIAN_POINT('',(153.89,-89.54,7.));
#2169 = ADVANCED_FACE('',(#2170),#2199,.F.);
#2170 = FACE_BOUND('',#2171,.F.);
#2171 = EDGE_LOOP('',(#2172,#2173,#2174,#2182));
#2172 = ORIENTED_EDGE('',*,*,#2028,.T.);
#2173 = ORIENTED_EDGE('',*,*,#1475,.T.);
#2174 = ORIENTED_EDGE('',*,*,#2175,.F.);
#2175 = EDGE_CURVE('',#2176,#1476,#2178,.T.);
#2176 = VERTEX_POINT('',#2177);
#2177 = CARTESIAN_POINT('',(215.89,-92.54,10.));
#2178 = ( BOUNDED_CURVE() B_SPLINE_CURVE(2,(#2179,#2180,#2181),
.UNSPECIFIED.,.F.,.F.) B_SPLINE_CURVE_WITH_KNOTS((3,3),(0.,
11.060483611413),.PIECEWISE_BEZIER_KNOTS.) CURVE() 
GEOMETRIC_REPRESENTATION_ITEM() RATIONAL_B_SPLINE_CURVE((1.,
0.707106781187,1.)) REPRESENTATION_ITEM('') );
#2179 = CARTESIAN_POINT('',(215.89,-92.54,10.));
#2180 = CARTESIAN_POINT('',(215.89,-89.54,10.));
#2181 = CARTESIAN_POINT('',(215.89,-89.54,7.));
#2182 = ORIENTED_EDGE('',*,*,#2183,.F.);
#2183 = EDGE_CURVE('',#2015,#2176,#2184,.T.);
#2184 = ( BOUNDED_CURVE() B_SPLINE_CURVE(13,(#2185,#2186,#2187,#2188,
    #2189,#2190,#2191,#2192,#2193,#2194,#2195,#2196,#2197,#2198),
.UNSPECIFIED.,.F.,.F.) B_SPLINE_CURVE_WITH_KNOTS((14,14),(0.112567827116
,11.173051438529),.PIECEWISE_BEZIER_KNOTS.) CURVE() 
GEOMETRIC_REPRESENTATION_ITEM() RATIONAL_B_SPLINE_CURVE((1.,1.,
    1.000000000002,0.999999999996,1.000000000008,0.999999999988,
    1.000000000014,0.999999999987,1.00000000001,0.999999999994,
1.000000000003,0.999999999999,1.,1.)) REPRESENTATION_ITEM('') );
#2185 = CARTESIAN_POINT('',(205.15754931582,-84.44357754555,10.));
#2186 = CARTESIAN_POINT('',(205.64062024234,-85.09599121687,10.));
#2187 = CARTESIAN_POINT('',(206.15028741113,-85.82277088407,10.));
#2188 = CARTESIAN_POINT('',(206.6858522779,-86.60100023677,10.));
#2189 = CARTESIAN_POINT('',(207.25659419535,-87.40409669488,
    9.999999999999));
#2190 = CARTESIAN_POINT('',(207.8564313855,-88.23948485925,
    10.000000000001));
#2191 = CARTESIAN_POINT('',(208.53149165426,-89.03522833137,
    9.999999999999));
#2192 = CARTESIAN_POINT('',(209.21974094147,-89.87287299361,
    10.000000000001));
#2193 = CARTESIAN_POINT('',(210.06572210187,-90.61292904713,
    9.999999999999));
#2194 = CARTESIAN_POINT('',(210.92384759691,-91.34220493861,
    10.000000000001));
#2195 = CARTESIAN_POINT('',(212.01040404182,-91.99161932201,10.));
#2196 = CARTESIAN_POINT('',(213.24239179942,-92.42140397981,10.));
#2197 = CARTESIAN_POINT('',(214.55533370835,-92.60478678774,10.));
#2198 = CARTESIAN_POINT('',(215.89,-92.54,10.));
#2199 = ( BOUNDED_SURFACE() B_SPLINE_SURFACE(2,13,(
    (#2200,#2201,#2202,#2203,#2204,#2205,#2206,#2207,#2208,#2209,#2210
      ,#2211,#2212,#2213)
    ,(#2214,#2215,#2216,#2217,#2218,#2219,#2220,#2221,#2222,#2223,#2224
      ,#2225,#2226,#2227)
    ,(#2228,#2229,#2230,#2231,#2232,#2233,#2234,#2235,#2236,#2237,#2238
      ,#2239,#2240,#2241
)),.UNSPECIFIED.,.F.,.F.,.F.) B_SPLINE_SURFACE_WITH_KNOTS((3,3),(14,14),
  (0.,11.060483611413),(0.112567827116,11.173051438529),
.PIECEWISE_BEZIER_KNOTS.) GEOMETRIC_REPRESENTATION_ITEM() 
RATIONAL_B_SPLINE_SURFACE((
    (1.,1.,1.000000000002,0.999999999996,1.000000000008,0.999999999988
      ,1.000000000014,0.999999999987,1.00000000001,0.999999999994
      ,1.000000000003,0.999999999999,1.,1.)
    ,(0.707106781187,0.707106781186,0.707106781188,0.707106781183
      ,0.707106781194,0.707106781176,0.707106781199,0.707106781174
      ,0.707106781196,0.707106781181,0.707106781189,0.707106781186
      ,0.707106781187,0.707106781187)
    ,(1.,1.,1.000000000002,0.999999999996,1.000000000008,0.999999999988
      ,1.000000000014,0.999999999987,1.00000000001,0.999999999994
,1.000000000003,0.999999999999,1.,1.
  ))) REPRESENTATION_ITEM('') SURFACE() );
#2200 = CARTESIAN_POINT('',(205.15754931582,-84.44357754555,10.));
#2201 = CARTESIAN_POINT('',(205.64062024234,-85.09599121687,10.));
#2202 = CARTESIAN_POINT('',(206.15028741113,-85.82277088407,10.));
#2203 = CARTESIAN_POINT('',(206.6858522779,-86.60100023677,10.));
#2204 = CARTESIAN_POINT('',(207.25659419535,-87.40409669488,
    9.999999999999));
#2205 = CARTESIAN_POINT('',(207.8564313855,-88.23948485925,
    10.000000000001));
#2206 = CARTESIAN_POINT('',(208.53149165426,-89.03522833137,
    9.999999999999));
#2207 = CARTESIAN_POINT('',(209.21974094147,-89.87287299361,
    10.000000000001));
#2208 = CARTESIAN_POINT('',(210.06572210187,-90.61292904713,
    9.999999999999));
#2209 = CARTESIAN_POINT('',(210.92384759691,-91.34220493861,
    10.000000000001));
#2210 = CARTESIAN_POINT('',(212.01040404182,-91.99161932201,10.));
#2211 = CARTESIAN_POINT('',(213.24239179942,-92.42140397981,10.));
#2212 = CARTESIAN_POINT('',(214.55533370835,-92.60478678774,10.));
#2213 = CARTESIAN_POINT('',(215.89,-92.54,10.));
#2214 = CARTESIAN_POINT('',(207.645,-82.7665,10.));
#2215 = CARTESIAN_POINT('',(208.12987785314,-83.42159371487,10.));
#2216 = CARTESIAN_POINT('',(208.62208594656,-84.12258585389,10.));
#2217 = CARTESIAN_POINT('',(209.12478824942,-84.85098656967,10.));
#2218 = CARTESIAN_POINT('',(209.64407463498,-85.58387561796,
    10.000000000001));
#2219 = CARTESIAN_POINT('',(210.17916626626,-86.32131052445,
    9.999999999999));
#2220 = CARTESIAN_POINT('',(210.75066208573,-87.0065010549,
    10.000000000002));
#2221 = CARTESIAN_POINT('',(211.33026429382,-87.69313970693,
    9.999999999998));
#2222 = CARTESIAN_POINT('',(211.98504370265,-88.27080785671,
    10.000000000002));
#2223 = CARTESIAN_POINT('',(212.63805689789,-88.8100498081,
    9.999999999999));
#2224 = CARTESIAN_POINT('',(213.39613243556,-89.23915177607,
    10.000000000001));
#2225 = CARTESIAN_POINT('',(214.19998859701,-89.50432754859,10.));
#2226 = CARTESIAN_POINT('',(215.03424785999,-89.60478678774,10.));
#2227 = CARTESIAN_POINT('',(215.89,-89.54,10.));
#2228 = CARTESIAN_POINT('',(207.645,-82.7665,7.));
#2229 = CARTESIAN_POINT('',(208.12987785314,-83.42159371487,7.));
#2230 = CARTESIAN_POINT('',(208.62208594656,-84.12258585389,7.));
#2231 = CARTESIAN_POINT('',(209.12478824942,-84.85098656968,
    7.000000000001));
#2232 = CARTESIAN_POINT('',(209.64407463498,-85.58387561795,
    6.999999999998));
#2233 = CARTESIAN_POINT('',(210.17916626625,-86.32131052446,
    7.000000000003));
#2234 = CARTESIAN_POINT('',(210.75066208574,-87.0065010549,
    6.999999999997));
#2235 = CARTESIAN_POINT('',(211.3302642938,-87.69313970693,
    7.000000000004));
#2236 = CARTESIAN_POINT('',(211.98504370267,-88.27080785671,
    6.999999999997));
#2237 = CARTESIAN_POINT('',(212.63805689788,-88.81004980809,
    7.000000000002));
#2238 = CARTESIAN_POINT('',(213.39613243557,-89.23915177608,
    6.999999999999));
#2239 = CARTESIAN_POINT('',(214.19998859701,-89.50432754859,7.));
#2240 = CARTESIAN_POINT('',(215.03424785999,-89.60478678774,7.));
#2241 = CARTESIAN_POINT('',(215.89,-89.54,7.));
#2242 = ADVANCED_FACE('',(#2243),#2271,.T.);
#2243 = FACE_BOUND('',#2244,.F.);
#2244 = EDGE_LOOP('',(#2245,#2254,#2263,#2270));
#2245 = ORIENTED_EDGE('',*,*,#2246,.F.);
#2246 = EDGE_CURVE('',#2247,#1524,#2249,.T.);
#2247 = VERTEX_POINT('',#2248);
#2248 = CARTESIAN_POINT('',(146.96,-99.47,10.));
#2249 = CIRCLE('',#2250,3.);
#2250 = AXIS2_PLACEMENT_3D('',#2251,#2252,#2253);
#2251 = CARTESIAN_POINT('',(146.96,-99.47,7.));
#2252 = DIRECTION('',(2.059036485721E-15,-1.,0.));
#2253 = DIRECTION('',(-1.,-2.059036485721E-15,0.));
#2254 = ORIENTED_EDGE('',*,*,#2255,.T.);
#2255 = EDGE_CURVE('',#2247,#2256,#2258,.T.);
#2256 = VERTEX_POINT('',#2257);
#2257 = CARTESIAN_POINT('',(153.89,-106.4,10.));
#2258 = CIRCLE('',#2259,6.93);
#2259 = AXIS2_PLACEMENT_3D('',#2260,#2261,#2262);
#2260 = CARTESIAN_POINT('',(153.89,-99.47,10.));
#2261 = DIRECTION('',(0.,0.,1.));
#2262 = DIRECTION('',(-1.,0.,0.));
#2263 = ORIENTED_EDGE('',*,*,#2264,.T.);
#2264 = EDGE_CURVE('',#2256,#1513,#2265,.T.);
#2265 = CIRCLE('',#2266,3.);
#2266 = AXIS2_PLACEMENT_3D('',#2267,#2268,#2269);
#2267 = CARTESIAN_POINT('',(153.89,-106.4,7.));
#2268 = DIRECTION('',(1.,1.770233605405E-14,0.));
#2269 = DIRECTION('',(1.770233605405E-14,-1.,0.));
#2270 = ORIENTED_EDGE('',*,*,#1532,.F.);
#2271 = TOROIDAL_SURFACE('',#2272,6.93,3.);
#2272 = AXIS2_PLACEMENT_3D('',#2273,#2274,#2275);
#2273 = CARTESIAN_POINT('',(153.89,-99.47,7.));
#2274 = DIRECTION('',(-0.,-0.,-1.));
#2275 = DIRECTION('',(-1.,0.,0.));
#2276 = ADVANCED_FACE('',(#2277),#2289,.T.);
#2277 = FACE_BOUND('',#2278,.F.);
#2278 = EDGE_LOOP('',(#2279,#2280,#2287,#2288));
#2279 = ORIENTED_EDGE('',*,*,#2102,.F.);
#2280 = ORIENTED_EDGE('',*,*,#2281,.T.);
#2281 = EDGE_CURVE('',#2103,#2247,#2282,.T.);
#2282 = CIRCLE('',#2283,6.93);
#2283 = AXIS2_PLACEMENT_3D('',#2284,#2285,#2286);
#2284 = CARTESIAN_POINT('',(153.89,-99.47,10.));
#2285 = DIRECTION('',(0.,-0.,1.));
#2286 = DIRECTION('',(1.431103193877E-14,1.,0.));
#2287 = ORIENTED_EDGE('',*,*,#2246,.T.);
#2288 = ORIENTED_EDGE('',*,*,#1523,.F.);
#2289 = TOROIDAL_SURFACE('',#2290,6.93,3.);
#2290 = AXIS2_PLACEMENT_3D('',#2291,#2292,#2293);
#2291 = CARTESIAN_POINT('',(153.89,-99.47,7.));
#2292 = DIRECTION('',(-0.,-0.,-1.));
#2293 = DIRECTION('',(1.431103193877E-14,1.,0.));
#2294 = ADVANCED_FACE('',(#2295),#2315,.T.);
#2295 = FACE_BOUND('',#2296,.T.);
#2296 = EDGE_LOOP('',(#2297,#2298,#2307,#2314));
#2297 = ORIENTED_EDGE('',*,*,#2175,.F.);
#2298 = ORIENTED_EDGE('',*,*,#2299,.T.);
#2299 = EDGE_CURVE('',#2176,#2300,#2302,.T.);
#2300 = VERTEX_POINT('',#2301);
#2301 = CARTESIAN_POINT('',(222.82,-99.47,10.));
#2302 = CIRCLE('',#2303,6.93);
#2303 = AXIS2_PLACEMENT_3D('',#2304,#2305,#2306);
#2304 = CARTESIAN_POINT('',(215.89,-99.47,10.));
#2305 = DIRECTION('',(0.,0.,-1.));
#2306 = DIRECTION('',(-1.717323832653E-14,1.,0.));
#2307 = ORIENTED_EDGE('',*,*,#2308,.T.);
#2308 = EDGE_CURVE('',#2300,#1559,#2309,.T.);
#2309 = CIRCLE('',#2310,3.);
#2310 = AXIS2_PLACEMENT_3D('',#2311,#2312,#2313);
#2311 = CARTESIAN_POINT('',(222.82,-99.47,7.));
#2312 = DIRECTION('',(3.070531225917E-16,1.,0.));
#2313 = DIRECTION('',(1.,-3.070531225917E-16,0.));
#2314 = ORIENTED_EDGE('',*,*,#1567,.F.);
#2315 = TOROIDAL_SURFACE('',#2316,6.93,3.);
#2316 = AXIS2_PLACEMENT_3D('',#2317,#2318,#2319);
#2317 = CARTESIAN_POINT('',(215.89,-99.47,7.));
#2318 = DIRECTION('',(-0.,-0.,-1.));
#2319 = DIRECTION('',(-1.717323832653E-14,1.,0.));
#2320 = ADVANCED_FACE('',(#2321),#2341,.T.);
#2321 = FACE_BOUND('',#2322,.T.);
#2322 = EDGE_LOOP('',(#2323,#2324,#2333,#2340));
#2323 = ORIENTED_EDGE('',*,*,#2308,.F.);
#2324 = ORIENTED_EDGE('',*,*,#2325,.T.);
#2325 = EDGE_CURVE('',#2300,#2326,#2328,.T.);
#2326 = VERTEX_POINT('',#2327);
#2327 = CARTESIAN_POINT('',(215.89,-106.4,10.));
#2328 = CIRCLE('',#2329,6.93);
#2329 = AXIS2_PLACEMENT_3D('',#2330,#2331,#2332);
#2330 = CARTESIAN_POINT('',(215.89,-99.47,10.));
#2331 = DIRECTION('',(0.,0.,-1.));
#2332 = DIRECTION('',(1.,0.,0.));
#2333 = ORIENTED_EDGE('',*,*,#2334,.T.);
#2334 = EDGE_CURVE('',#2326,#1551,#2335,.T.);
#2335 = CIRCLE('',#2336,3.);
#2336 = AXIS2_PLACEMENT_3D('',#2337,#2338,#2339);
#2337 = CARTESIAN_POINT('',(215.89,-106.4,7.));
#2338 = DIRECTION('',(1.,-2.303140657225E-14,0.));
#2339 = DIRECTION('',(-2.303140657225E-14,-1.,0.));
#2340 = ORIENTED_EDGE('',*,*,#1558,.F.);
#2341 = TOROIDAL_SURFACE('',#2342,6.93,3.);
#2342 = AXIS2_PLACEMENT_3D('',#2343,#2344,#2345);
#2343 = CARTESIAN_POINT('',(215.89,-99.47,7.));
#2344 = DIRECTION('',(-0.,-0.,-1.));
#2345 = DIRECTION('',(1.,0.,0.));
#2346 = ADVANCED_FACE('',(#2347),#2452,.T.);
#2347 = FACE_BOUND('',#2348,.T.);
#2348 = EDGE_LOOP('',(#2349,#2350,#2351,#2435));
#2349 = ORIENTED_EDGE('',*,*,#2264,.T.);
#2350 = ORIENTED_EDGE('',*,*,#1590,.T.);
#2351 = ORIENTED_EDGE('',*,*,#2352,.F.);
#2352 = EDGE_CURVE('',#2353,#1583,#2355,.T.);
#2353 = VERTEX_POINT('',#2354);
#2354 = CARTESIAN_POINT('',(164.44014793641,-114.2478890745,10.));
#2355 = B_SPLINE_CURVE_WITH_KNOTS('',8,(#2356,#2357,#2358,#2359,#2360,
    #2361,#2362,#2363,#2364,#2365,#2366,#2367,#2368,#2369,#2370,#2371,
    #2372,#2373,#2374,#2375,#2376,#2377,#2378,#2379,#2380,#2381,#2382,
    #2383,#2384,#2385,#2386,#2387,#2388,#2389,#2390,#2391,#2392,#2393,
    #2394,#2395,#2396,#2397,#2398,#2399,#2400,#2401,#2402,#2403,#2404,
    #2405,#2406,#2407,#2408,#2409,#2410,#2411,#2412,#2413,#2414,#2415,
    #2416,#2417,#2418,#2419,#2420,#2421,#2422,#2423,#2424,#2425,#2426,
    #2427,#2428,#2429,#2430,#2431,#2432,#2433,#2434),.UNSPECIFIED.,.F.,
  .F.,(9,7,7,7,7,7,7,7,7,7,7,9),(0.,7.473044348308E-03,
    1.353468440363E-02,2.625176572383E-02,5.137719701444E-02,
    0.10256521995,0.208957229995,0.425440620391,0.570535869916,
    0.71628670872,0.861477337066,1.),.UNSPECIFIED.);
#2356 = CARTESIAN_POINT('',(164.44014625351,-114.2478872751,10.));
#2357 = CARTESIAN_POINT('',(164.43930974736,-114.2485993483,
    9.999999991386));
#2358 = CARTESIAN_POINT('',(164.43643319614,-114.2509705219,
    9.999999601711));
#2359 = CARTESIAN_POINT('',(164.43291205417,-114.2539515289,
    9.999994588435));
#2360 = CARTESIAN_POINT('',(164.42948295068,-114.2567742454,
    9.999973552496));
#2361 = CARTESIAN_POINT('',(164.42655446667,-114.2592435577,
    9.999952348002));
#2362 = CARTESIAN_POINT('',(164.4240073684,-114.2613600274,9.9999292256)
  );
#2363 = CARTESIAN_POINT('',(164.42143584723,-114.2635082113,
    9.999904426501));
#2364 = CARTESIAN_POINT('',(164.4154029563,-114.2685438107,
    9.999829451174));
#2365 = CARTESIAN_POINT('',(164.41269962196,-114.2708002483,
    9.999791150607));
#2366 = CARTESIAN_POINT('',(164.40999484931,-114.2730578755,
    9.999748118984));
#2367 = CARTESIAN_POINT('',(164.40728864557,-114.2753166864,
    9.999700347408));
#2368 = CARTESIAN_POINT('',(164.40458101794,-114.277576675,
    9.999647827005));
#2369 = CARTESIAN_POINT('',(164.40187197372,-114.2798378352,
    9.999590548921));
#2370 = CARTESIAN_POINT('',(164.3991615202,-114.2821001611,
    9.999528504324));
#2371 = CARTESIAN_POINT('',(164.39076029912,-114.2891123496,
    9.999321498856));
#2372 = CARTESIAN_POINT('',(164.38507028494,-114.2938615474,
    9.999160431083));
#2373 = CARTESIAN_POINT('',(164.37937968163,-114.2986111911,
    9.998978470423));
#2374 = CARTESIAN_POINT('',(164.37368854862,-114.303361232,
    9.998775606602));
#2375 = CARTESIAN_POINT('',(164.36799694541,-114.308111621,
    9.998551829742));
#2376 = CARTESIAN_POINT('',(164.36230493147,-114.3128623094,
    9.998307130358));
#2377 = CARTESIAN_POINT('',(164.35661256634,-114.3176132483,
    9.998041499361));
#2378 = CARTESIAN_POINT('',(164.33967279611,-114.3317513263,
    9.997188742497));
#2379 = CARTESIAN_POINT('',(164.32842454417,-114.3411390506,
    9.996540816806));
#2380 = CARTESIAN_POINT('',(164.31717561311,-114.3505271841,
    9.995811083925));
#2381 = CARTESIAN_POINT('',(164.30592646251,-114.3599153493,
    9.994999482764));
#2382 = CARTESIAN_POINT('',(164.29467755219,-114.3693031682,
    9.994105958199));
#2383 = CARTESIAN_POINT('',(164.28342934221,-114.378690263,
    9.993130461065));
#2384 = CARTESIAN_POINT('',(164.27218229286,-114.3880762555,
    9.992072948162));
#2385 = CARTESIAN_POINT('',(164.23802656197,-114.4165798263,
    9.988611745452));
#2386 = CARTESIAN_POINT('',(164.21512298593,-114.4356927412,9.9859495398
    ));
#2387 = CARTESIAN_POINT('',(164.19223003352,-114.4547963105,
    9.982946451264));
#2388 = CARTESIAN_POINT('',(164.16935160021,-114.4738873334,
    9.979602267012));
#2389 = CARTESIAN_POINT('',(164.14649157992,-114.4929626103,
    9.975916875418));
#2390 = CARTESIAN_POINT('',(164.12365386509,-114.5120189422,
    9.971890266059));
#2391 = CARTESIAN_POINT('',(164.10084234663,-114.5310531311,
    9.967522529714));
#2392 = CARTESIAN_POINT('',(164.03071072771,-114.5895710196,
    9.953027096143));
#2393 = CARTESIAN_POINT('',(163.98349043494,-114.6289706487,
    9.941767472906));
#2394 = CARTESIAN_POINT('',(163.93643505997,-114.6682320825,
    9.929036756085));
#2395 = CARTESIAN_POINT('',(163.88957939533,-114.7073267064,
    9.914838528094));
#2396 = CARTESIAN_POINT('',(163.84295800173,-114.7462260766,
    9.899178186322));
#2397 = CARTESIAN_POINT('',(163.79660520808,-114.7849019194,
    9.88206294314));
#2398 = CARTESIAN_POINT('',(163.75055511146,-114.8233261317,
    9.863501825896));
#2399 = CARTESIAN_POINT('',(163.61182499736,-114.9390864119,
    9.802818090298));
#2400 = CARTESIAN_POINT('',(163.52020130838,-115.0155450164,
    9.756188824694));
#2401 = CARTESIAN_POINT('',(163.43025518021,-115.0906117734,
    9.703708790525));
#2402 = CARTESIAN_POINT('',(163.34226453794,-115.1640568683,
    9.645499041409));
#2403 = CARTESIAN_POINT('',(163.25649873941,-115.235656987,
    9.581709422214));
#2404 = CARTESIAN_POINT('',(163.17321675269,-115.3051968115,
    9.512517217089));
#2405 = CARTESIAN_POINT('',(163.09266533372,-115.3724705135,
    9.438125797507));
#2406 = CARTESIAN_POINT('',(162.96307474282,-115.480723165,
    9.305571541978));
#2407 = CARTESIAN_POINT('',(162.91240331295,-115.5230576858,
    9.250146553134));
#2408 = CARTESIAN_POINT('',(162.86313297005,-115.5642281762,
    9.192556890274));
#2409 = CARTESIAN_POINT('',(162.81533084753,-115.6041783036,
    9.132875993579));
#2410 = CARTESIAN_POINT('',(162.76906096338,-115.6428542161,
    9.071181908693));
#2411 = CARTESIAN_POINT('',(162.72438402716,-115.68020472,9.007557038526
    ));
#2412 = CARTESIAN_POINT('',(162.68135724699,-115.7161814572,
    8.942087895043));
#2413 = CARTESIAN_POINT('',(162.59852431431,-115.78545285,8.807338070696
    ));
#2414 = CARTESIAN_POINT('',(162.55873353468,-115.8187347013,8.7380414113
    ));
#2415 = CARTESIAN_POINT('',(162.52071605461,-115.8505386642,
    8.667066454024));
#2416 = CARTESIAN_POINT('',(162.48452229255,-115.8808219019,
    8.594508586135));
#2417 = CARTESIAN_POINT('',(162.45019867252,-115.9095448669,
    8.520466691063));
#2418 = CARTESIAN_POINT('',(162.41778746841,-115.9366714536,
    8.445042838464));
#2419 = CARTESIAN_POINT('',(162.38732664812,-115.962169152,
    8.368341974267));
#2420 = CARTESIAN_POINT('',(162.33048224182,-116.0097576183,
    8.212900551071));
#2421 = CARTESIAN_POINT('',(162.30408339958,-116.0318611345,
    8.134168870875));
#2422 = CARTESIAN_POINT('',(162.27968632169,-116.0522913088,
    8.054382811043));
#2423 = CARTESIAN_POINT('',(162.25731969919,-116.0710234344,
    7.97365101466));
#2424 = CARTESIAN_POINT('',(162.23700766888,-116.0880366514,
    7.892084165089));
#2425 = CARTESIAN_POINT('',(162.21876969878,-116.1033140612,
    7.809794624063));
#2426 = CARTESIAN_POINT('',(162.20262047349,-116.1168428394,
    7.726896069784));
#2427 = CARTESIAN_POINT('',(162.1751643722,-116.1398452468,
    7.563940070064));
#2428 = CARTESIAN_POINT('',(162.16366915931,-116.1494765857,
    7.483926934974));
#2429 = CARTESIAN_POINT('',(162.15409264867,-116.1575008543,7.4035632329
    ));
#2430 = CARTESIAN_POINT('',(162.14643927649,-116.1639140223,
    7.322949188163));
#2431 = CARTESIAN_POINT('',(162.14070934688,-116.1687155961,
    7.242185407987));
#2432 = CARTESIAN_POINT('',(162.13689897122,-116.1719086726,
    7.161372544224));
#2433 = CARTESIAN_POINT('',(162.13500000756,-116.1734999936,
    7.080610955092));
#2434 = CARTESIAN_POINT('',(162.135,-116.1735,7.000000366906));
#2435 = ORIENTED_EDGE('',*,*,#2436,.F.);
#2436 = EDGE_CURVE('',#2256,#2353,#2437,.T.);
#2437 = ( BOUNDED_CURVE() B_SPLINE_CURVE(13,(#2438,#2439,#2440,#2441,
    #2442,#2443,#2444,#2445,#2446,#2447,#2448,#2449,#2450,#2451),
.UNSPECIFIED.,.F.,.F.) B_SPLINE_CURVE_WITH_KNOTS((14,14),(
42.369066488675,53.429550100089),.PIECEWISE_BEZIER_KNOTS.) CURVE() 
GEOMETRIC_REPRESENTATION_ITEM() RATIONAL_B_SPLINE_CURVE((1.031393471788,
    1.031393471788,1.031393471785,1.031393471795,1.031393471773,
    1.031393471809,1.031393471761,1.031393471813,1.031393471767,
    1.0313934718,1.031393471781,1.03139347179,1.031393471787,
1.031393471788)) REPRESENTATION_ITEM('') );
#2438 = CARTESIAN_POINT('',(153.89,-106.4,10.));
#2439 = CARTESIAN_POINT('',(155.22466629165,-106.3352132122,10.));
#2440 = CARTESIAN_POINT('',(156.53760820057,-106.5185960201,
    10.000000000001));
#2441 = CARTESIAN_POINT('',(157.76959595817,-106.9483806779,
    9.999999999998));
#2442 = CARTESIAN_POINT('',(158.85615240309,-107.5977950613,
    10.000000000003));
#2443 = CARTESIAN_POINT('',(159.71427789809,-108.3270709528,
    9.999999999995));
#2444 = CARTESIAN_POINT('',(160.56025905857,-109.0671270063,
    10.000000000006));
#2445 = CARTESIAN_POINT('',(161.24850834569,-109.9047716686,
    9.999999999994));
#2446 = CARTESIAN_POINT('',(161.92356861453,-110.7005151407,
    10.000000000005));
#2447 = CARTESIAN_POINT('',(162.52340580462,-111.5359033051,
    9.999999999997));
#2448 = CARTESIAN_POINT('',(163.0941477221,-112.3389997632,
    10.000000000002));
#2449 = CARTESIAN_POINT('',(163.62971258885,-113.1172291159,
    9.999999999999));
#2450 = CARTESIAN_POINT('',(164.13937975765,-113.8440087831,10.));
#2451 = CARTESIAN_POINT('',(164.62245068417,-114.4964224544,10.));
#2452 = ( BOUNDED_SURFACE() B_SPLINE_SURFACE(6,13,(
    (#2453,#2454,#2455,#2456,#2457,#2458,#2459,#2460,#2461,#2462,#2463
      ,#2464,#2465,#2466)
    ,(#2467,#2468,#2469,#2470,#2471,#2472,#2473,#2474,#2475,#2476,#2477
      ,#2478,#2479,#2480)
    ,(#2481,#2482,#2483,#2484,#2485,#2486,#2487,#2488,#2489,#2490,#2491
      ,#2492,#2493,#2494)
    ,(#2495,#2496,#2497,#2498,#2499,#2500,#2501,#2502,#2503,#2504,#2505
      ,#2506,#2507,#2508)
    ,(#2509,#2510,#2511,#2512,#2513,#2514,#2515,#2516,#2517,#2518,#2519
      ,#2520,#2521,#2522)
    ,(#2523,#2524,#2525,#2526,#2527,#2528,#2529,#2530,#2531,#2532,#2533
      ,#2534,#2535,#2536)
    ,(#2537,#2538,#2539,#2540,#2541,#2542,#2543,#2544,#2545,#2546,#2547
      ,#2548,#2549,#2550
)),.UNSPECIFIED.,.F.,.F.,.F.) B_SPLINE_SURFACE_WITH_KNOTS((7,7),(14,14),
  (0.,11.060483611413),(42.369066488675,53.429550100089),
.PIECEWISE_BEZIER_KNOTS.) GEOMETRIC_REPRESENTATION_ITEM() 
RATIONAL_B_SPLINE_SURFACE((
    (1.031393471788,1.031393471788,1.031393471785,1.031393471795
      ,1.031393471773,1.031393471809,1.031393471761,1.031393471813
      ,1.031393471767,1.0313934718,1.031393471781,1.03139347179
      ,1.031393471787,1.031393471788)
    ,(1.010025407661,1.010025407662,1.010025407659,1.010025407667
      ,1.01002540765,1.010025407678,1.010025407642,1.01002540768
      ,1.010025407647,1.01002540767,1.010025407657,1.010025407663
      ,1.010025407661,1.010025407661)
    ,(0.997924642725,0.997924642725,0.997924642723,0.997924642731
      ,0.997924642714,0.997924642741,0.997924642705,0.997924642744
      ,0.99792464271,0.997924642734,0.99792464272,0.997924642727
      ,0.997924642725,0.997924642725)
    ,(0.993958444137,0.993958444137,0.993958444135,0.993958444142
      ,0.993958444126,0.993958444153,0.993958444118,0.993958444155
      ,0.993958444123,0.993958444146,0.993958444133,0.993958444138
      ,0.993958444137,0.993958444137)
    ,(0.997924642725,0.997924642725,0.997924642723,0.997924642731
      ,0.997924642714,0.997924642741,0.997924642705,0.997924642744
      ,0.99792464271,0.997924642734,0.99792464272,0.997924642727
      ,0.997924642725,0.997924642725)
    ,(1.010025407661,1.010025407662,1.010025407659,1.010025407667
      ,1.01002540765,1.010025407678,1.010025407642,1.01002540768
      ,1.010025407647,1.01002540767,1.010025407657,1.010025407663
      ,1.010025407661,1.010025407661)
    ,(1.031393471788,1.031393471788,1.031393471785,1.031393471795
      ,1.031393471773,1.031393471809,1.031393471761,1.031393471813
      ,1.031393471767,1.0313934718,1.031393471781,1.03139347179
,1.031393471787,1.031393471788))) REPRESENTATION_ITEM('') SURFACE() );
#2453 = CARTESIAN_POINT('',(153.89,-106.4,10.));
#2454 = CARTESIAN_POINT('',(155.22466629165,-106.3352132122,10.));
#2455 = CARTESIAN_POINT('',(156.53760820057,-106.5185960201,
    10.000000000001));
#2456 = CARTESIAN_POINT('',(157.76959595817,-106.9483806779,
    9.999999999998));
#2457 = CARTESIAN_POINT('',(158.85615240309,-107.5977950613,
    10.000000000003));
#2458 = CARTESIAN_POINT('',(159.71427789809,-108.3270709528,
    9.999999999995));
#2459 = CARTESIAN_POINT('',(160.56025905857,-109.0671270063,
    10.000000000006));
#2460 = CARTESIAN_POINT('',(161.24850834569,-109.9047716686,
    9.999999999994));
#2461 = CARTESIAN_POINT('',(161.92356861453,-110.7005151407,
    10.000000000005));
#2462 = CARTESIAN_POINT('',(162.52340580462,-111.5359033051,
    9.999999999997));
#2463 = CARTESIAN_POINT('',(163.0941477221,-112.3389997632,
    10.000000000002));
#2464 = CARTESIAN_POINT('',(163.62971258885,-113.1172291159,
    9.999999999999));
#2465 = CARTESIAN_POINT('',(164.13937975765,-113.8440087831,10.));
#2466 = CARTESIAN_POINT('',(164.62245068417,-114.4964224544,10.));
#2467 = CARTESIAN_POINT('',(153.89,-107.2020103494,10.));
#2468 = CARTESIAN_POINT('',(155.09663492294,-107.1372235617,10.));
#2469 = CARTESIAN_POINT('',(156.28160735314,-107.2984378495,
    10.000000000001));
#2470 = CARTESIAN_POINT('',(157.39913978707,-107.6842164974,
    9.999999999998));
#2471 = CARTESIAN_POINT('',(158.39788120292,-108.2747332684,
    10.000000000003));
#2472 = CARTESIAN_POINT('',(159.20117263551,-108.9532060976,
    9.999999999995));
#2473 = CARTESIAN_POINT('',(159.99603853476,-109.6498498914,
    10.000000000006));
#2474 = CARTESIAN_POINT('',(160.65524246129,-110.4471250925,
    9.999999999994));
#2475 = CARTESIAN_POINT('',(161.30261614337,-111.2133136969,
    10.000000000005));
#2476 = CARTESIAN_POINT('',(161.88514446406,-112.0225153524,
    9.999999999997));
#2477 = CARTESIAN_POINT('',(162.44213042515,-112.8068427874,
    10.000000000001));
#2478 = CARTESIAN_POINT('',(162.96890991979,-113.5717511126,
    9.999999999999));
#2479 = CARTESIAN_POINT('',(163.47390963554,-114.291636825,10.));
#2480 = CARTESIAN_POINT('',(163.95746362001,-114.9447669705,10.));
#2481 = CARTESIAN_POINT('',(153.89,-107.9831257177,9.744986948099));
#2482 = CARTESIAN_POINT('',(154.97193918829,-107.9183389299,
    9.744986948099));
#2483 = CARTESIAN_POINT('',(156.03227616141,-108.0579622598,
    9.744986948099));
#2484 = CARTESIAN_POINT('',(157.03833520552,-108.4008813977,
    9.744986948099));
#2485 = CARTESIAN_POINT('',(157.95154945977,-108.9340350308,
    9.744986948099));
#2486 = CARTESIAN_POINT('',(158.70143543581,-109.563028383,
    9.744986948099));
#2487 = CARTESIAN_POINT('',(159.4465177929,-110.2173909477,
    9.744986948099));
#2488 = CARTESIAN_POINT('',(160.07743308498,-110.9753484438,
    9.744986948098));
#2489 = CARTESIAN_POINT('',(160.69784150611,-111.7127521809,9.7449869481
    ));
#2490 = CARTESIAN_POINT('',(161.26351190976,-112.4964495713,
    9.744986948098));
#2491 = CARTESIAN_POINT('',(161.80710030194,-113.2624969774,
    9.744986948099));
#2492 = CARTESIAN_POINT('',(162.32532331201,-114.0144313313,
    9.744986948099));
#2493 = CARTESIAN_POINT('',(162.82577717707,-114.7276026988,
    9.744986948099));
#2494 = CARTESIAN_POINT('',(163.30980163426,-115.3814306521,
    9.744986948099));
#2495 = CARTESIAN_POINT('',(153.89,-108.6557585396,9.255758539607));
#2496 = CARTESIAN_POINT('',(154.86456139587,-108.5909717518,
    9.255758539607));
#2497 = CARTESIAN_POINT('',(155.81757248268,-108.7120027103,
    9.255758539607));
#2498 = CARTESIAN_POINT('',(156.72763973891,-109.0180147352,
    9.255758539607));
#2499 = CARTESIAN_POINT('',(157.56720497997,-109.5017719144,
    9.255758539607));
#2500 = CARTESIAN_POINT('',(158.27110253435,-110.0881575782,
    9.255758539607));
#2501 = CARTESIAN_POINT('',(158.97331536685,-110.7061109982,
    9.255758539607));
#2502 = CARTESIAN_POINT('',(159.57987079516,-111.4302112947,
    9.255758539607));
#2503 = CARTESIAN_POINT('',(160.17705893367,-112.1428278528,
    9.255758539606));
#2504 = CARTESIAN_POINT('',(160.72821267469,-112.9045630511,
    9.255758539607));
#2505 = CARTESIAN_POINT('',(161.26026417365,-113.6548691878,
    9.255758539607));
#2506 = CARTESIAN_POINT('',(161.77111903736,-114.3956314161,
    9.255758539607));
#2507 = CARTESIAN_POINT('',(162.2676583867,-115.1030209377,
    9.255758539607));
#2508 = CARTESIAN_POINT('',(162.75208797661,-115.7574497861,
    9.255758539607));
#2509 = CARTESIAN_POINT('',(153.89,-109.144986948,8.583125717747));
#2510 = CARTESIAN_POINT('',(154.78646192647,-109.0802001603,
    8.583125717747));
#2511 = CARTESIAN_POINT('',(155.66141129693,-109.1877082636,
    8.583125717747));
#2512 = CARTESIAN_POINT('',(156.50166050669,-109.4668765075,
    8.583125717747));
#2513 = CARTESIAN_POINT('',(157.28765835059,-109.9147059893,
    8.583125717747));
#2514 = CARTESIAN_POINT('',(157.95810698364,-110.4701016523,
    8.583125717747));
#2515 = CARTESIAN_POINT('',(158.62913937327,-111.0615734804,
    8.583125717746));
#2516 = CARTESIAN_POINT('',(159.2179770557,-111.7610483003,
    8.583125717747));
#2517 = CARTESIAN_POINT('',(159.79827630398,-112.4556363118,
    8.583125717746));
#2518 = CARTESIAN_POINT('',(160.33887158942,-113.2013976713,
    8.583125717747));
#2519 = CARTESIAN_POINT('',(160.86253191907,-113.9402546549,
    8.583125717747));
#2520 = CARTESIAN_POINT('',(161.36802768283,-114.6728910216,
    8.583125717747));
#2521 = CARTESIAN_POINT('',(161.86171987362,-115.3760752127,
    8.583125717747));
#2522 = CARTESIAN_POINT('',(162.34644413014,-116.0309411122,
    8.583125717747));
#2523 = CARTESIAN_POINT('',(153.89,-109.4,7.802010349459));
#2524 = CARTESIAN_POINT('',(154.74575214,-109.3352132122,7.802010349459)
  );
#2525 = CARTESIAN_POINT('',(155.58001140298,-109.4356724514,
    7.802010349459));
#2526 = CARTESIAN_POINT('',(156.38386756442,-109.7008482239,
    7.802010349459));
#2527 = CARTESIAN_POINT('',(157.14194310211,-110.1299501919,
    7.802010349459));
#2528 = CARTESIAN_POINT('',(157.79495629731,-110.6691921432,
    7.802010349459));
#2529 = CARTESIAN_POINT('',(158.4497357062,-111.246860293,7.802010349459
    ));
#2530 = CARTESIAN_POINT('',(159.02933791424,-111.933498945,
    7.802010349459));
#2531 = CARTESIAN_POINT('',(159.60083373375,-112.6186894755,
    7.802010349459));
#2532 = CARTESIAN_POINT('',(160.135925365,-113.356124382,7.802010349459)
  );
#2533 = CARTESIAN_POINT('',(160.65521175057,-114.0890134303,
    7.802010349459));
#2534 = CARTESIAN_POINT('',(161.15791405343,-114.8174141461,
    7.802010349459));
#2535 = CARTESIAN_POINT('',(161.65012214685,-115.5184062851,
    7.802010349459));
#2536 = CARTESIAN_POINT('',(162.135,-116.1735,7.802010349459));
#2537 = CARTESIAN_POINT('',(153.89,-109.4,7.));
#2538 = CARTESIAN_POINT('',(154.74575214,-109.3352132122,7.));
#2539 = CARTESIAN_POINT('',(155.58001140298,-109.4356724514,7.));
#2540 = CARTESIAN_POINT('',(156.38386756443,-109.7008482239,
    7.000000000001));
#2541 = CARTESIAN_POINT('',(157.14194310211,-110.1299501919,
    6.999999999999));
#2542 = CARTESIAN_POINT('',(157.79495629732,-110.6691921432,
    7.000000000002));
#2543 = CARTESIAN_POINT('',(158.4497357062,-111.246860293,6.999999999998
    ));
#2544 = CARTESIAN_POINT('',(159.02933791424,-111.933498945,
    7.000000000002));
#2545 = CARTESIAN_POINT('',(159.60083373374,-112.6186894755,
    6.999999999999));
#2546 = CARTESIAN_POINT('',(160.135925365,-113.356124382,7.000000000001)
  );
#2547 = CARTESIAN_POINT('',(160.65521175057,-114.0890134303,7.));
#2548 = CARTESIAN_POINT('',(161.15791405343,-114.8174141461,7.));
#2549 = CARTESIAN_POINT('',(161.65012214685,-115.5184062851,7.));
#2550 = CARTESIAN_POINT('',(162.135,-116.1735,7.));
#2551 = ADVANCED_FACE('',(#2552),#2615,.F.);
#2552 = FACE_BOUND('',#2553,.F.);
#2553 = EDGE_LOOP('',(#2554,#2555,#2556,#2598));
#2554 = ORIENTED_EDGE('',*,*,#2334,.T.);
#2555 = ORIENTED_EDGE('',*,*,#1628,.T.);
#2556 = ORIENTED_EDGE('',*,*,#2557,.F.);
#2557 = EDGE_CURVE('',#2558,#1621,#2560,.T.);
#2558 = VERTEX_POINT('',#2559);
#2559 = CARTESIAN_POINT('',(205.33985206358,-114.2478890745,10.));
#2560 = B_SPLINE_CURVE_WITH_KNOTS('',8,(#2561,#2562,#2563,#2564,#2565,
    #2566,#2567,#2568,#2569,#2570,#2571,#2572,#2573,#2574,#2575,#2576,
    #2577,#2578,#2579,#2580,#2581,#2582,#2583,#2584,#2585,#2586,#2587,
    #2588,#2589,#2590,#2591,#2592,#2593,#2594,#2595,#2596,#2597),
  .UNSPECIFIED.,.F.,.F.,(9,7,7,7,7,9),(0.,6.166483653096E-03,
    0.245693137335,0.50000810776,0.754231728825,1.),.UNSPECIFIED.);
#2561 = CARTESIAN_POINT('',(205.33985216139,-114.24788894,10.));
#2562 = CARTESIAN_POINT('',(205.34260405699,-114.2501871907,
    10.000000000003));
#2563 = CARTESIAN_POINT('',(205.34535823324,-114.2524828882,
    9.999995118736));
#2564 = CARTESIAN_POINT('',(205.34810859476,-114.2547841571,
    9.999985354775));
#2565 = CARTESIAN_POINT('',(205.35086448597,-114.2570785052,
    9.999970706708));
#2566 = CARTESIAN_POINT('',(205.35361587247,-114.2593793171,
    9.999951173161));
#2567 = CARTESIAN_POINT('',(205.3563702236,-114.2616766042,
    9.999926752765));
#2568 = CARTESIAN_POINT('',(205.35912380073,-114.2639753444,
    9.999897444184));
#2569 = CARTESIAN_POINT('',(205.4688493747,-114.3555622882,
    9.998534879141));
#2570 = CARTESIAN_POINT('',(205.57611079431,-114.4450751487,
    9.98982926504));
#2571 = CARTESIAN_POINT('',(205.68326653898,-114.5344876898,
    9.973668930134));
#2572 = CARTESIAN_POINT('',(205.78991763619,-114.6234722036,
    9.950026327446));
#2573 = CARTESIAN_POINT('',(205.89566536045,-114.7117010422,9.9189224068
    ));
#2574 = CARTESIAN_POINT('',(206.00011500534,-114.7988494717,
    9.880425184942));
#2575 = CARTESIAN_POINT('',(206.10287965551,-114.8845985254,
    9.834648315652));
#2576 = CARTESIAN_POINT('',(206.31050572074,-115.0578657595,
    9.725585054075));
#2577 = CARTESIAN_POINT('',(206.41510577387,-115.1451670434,
    9.661391615462));
#2578 = CARTESIAN_POINT('',(206.51693386636,-115.2301696268,
    9.589358000779));
#2579 = CARTESIAN_POINT('',(206.61555568697,-115.3125133497,
    9.509728410212));
#2580 = CARTESIAN_POINT('',(206.71055663582,-115.3918531771,
    9.422799252809));
#2581 = CARTESIAN_POINT('',(206.80154559538,-115.4678623999,
    9.328915811902));
#2582 = CARTESIAN_POINT('',(206.88815870142,-115.540235836,
    9.228468910532));
#2583 = CARTESIAN_POINT('',(207.05193810665,-115.6771256372,
    9.015352525542));
#2584 = CARTESIAN_POINT('',(207.12910880121,-115.7416456913,
    8.902686117047));
#2585 = CARTESIAN_POINT('',(207.20124222213,-115.8019727716,
    8.784324384886));
#2586 = CARTESIAN_POINT('',(207.2680377242,-115.8578524176,
    8.660739739418));
#2587 = CARTESIAN_POINT('',(207.32922956241,-115.9090586418,
    8.532440093088));
#2588 = CARTESIAN_POINT('',(207.38458946183,-115.9553964408,
    8.399963985644));
#2589 = CARTESIAN_POINT('',(207.43392918751,-115.9967043072,
    8.263875709368));
#2590 = CARTESIAN_POINT('',(207.51884109815,-116.0678067612,
    7.99027206337));
#2591 = CARTESIAN_POINT('',(207.55481701756,-116.0979389521,
    7.852953455225));
#2592 = CARTESIAN_POINT('',(207.58489907502,-116.1231396596,
    7.713332241889));
#2593 = CARTESIAN_POINT('',(207.60899320061,-116.1433272337,
    7.571952707006));
#2594 = CARTESIAN_POINT('',(207.62704431182,-116.1584532183,
    7.429370242441));
#2595 = CARTESIAN_POINT('',(207.6390375733,-116.1685035427,
    7.286145804877));
#2596 = CARTESIAN_POINT('',(207.64499965663,-116.1734997122,
    7.142840372418));
#2597 = CARTESIAN_POINT('',(207.64499999998,-116.1734999999,
    7.000009401183));
#2598 = ORIENTED_EDGE('',*,*,#2599,.F.);
#2599 = EDGE_CURVE('',#2326,#2558,#2600,.T.);
#2600 = ( BOUNDED_CURVE() B_SPLINE_CURVE(13,(#2601,#2602,#2603,#2604,
    #2605,#2606,#2607,#2608,#2609,#2610,#2611,#2612,#2613,#2614),
.UNSPECIFIED.,.F.,.F.) B_SPLINE_CURVE_WITH_KNOTS((14,14),(
42.369066488675,53.429550100089),.PIECEWISE_BEZIER_KNOTS.) CURVE() 
GEOMETRIC_REPRESENTATION_ITEM() RATIONAL_B_SPLINE_CURVE((1.031393471788,
    1.031393471787,1.031393471788,1.031393471786,1.031393471791,
    1.031393471782,1.031393471794,1.031393471782,1.031393471792,
    1.031393471785,1.031393471789,1.031393471787,1.031393471788,
1.031393471788)) REPRESENTATION_ITEM('') );
#2601 = CARTESIAN_POINT('',(215.89,-106.4,10.));
#2602 = CARTESIAN_POINT('',(214.55533370835,-106.3352132122,10.));
#2603 = CARTESIAN_POINT('',(213.24239179941,-106.5185960201,10.));
#2604 = CARTESIAN_POINT('',(212.01040404184,-106.9483806779,
    10.000000000001));
#2605 = CARTESIAN_POINT('',(210.92384759687,-107.5977950614,
    9.999999999998));
#2606 = CARTESIAN_POINT('',(210.06572210193,-108.3270709528,
    10.000000000003));
#2607 = CARTESIAN_POINT('',(209.21974094142,-109.0671270063,
    9.999999999996));
#2608 = CARTESIAN_POINT('',(208.53149165429,-109.9047716686,
    10.000000000004));
#2609 = CARTESIAN_POINT('',(207.85643138549,-110.7005151407,
    9.999999999997));
#2610 = CARTESIAN_POINT('',(207.25659419534,-111.5359033051,
    10.000000000002));
#2611 = CARTESIAN_POINT('',(206.68585227791,-112.3389997632,
    9.999999999999));
#2612 = CARTESIAN_POINT('',(206.15028741113,-113.1172291159,10.));
#2613 = CARTESIAN_POINT('',(205.64062024234,-113.8440087831,10.));
#2614 = CARTESIAN_POINT('',(205.15754931582,-114.4964224544,10.));
#2615 = ( BOUNDED_SURFACE() B_SPLINE_SURFACE(6,13,(
    (#2616,#2617,#2618,#2619,#2620,#2621,#2622,#2623,#2624,#2625,#2626
      ,#2627,#2628,#2629)
    ,(#2630,#2631,#2632,#2633,#2634,#2635,#2636,#2637,#2638,#2639,#2640
      ,#2641,#2642,#2643)
    ,(#2644,#2645,#2646,#2647,#2648,#2649,#2650,#2651,#2652,#2653,#2654
      ,#2655,#2656,#2657)
    ,(#2658,#2659,#2660,#2661,#2662,#2663,#2664,#2665,#2666,#2667,#2668
      ,#2669,#2670,#2671)
    ,(#2672,#2673,#2674,#2675,#2676,#2677,#2678,#2679,#2680,#2681,#2682
      ,#2683,#2684,#2685)
    ,(#2686,#2687,#2688,#2689,#2690,#2691,#2692,#2693,#2694,#2695,#2696
      ,#2697,#2698,#2699)
    ,(#2700,#2701,#2702,#2703,#2704,#2705,#2706,#2707,#2708,#2709,#2710
      ,#2711,#2712,#2713
)),.UNSPECIFIED.,.F.,.F.,.F.) B_SPLINE_SURFACE_WITH_KNOTS((7,7),(14,14),
  (0.,11.060483611413),(42.369066488675,53.429550100089),
.PIECEWISE_BEZIER_KNOTS.) GEOMETRIC_REPRESENTATION_ITEM() 
RATIONAL_B_SPLINE_SURFACE((
    (1.031393471788,1.031393471787,1.031393471788,1.031393471786
      ,1.031393471791,1.031393471782,1.031393471794,1.031393471782
      ,1.031393471792,1.031393471785,1.031393471789,1.031393471787
      ,1.031393471788,1.031393471788)
    ,(1.010025407661,1.010025407661,1.010025407662,1.01002540766
      ,1.010025407665,1.010025407657,1.010025407667,1.010025407655
      ,1.010025407666,1.010025407658,1.010025407663,1.010025407661
      ,1.010025407662,1.010025407661)
    ,(0.997924642725,0.997924642725,0.997924642726,0.997924642723
      ,0.997924642728,0.99792464272,0.997924642731,0.99792464272
      ,0.997924642729,0.997924642722,0.997924642726,0.997924642725
      ,0.997924642725,0.997924642725)
    ,(0.993958444137,0.993958444137,0.993958444138,0.993958444135
      ,0.993958444141,0.993958444131,0.993958444144,0.99395844413
      ,0.993958444142,0.993958444133,0.993958444139,0.993958444136
      ,0.993958444137,0.993958444137)
    ,(0.997924642725,0.997924642725,0.997924642726,0.997924642723
      ,0.997924642728,0.99792464272,0.997924642731,0.99792464272
      ,0.997924642729,0.997924642722,0.997924642726,0.997924642725
      ,0.997924642725,0.997924642725)
    ,(1.010025407661,1.010025407661,1.010025407662,1.01002540766
      ,1.010025407665,1.010025407657,1.010025407667,1.010025407655
      ,1.010025407666,1.010025407658,1.010025407663,1.010025407661
      ,1.010025407662,1.010025407661)
    ,(1.031393471788,1.031393471787,1.031393471788,1.031393471786
      ,1.031393471791,1.031393471782,1.031393471794,1.031393471782
      ,1.031393471792,1.031393471785,1.031393471789,1.031393471787
,1.031393471788,1.031393471788))) REPRESENTATION_ITEM('') SURFACE() );
#2616 = CARTESIAN_POINT('',(215.89,-106.4,10.));
#2617 = CARTESIAN_POINT('',(214.55533370835,-106.3352132122,10.));
#2618 = CARTESIAN_POINT('',(213.24239179941,-106.5185960201,10.));
#2619 = CARTESIAN_POINT('',(212.01040404184,-106.9483806779,
    10.000000000001));
#2620 = CARTESIAN_POINT('',(210.92384759687,-107.5977950614,
    9.999999999998));
#2621 = CARTESIAN_POINT('',(210.06572210193,-108.3270709528,
    10.000000000003));
#2622 = CARTESIAN_POINT('',(209.21974094142,-109.0671270063,
    9.999999999996));
#2623 = CARTESIAN_POINT('',(208.53149165429,-109.9047716686,
    10.000000000004));
#2624 = CARTESIAN_POINT('',(207.85643138549,-110.7005151407,
    9.999999999997));
#2625 = CARTESIAN_POINT('',(207.25659419534,-111.5359033051,
    10.000000000002));
#2626 = CARTESIAN_POINT('',(206.68585227791,-112.3389997632,
    9.999999999999));
#2627 = CARTESIAN_POINT('',(206.15028741113,-113.1172291159,10.));
#2628 = CARTESIAN_POINT('',(205.64062024234,-113.8440087831,10.));
#2629 = CARTESIAN_POINT('',(205.15754931582,-114.4964224544,10.));
#2630 = CARTESIAN_POINT('',(215.89,-107.2020103494,10.));
#2631 = CARTESIAN_POINT('',(214.68336507706,-107.1372235617,10.));
#2632 = CARTESIAN_POINT('',(213.49839264684,-107.2984378495,10.));
#2633 = CARTESIAN_POINT('',(212.38086021294,-107.6842164974,10.));
#2634 = CARTESIAN_POINT('',(211.38211879705,-108.2747332684,10.));
#2635 = CARTESIAN_POINT('',(210.57882736451,-108.9532060976,
    10.000000000001));
#2636 = CARTESIAN_POINT('',(209.78396146521,-109.6498498913,
    9.999999999999));
#2637 = CARTESIAN_POINT('',(209.1247575387,-110.4471250926,
    10.000000000001));
#2638 = CARTESIAN_POINT('',(208.47738385664,-111.2133136969,
    9.999999999999));
#2639 = CARTESIAN_POINT('',(207.89485553591,-112.0225153524,
    10.000000000001));
#2640 = CARTESIAN_POINT('',(207.33786957485,-112.8068427874,10.));
#2641 = CARTESIAN_POINT('',(206.81109008019,-113.5717511126,10.));
#2642 = CARTESIAN_POINT('',(206.30609036445,-114.291636825,10.));
#2643 = CARTESIAN_POINT('',(205.82253637998,-114.9447669705,10.));
#2644 = CARTESIAN_POINT('',(215.89,-107.9831257177,9.744986948099));
#2645 = CARTESIAN_POINT('',(214.8080608117,-107.9183389299,
    9.744986948099));
#2646 = CARTESIAN_POINT('',(213.74772383858,-108.0579622598,
    9.744986948099));
#2647 = CARTESIAN_POINT('',(212.74166479449,-108.4008813977,
    9.744986948099));
#2648 = CARTESIAN_POINT('',(211.82845054019,-108.9340350308,
    9.744986948099));
#2649 = CARTESIAN_POINT('',(211.07856456422,-109.563028383,
    9.744986948098));
#2650 = CARTESIAN_POINT('',(210.33348220706,-110.2173909477,9.7449869481
    ));
#2651 = CARTESIAN_POINT('',(209.70256691503,-110.9753484438,
    9.744986948097));
#2652 = CARTESIAN_POINT('',(209.08215849388,-111.7127521808,9.7449869481
    ));
#2653 = CARTESIAN_POINT('',(208.51648809022,-112.4964495714,
    9.744986948098));
#2654 = CARTESIAN_POINT('',(207.97289969806,-113.2624969774,
    9.744986948099));
#2655 = CARTESIAN_POINT('',(207.45467668797,-114.0144313313,
    9.744986948099));
#2656 = CARTESIAN_POINT('',(206.95422282292,-114.7276026988,
    9.744986948099));
#2657 = CARTESIAN_POINT('',(206.47019836573,-115.3814306521,
    9.744986948099));
#2658 = CARTESIAN_POINT('',(215.89,-108.6557585396,9.255758539607));
#2659 = CARTESIAN_POINT('',(214.91543860412,-108.5909717518,
    9.255758539607));
#2660 = CARTESIAN_POINT('',(213.9624275173,-108.7120027103,
    9.255758539607));
#2661 = CARTESIAN_POINT('',(213.0523602611,-109.0180147352,
    9.255758539608));
#2662 = CARTESIAN_POINT('',(212.21279501998,-109.5017719144,
    9.255758539605));
#2663 = CARTESIAN_POINT('',(211.50889746567,-110.0881575782,
    9.25575853961));
#2664 = CARTESIAN_POINT('',(210.80668463311,-110.7061109982,
    9.255758539603));
#2665 = CARTESIAN_POINT('',(210.20012920485,-111.4302112947,
    9.255758539611));
#2666 = CARTESIAN_POINT('',(209.60294106632,-112.1428278527,
    9.255758539603));
#2667 = CARTESIAN_POINT('',(209.05178732529,-112.9045630512,
    9.25575853961));
#2668 = CARTESIAN_POINT('',(208.51973582635,-113.6548691878,
    9.255758539605));
#2669 = CARTESIAN_POINT('',(208.00888096262,-114.3956314161,
    9.255758539607));
#2670 = CARTESIAN_POINT('',(207.51234161329,-115.1030209377,
    9.255758539607));
#2671 = CARTESIAN_POINT('',(207.02791202338,-115.7574497861,
    9.255758539607));
#2672 = CARTESIAN_POINT('',(215.89,-109.144986948,8.583125717747));
#2673 = CARTESIAN_POINT('',(214.99353807353,-109.0802001603,
    8.583125717747));
#2674 = CARTESIAN_POINT('',(214.11858870305,-109.1877082636,
    8.583125717747));
#2675 = CARTESIAN_POINT('',(213.27833949332,-109.4668765075,
    8.583125717747));
#2676 = CARTESIAN_POINT('',(212.49234164937,-109.9147059893,
    8.583125717746));
#2677 = CARTESIAN_POINT('',(211.82189301639,-110.4701016523,
    8.583125717747));
#2678 = CARTESIAN_POINT('',(211.15086062669,-111.0615734804,
    8.583125717746));
#2679 = CARTESIAN_POINT('',(210.56202294431,-111.7610483003,
    8.583125717747));
#2680 = CARTESIAN_POINT('',(209.981723696,-112.4556363117,8.583125717746
    ));
#2681 = CARTESIAN_POINT('',(209.44112841056,-113.2013976714,
    8.583125717747));
#2682 = CARTESIAN_POINT('',(208.91746808093,-113.9402546549,
    8.583125717746));
#2683 = CARTESIAN_POINT('',(208.41197231716,-114.6728910216,
    8.583125717747));
#2684 = CARTESIAN_POINT('',(207.91828012637,-115.3760752127,
    8.583125717747));
#2685 = CARTESIAN_POINT('',(207.43355586985,-116.0309411122,
    8.583125717747));
#2686 = CARTESIAN_POINT('',(215.89,-109.4,7.802010349459));
#2687 = CARTESIAN_POINT('',(215.03424786,-109.3352132122,7.802010349459)
  );
#2688 = CARTESIAN_POINT('',(214.199988597,-109.4356724514,7.802010349459
    ));
#2689 = CARTESIAN_POINT('',(213.39613243558,-109.7008482239,
    7.802010349458));
#2690 = CARTESIAN_POINT('',(212.63805689785,-110.1299501919,
    7.80201034946));
#2691 = CARTESIAN_POINT('',(211.98504370271,-110.6691921432,
    7.802010349457));
#2692 = CARTESIAN_POINT('',(211.33026429376,-111.246860293,
    7.802010349461));
#2693 = CARTESIAN_POINT('',(210.75066208577,-111.9334989451,
    7.802010349456));
#2694 = CARTESIAN_POINT('',(210.17916626624,-112.6186894755,
    7.802010349461));
#2695 = CARTESIAN_POINT('',(209.64407463498,-113.356124382,
    7.802010349457));
#2696 = CARTESIAN_POINT('',(209.12478824943,-114.0890134303,
    7.80201034946));
#2697 = CARTESIAN_POINT('',(208.62208594656,-114.8174141461,
    7.802010349458));
#2698 = CARTESIAN_POINT('',(208.12987785314,-115.5184062851,
    7.802010349459));
#2699 = CARTESIAN_POINT('',(207.645,-116.1735,7.802010349459));
#2700 = CARTESIAN_POINT('',(215.89,-109.4,7.));
#2701 = CARTESIAN_POINT('',(215.03424786,-109.3352132122,7.));
#2702 = CARTESIAN_POINT('',(214.199988597,-109.4356724514,7.));
#2703 = CARTESIAN_POINT('',(213.39613243558,-109.7008482239,
    6.999999999999));
#2704 = CARTESIAN_POINT('',(212.63805689785,-110.1299501919,
    7.000000000002));
#2705 = CARTESIAN_POINT('',(211.98504370271,-110.6691921432,
    6.999999999997));
#2706 = CARTESIAN_POINT('',(211.33026429376,-111.246860293,
    7.000000000004));
#2707 = CARTESIAN_POINT('',(210.75066208577,-111.9334989451,
    6.999999999996));
#2708 = CARTESIAN_POINT('',(210.17916626624,-112.6186894755,
    7.000000000004));
#2709 = CARTESIAN_POINT('',(209.64407463498,-113.356124382,
    6.999999999998));
#2710 = CARTESIAN_POINT('',(209.12478824943,-114.0890134303,
    7.000000000001));
#2711 = CARTESIAN_POINT('',(208.62208594656,-114.8174141461,7.));
#2712 = CARTESIAN_POINT('',(208.12987785314,-115.5184062851,7.));
#2713 = CARTESIAN_POINT('',(207.645,-116.1735,7.));
#2714 = ADVANCED_FACE('',(#2715),#2780,.F.);
#2715 = FACE_BOUND('',#2716,.F.);
#2716 = EDGE_LOOP('',(#2717,#2766,#2767,#2768));
#2717 = ORIENTED_EDGE('',*,*,#2718,.T.);
#2718 = EDGE_CURVE('',#2719,#1659,#2721,.T.);
#2719 = VERTEX_POINT('',#2720);
#2720 = CARTESIAN_POINT('',(166.12736962705,-115.47,10.));
#2721 = B_SPLINE_CURVE_WITH_KNOTS('',8,(#2722,#2723,#2724,#2725,#2726,
    #2727,#2728,#2729,#2730,#2731,#2732,#2733,#2734,#2735,#2736,#2737,
    #2738,#2739,#2740,#2741,#2742,#2743,#2744,#2745,#2746,#2747,#2748,
    #2749,#2750,#2751,#2752,#2753,#2754,#2755,#2756,#2757,#2758,#2759,
    #2760,#2761,#2762,#2763,#2764,#2765),.UNSPECIFIED.,.F.,.F.,(9,7,7,7,
    7,7,9),(0.,1.217313882514E-02,0.109515857393,0.236407392108,
    0.579840889959,0.789577868998,1.),.UNSPECIFIED.);
#2722 = CARTESIAN_POINT('',(166.12736966719,-115.4700000097,10.));
#2723 = CARTESIAN_POINT('',(166.12659721047,-115.476459232,
    9.999999999895));
#2724 = CARTESIAN_POINT('',(166.12582744353,-115.4829266403,
    9.999984106924));
#2725 = CARTESIAN_POINT('',(166.12505699469,-115.4894042886,
    9.999952243727));
#2726 = CARTESIAN_POINT('',(166.12429112113,-115.4958886328,
    9.999904336309));
#2727 = CARTESIAN_POINT('',(166.12352415594,-115.5023832774,
    9.999840307703));
#2728 = CARTESIAN_POINT('',(166.12276034623,-115.5088852562,
    9.999760087335));
#2729 = CARTESIAN_POINT('',(166.12199756743,-115.5153959063,
    9.99966360083));
#2730 = CARTESIAN_POINT('',(166.11515034691,-115.5740416962,
    9.998648590728));
#2731 = CARTESIAN_POINT('',(166.109165997,-115.626688928,9.996701805544)
  );
#2732 = CARTESIAN_POINT('',(166.10328462639,-115.6797917999,
    9.99367409717));
#2733 = CARTESIAN_POINT('',(166.09750681757,-115.7332844192,
    9.989533801402));
#2734 = CARTESIAN_POINT('',(166.09183263906,-115.7871013626,
    9.984253950833));
#2735 = CARTESIAN_POINT('',(166.08626174206,-115.8411790177,
    9.977812046159));
#2736 = CARTESIAN_POINT('',(166.0807934448,-115.8954564289,
    9.970189563312));
#2737 = CARTESIAN_POINT('',(166.06843109679,-116.0208140619,
    9.949875975007));
#2738 = CARTESIAN_POINT('',(166.06160837483,-116.0919911733,
    9.936349043026));
#2739 = CARTESIAN_POINT('',(166.05495631527,-116.1632800912,
    9.920756473823));
#2740 = CARTESIAN_POINT('',(166.04847249325,-116.2345577517,
    9.903074541219));
#2741 = CARTESIAN_POINT('',(166.04215444139,-116.3057053102,
    9.883288634086));
#2742 = CARTESIAN_POINT('',(166.03599970874,-116.3766085334,9.8613921709
    ));
#2743 = CARTESIAN_POINT('',(166.03000591971,-116.4471581926,
    9.837385514298));
#2744 = CARTESIAN_POINT('',(166.00837809906,-116.7069560276,
    9.740606148294));
#2745 = CARTESIAN_POINT('',(165.99374771995,-116.8933119553,
    9.654524889212));
#2746 = CARTESIAN_POINT('',(165.98023846832,-117.074209154,
    9.553170883071));
#2747 = CARTESIAN_POINT('',(165.96782263409,-117.2476928854,
    9.437065379633));
#2748 = CARTESIAN_POINT('',(165.95648095435,-117.4119881334,
    9.307040963865));
#2749 = CARTESIAN_POINT('',(165.94619928333,-117.5655131613,
    9.164199729449));
#2750 = CARTESIAN_POINT('',(165.93696595073,-117.7068998766,
    9.009890311062));
#2751 = CARTESIAN_POINT('',(165.92376267976,-117.9132953841,
    8.745418805608));
#2752 = CARTESIAN_POINT('',(165.91914254437,-117.9866183857,
    8.641445594882));
#2753 = CARTESIAN_POINT('',(165.91490548956,-118.0547573137,
    8.534130642437));
#2754 = CARTESIAN_POINT('',(165.91104823068,-118.1175027445,
    8.423851195069));
#2755 = CARTESIAN_POINT('',(165.90756699012,-118.1746876335,
    8.311002218004));
#2756 = CARTESIAN_POINT('',(165.90445742751,-118.2261877927,
    8.195992820283));
#2757 = CARTESIAN_POINT('',(165.90171456997,-118.2719223678,
    8.079242680148));
#2758 = CARTESIAN_POINT('',(165.89694313406,-118.3519167087,
    7.842728577989));
#2759 = CARTESIAN_POINT('',(165.89491677343,-118.3861409858,
    7.722948934357));
#2760 = CARTESIAN_POINT('',(165.8932478953,-118.414489442,7.602269655206
    ));
#2761 = CARTESIAN_POINT('',(165.89192982946,-118.436972323,
    7.481117852988));
#2762 = CARTESIAN_POINT('',(165.89095498984,-118.4536454806,
    7.359913662829));
#2763 = CARTESIAN_POINT('',(165.89031486355,-118.4646080289,
    7.239066268429));
#2764 = CARTESIAN_POINT('',(165.89,-118.47,7.118969927968));
#2765 = CARTESIAN_POINT('',(165.89,-118.47,7.));
#2766 = ORIENTED_EDGE('',*,*,#1666,.T.);
#2767 = ORIENTED_EDGE('',*,*,#2352,.F.);
#2768 = ORIENTED_EDGE('',*,*,#2769,.F.);
#2769 = EDGE_CURVE('',#2719,#2353,#2770,.T.);
#2770 = ( BOUNDED_CURVE() B_SPLINE_CURVE(8,(#2771,#2772,#2773,#2774,
    #2775,#2776,#2777,#2778,#2779),.UNSPECIFIED.,.F.,.F.) 
B_SPLINE_CURVE_WITH_KNOTS((9,9),(2.00177543371E-14,4.495893090556),
.PIECEWISE_BEZIER_KNOTS.) CURVE() GEOMETRIC_REPRESENTATION_ITEM() 
RATIONAL_B_SPLINE_CURVE((1.,1.,1.,1.,1.,1.,1.,1.,1.)) 
REPRESENTATION_ITEM('') );
#2771 = CARTESIAN_POINT('',(166.23916816109,-115.4903890194,10.));
#2772 = CARTESIAN_POINT('',(166.1399824123,-115.478765856,10.));
#2773 = CARTESIAN_POINT('',(166.01984731572,-115.4504870913,10.));
#2774 = CARTESIAN_POINT('',(165.85525499049,-115.3965057514,10.));
#2775 = CARTESIAN_POINT('',(165.63140343149,-115.2918493412,10.));
#2776 = CARTESIAN_POINT('',(165.36219748178,-115.1186656762,10.));
#2777 = CARTESIAN_POINT('',(165.0540998707,-114.8732913462,10.));
#2778 = CARTESIAN_POINT('',(164.71568430196,-114.5516675441,10.));
#2779 = CARTESIAN_POINT('',(164.35288768418,-114.1533578712,10.));
#2780 = ( BOUNDED_SURFACE() B_SPLINE_SURFACE(2,8,(
    (#2781,#2782,#2783,#2784,#2785,#2786,#2787,#2788,#2789)
    ,(#2790,#2791,#2792,#2793,#2794,#2795,#2796,#2797,#2798)
    ,(#2799,#2800,#2801,#2802,#2803,#2804,#2805,#2806,#2807
)),.UNSPECIFIED.,.F.,.F.,.F.) B_SPLINE_SURFACE_WITH_KNOTS((3,3),(9,9),(
    0.,4.495893090556),(2.00177543371E-14,4.495893090556),
.PIECEWISE_BEZIER_KNOTS.) GEOMETRIC_REPRESENTATION_ITEM() 
RATIONAL_B_SPLINE_SURFACE((
    (1.,1.,1.,1.,1.,1.,1.,1.,1.)
    ,(0.707106781187,0.707106781187,0.707106781187,0.707106781187
      ,0.707106781187,0.707106781187,0.707106781187,0.707106781187
      ,0.707106781187)
,(1.,1.,1.,1.,1.,1.,1.,1.,1.))) REPRESENTATION_ITEM('') SURFACE() );
#2781 = CARTESIAN_POINT('',(166.23916816109,-115.4903890194,10.));
#2782 = CARTESIAN_POINT('',(166.1399824123,-115.478765856,10.));
#2783 = CARTESIAN_POINT('',(166.01984731572,-115.4504870913,10.));
#2784 = CARTESIAN_POINT('',(165.85525499049,-115.3965057514,10.));
#2785 = CARTESIAN_POINT('',(165.63140343149,-115.2918493412,10.));
#2786 = CARTESIAN_POINT('',(165.36219748178,-115.1186656762,10.));
#2787 = CARTESIAN_POINT('',(165.0540998707,-114.8732913462,10.));
#2788 = CARTESIAN_POINT('',(164.71568430196,-114.5516675441,10.));
#2789 = CARTESIAN_POINT('',(164.35288768418,-114.1533578712,10.));
#2790 = CARTESIAN_POINT('',(165.89,-118.47,10.));
#2791 = CARTESIAN_POINT('',(165.4245,-118.41545,10.));
#2792 = CARTESIAN_POINT('',(164.95789285714,-118.2944678571,10.));
#2793 = CARTESIAN_POINT('',(164.49017857142,-118.1070535714,10.));
#2794 = CARTESIAN_POINT('',(164.02135714285,-117.8532071428,10.));
#2795 = CARTESIAN_POINT('',(163.55142857142,-117.5329285714,10.));
#2796 = CARTESIAN_POINT('',(163.08039285714,-117.1462178571,10.));
#2797 = CARTESIAN_POINT('',(162.60825,-116.693075,10.));
#2798 = CARTESIAN_POINT('',(162.135,-116.1735,10.));
#2799 = CARTESIAN_POINT('',(165.89,-118.47,7.));
#2800 = CARTESIAN_POINT('',(165.4245,-118.41545,7.));
#2801 = CARTESIAN_POINT('',(164.95789285714,-118.2944678571,7.));
#2802 = CARTESIAN_POINT('',(164.49017857142,-118.1070535714,7.));
#2803 = CARTESIAN_POINT('',(164.02135714285,-117.8532071428,7.));
#2804 = CARTESIAN_POINT('',(163.55142857142,-117.5329285714,7.));
#2805 = CARTESIAN_POINT('',(163.08039285714,-117.1462178571,7.));
#2806 = CARTESIAN_POINT('',(162.60825,-116.693075,7.));
#2807 = CARTESIAN_POINT('',(162.135,-116.1735,7.));
#2808 = ADVANCED_FACE('',(#2809),#2874,.T.);
#2809 = FACE_BOUND('',#2810,.T.);
#2810 = EDGE_LOOP('',(#2811,#2860,#2861,#2862));
#2811 = ORIENTED_EDGE('',*,*,#2812,.T.);
#2812 = EDGE_CURVE('',#2813,#1691,#2815,.T.);
#2813 = VERTEX_POINT('',#2814);
#2814 = CARTESIAN_POINT('',(203.65263037294,-115.47,10.));
#2815 = B_SPLINE_CURVE_WITH_KNOTS('',8,(#2816,#2817,#2818,#2819,#2820,
    #2821,#2822,#2823,#2824,#2825,#2826,#2827,#2828,#2829,#2830,#2831,
    #2832,#2833,#2834,#2835,#2836,#2837,#2838,#2839,#2840,#2841,#2842,
    #2843,#2844,#2845,#2846,#2847,#2848,#2849,#2850,#2851,#2852,#2853,
    #2854,#2855,#2856,#2857,#2858,#2859),.UNSPECIFIED.,.F.,.F.,(9,7,7,7,
    7,7,9),(0.,1.217314163815E-02,0.109515882703,0.236407446745,
    0.57984102397,0.789578051482,1.),.UNSPECIFIED.);
#2816 = CARTESIAN_POINT('',(203.65263033279,-115.4700000097,10.));
#2817 = CARTESIAN_POINT('',(203.65340278952,-115.476459232,
    9.999999999895));
#2818 = CARTESIAN_POINT('',(203.65417255648,-115.4829266403,
    9.999984106924));
#2819 = CARTESIAN_POINT('',(203.65494300528,-115.4894042886,
    9.999952243727));
#2820 = CARTESIAN_POINT('',(203.65570887888,-115.4958886329,
    9.999904336309));
#2821 = CARTESIAN_POINT('',(203.65647584405,-115.5023832774,
    9.999840307703));
#2822 = CARTESIAN_POINT('',(203.65723965376,-115.5088852562,
    9.999760087335));
#2823 = CARTESIAN_POINT('',(203.65800243257,-115.5153959063,
    9.99966360083));
#2824 = CARTESIAN_POINT('',(203.66484965308,-115.5740416962,
    9.998648590728));
#2825 = CARTESIAN_POINT('',(203.67083400299,-115.626688928,
    9.996701805544));
#2826 = CARTESIAN_POINT('',(203.6767153736,-115.6797917999,9.99367409717
    ));
#2827 = CARTESIAN_POINT('',(203.68249318242,-115.7332844192,
    9.989533801402));
#2828 = CARTESIAN_POINT('',(203.68816736093,-115.7871013626,
    9.984253950833));
#2829 = CARTESIAN_POINT('',(203.69373825793,-115.8411790177,
    9.977812046159));
#2830 = CARTESIAN_POINT('',(203.69920655519,-115.8954564289,
    9.970189563312));
#2831 = CARTESIAN_POINT('',(203.7115689032,-116.0208140619,
    9.949875975007));
#2832 = CARTESIAN_POINT('',(203.71839162516,-116.0919911733,
    9.936349043026));
#2833 = CARTESIAN_POINT('',(203.72504368472,-116.1632800912,
    9.920756473823));
#2834 = CARTESIAN_POINT('',(203.73152750674,-116.2345577517,
    9.903074541219));
#2835 = CARTESIAN_POINT('',(203.7378455586,-116.3057053102,
    9.883288634086));
#2836 = CARTESIAN_POINT('',(203.74400029125,-116.3766085334,9.8613921709
    ));
#2837 = CARTESIAN_POINT('',(203.74999408028,-116.4471581926,
    9.837385514298));
#2838 = CARTESIAN_POINT('',(203.77162190093,-116.7069560276,
    9.740606148294));
#2839 = CARTESIAN_POINT('',(203.78625228004,-116.8933119553,
    9.654524889212));
#2840 = CARTESIAN_POINT('',(203.79976153167,-117.074209154,
    9.553170883071));
#2841 = CARTESIAN_POINT('',(203.8121773659,-117.2476928854,
    9.437065379633));
#2842 = CARTESIAN_POINT('',(203.82351904564,-117.4119881334,
    9.307040963865));
#2843 = CARTESIAN_POINT('',(203.83380071666,-117.5655131613,
    9.164199729449));
#2844 = CARTESIAN_POINT('',(203.84303404926,-117.7068998766,
    9.009890311062));
#2845 = CARTESIAN_POINT('',(203.85623732024,-117.9132953841,
    8.745418805608));
#2846 = CARTESIAN_POINT('',(203.86085745562,-117.9866183857,
    8.641445594882));
#2847 = CARTESIAN_POINT('',(203.86509451044,-118.0547573137,
    8.534130642438));
#2848 = CARTESIAN_POINT('',(203.86895176931,-118.1175027445,
    8.423851195069));
#2849 = CARTESIAN_POINT('',(203.87243300987,-118.1746876335,
    8.311002218004));
#2850 = CARTESIAN_POINT('',(203.87554257249,-118.2261877927,
    8.195992820284));
#2851 = CARTESIAN_POINT('',(203.87828543002,-118.2719223678,
    8.079242680149));
#2852 = CARTESIAN_POINT('',(203.8830568633,-118.3519166647,
    7.842728708088));
#2853 = CARTESIAN_POINT('',(203.8850832221,-118.3861409106,
    7.722949197485));
#2854 = CARTESIAN_POINT('',(203.88675209919,-118.4144893486,
    7.602270052867));
#2855 = CARTESIAN_POINT('',(203.88807016474,-118.4369722242,
    7.481118385275));
#2856 = CARTESIAN_POINT('',(203.8890450048,-118.453645389,7.359914328468
    ));
#2857 = CARTESIAN_POINT('',(203.88968513223,-118.4646079567,
    7.239067064838));
#2858 = CARTESIAN_POINT('',(203.88999999757,-118.4699999585,
    7.118970851339));
#2859 = CARTESIAN_POINT('',(203.89,-118.47,7.000001045407));
#2860 = ORIENTED_EDGE('',*,*,#1698,.T.);
#2861 = ORIENTED_EDGE('',*,*,#2557,.F.);
#2862 = ORIENTED_EDGE('',*,*,#2863,.F.);
#2863 = EDGE_CURVE('',#2813,#2558,#2864,.T.);
#2864 = ( BOUNDED_CURVE() B_SPLINE_CURVE(8,(#2865,#2866,#2867,#2868,
    #2869,#2870,#2871,#2872,#2873),.UNSPECIFIED.,.F.,.F.) 
B_SPLINE_CURVE_WITH_KNOTS((9,9),(-5.106940906564E-14,4.495893090556),
.PIECEWISE_BEZIER_KNOTS.) CURVE() GEOMETRIC_REPRESENTATION_ITEM() 
RATIONAL_B_SPLINE_CURVE((1.,1.,1.,1.,1.,1.,1.,1.,1.)) 
REPRESENTATION_ITEM('') );
#2865 = CARTESIAN_POINT('',(203.5408318389,-115.4903890194,10.));
#2866 = CARTESIAN_POINT('',(203.64001758769,-115.478765856,10.));
#2867 = CARTESIAN_POINT('',(203.76015268427,-115.4504870913,10.));
#2868 = CARTESIAN_POINT('',(203.9247450095,-115.3965057514,10.));
#2869 = CARTESIAN_POINT('',(204.1485965685,-115.2918493412,10.));
#2870 = CARTESIAN_POINT('',(204.41780251821,-115.1186656762,10.));
#2871 = CARTESIAN_POINT('',(204.72590012929,-114.8732913462,10.));
#2872 = CARTESIAN_POINT('',(205.06431569803,-114.5516675441,10.));
#2873 = CARTESIAN_POINT('',(205.42711231581,-114.1533578712,10.));
#2874 = ( BOUNDED_SURFACE() B_SPLINE_SURFACE(2,8,(
    (#2875,#2876,#2877,#2878,#2879,#2880,#2881,#2882,#2883)
    ,(#2884,#2885,#2886,#2887,#2888,#2889,#2890,#2891,#2892)
    ,(#2893,#2894,#2895,#2896,#2897,#2898,#2899,#2900,#2901
)),.UNSPECIFIED.,.F.,.F.,.F.) B_SPLINE_SURFACE_WITH_KNOTS((3,3),(9,9),(
    0.,4.495893090556),(-5.106940906564E-14,4.495893090556),
.PIECEWISE_BEZIER_KNOTS.) GEOMETRIC_REPRESENTATION_ITEM() 
RATIONAL_B_SPLINE_SURFACE((
    (1.,1.,1.,1.,1.,1.,1.,1.,1.)
    ,(0.707106781187,0.707106781187,0.707106781187,0.707106781187
      ,0.707106781187,0.707106781187,0.707106781187,0.707106781187
      ,0.707106781187)
,(1.,1.,1.,1.,1.,1.,1.,1.,1.))) REPRESENTATION_ITEM('') SURFACE() );
#2875 = CARTESIAN_POINT('',(203.5408318389,-115.4903890194,10.));
#2876 = CARTESIAN_POINT('',(203.64001758769,-115.478765856,10.));
#2877 = CARTESIAN_POINT('',(203.76015268427,-115.4504870913,10.));
#2878 = CARTESIAN_POINT('',(203.9247450095,-115.3965057514,10.));
#2879 = CARTESIAN_POINT('',(204.1485965685,-115.2918493412,10.));
#2880 = CARTESIAN_POINT('',(204.41780251821,-115.1186656762,10.));
#2881 = CARTESIAN_POINT('',(204.72590012929,-114.8732913462,10.));
#2882 = CARTESIAN_POINT('',(205.06431569803,-114.5516675441,10.));
#2883 = CARTESIAN_POINT('',(205.42711231581,-114.1533578712,10.));
#2884 = CARTESIAN_POINT('',(203.89,-118.47,10.));
#2885 = CARTESIAN_POINT('',(204.3555,-118.41545,10.));
#2886 = CARTESIAN_POINT('',(204.82210714285,-118.2944678571,10.));
#2887 = CARTESIAN_POINT('',(205.28982142857,-118.1070535714,10.));
#2888 = CARTESIAN_POINT('',(205.75864285714,-117.8532071428,10.));
#2889 = CARTESIAN_POINT('',(206.22857142857,-117.5329285714,10.));
#2890 = CARTESIAN_POINT('',(206.69960714285,-117.1462178571,10.));
#2891 = CARTESIAN_POINT('',(207.17175,-116.693075,10.));
#2892 = CARTESIAN_POINT('',(207.645,-116.1735,10.));
#2893 = CARTESIAN_POINT('',(203.89,-118.47,7.));
#2894 = CARTESIAN_POINT('',(204.3555,-118.41545,7.));
#2895 = CARTESIAN_POINT('',(204.82210714285,-118.2944678571,7.));
#2896 = CARTESIAN_POINT('',(205.28982142857,-118.1070535714,7.));
#2897 = CARTESIAN_POINT('',(205.75864285714,-117.8532071428,7.));
#2898 = CARTESIAN_POINT('',(206.22857142857,-117.5329285714,7.));
#2899 = CARTESIAN_POINT('',(206.69960714285,-117.1462178571,7.));
#2900 = CARTESIAN_POINT('',(207.17175,-116.693075,7.));
#2901 = CARTESIAN_POINT('',(207.645,-116.1735,7.));
#2902 = ADVANCED_FACE('',(#2903),#2914,.T.);
#2903 = FACE_BOUND('',#2904,.F.);
#2904 = EDGE_LOOP('',(#2905,#2906,#2907,#2908));
#2905 = ORIENTED_EDGE('',*,*,#2812,.T.);
#2906 = ORIENTED_EDGE('',*,*,#1723,.T.);
#2907 = ORIENTED_EDGE('',*,*,#2718,.F.);
#2908 = ORIENTED_EDGE('',*,*,#2909,.F.);
#2909 = EDGE_CURVE('',#2813,#2719,#2910,.T.);
#2910 = LINE('',#2911,#2912);
#2911 = CARTESIAN_POINT('',(203.89,-115.47,10.));
#2912 = VECTOR('',#2913,1.);
#2913 = DIRECTION('',(-1.,0.,0.));
#2914 = CYLINDRICAL_SURFACE('',#2915,3.);
#2915 = AXIS2_PLACEMENT_3D('',#2916,#2917,#2918);
#2916 = CARTESIAN_POINT('',(203.89,-115.47,7.));
#2917 = DIRECTION('',(-1.,0.,0.));
#2918 = DIRECTION('',(0.,0.,1.));
#2919 = ADVANCED_FACE('',(#2920),#2939,.F.);
#2920 = FACE_BOUND('',#2921,.T.);
#2921 = EDGE_LOOP('',(#2922,#2930,#2937,#2938));
#2922 = ORIENTED_EDGE('',*,*,#2923,.F.);
#2923 = EDGE_CURVE('',#2924,#1740,#2926,.T.);
#2924 = VERTEX_POINT('',#2925);
#2925 = CARTESIAN_POINT('',(206.43,-113.51,9.));
#2926 = LINE('',#2927,#2928);
#2927 = CARTESIAN_POINT('',(206.43,-113.51,9.));
#2928 = VECTOR('',#2929,1.);
#2929 = DIRECTION('',(0.,-1.224646799147E-16,-1.));
#2930 = ORIENTED_EDGE('',*,*,#2931,.F.);
#2931 = EDGE_CURVE('',#2924,#2924,#2932,.T.);
#2932 = CIRCLE('',#2933,0.5);
#2933 = AXIS2_PLACEMENT_3D('',#2934,#2935,#2936);
#2934 = CARTESIAN_POINT('',(205.93,-113.51,9.));
#2935 = DIRECTION('',(0.,-1.224646799147E-16,-1.));
#2936 = DIRECTION('',(1.,0.,0.));
#2937 = ORIENTED_EDGE('',*,*,#2923,.T.);
#2938 = ORIENTED_EDGE('',*,*,#1750,.F.);
#2939 = CYLINDRICAL_SURFACE('',#2940,0.5);
#2940 = AXIS2_PLACEMENT_3D('',#2941,#2942,#2943);
#2941 = CARTESIAN_POINT('',(205.93,-113.51,9.));
#2942 = DIRECTION('',(0.,1.224646799147E-16,1.));
#2943 = DIRECTION('',(1.,0.,0.));
#2944 = ADVANCED_FACE('',(#2945),#2964,.F.);
#2945 = FACE_BOUND('',#2946,.T.);
#2946 = EDGE_LOOP('',(#2947,#2955,#2962,#2963));
#2947 = ORIENTED_EDGE('',*,*,#2948,.F.);
#2948 = EDGE_CURVE('',#2949,#1766,#2951,.T.);
#2949 = VERTEX_POINT('',#2950);
#2950 = CARTESIAN_POINT('',(164.43,-85.54,9.));
#2951 = LINE('',#2952,#2953);
#2952 = CARTESIAN_POINT('',(164.43,-85.54,9.));
#2953 = VECTOR('',#2954,1.);
#2954 = DIRECTION('',(0.,-1.224646799147E-16,-1.));
#2955 = ORIENTED_EDGE('',*,*,#2956,.F.);
#2956 = EDGE_CURVE('',#2949,#2949,#2957,.T.);
#2957 = CIRCLE('',#2958,0.5);
#2958 = AXIS2_PLACEMENT_3D('',#2959,#2960,#2961);
#2959 = CARTESIAN_POINT('',(163.93,-85.54,9.));
#2960 = DIRECTION('',(0.,-1.224646799147E-16,-1.));
#2961 = DIRECTION('',(1.,0.,0.));
#2962 = ORIENTED_EDGE('',*,*,#2948,.T.);
#2963 = ORIENTED_EDGE('',*,*,#1776,.F.);
#2964 = CYLINDRICAL_SURFACE('',#2965,0.5);
#2965 = AXIS2_PLACEMENT_3D('',#2966,#2967,#2968);
#2966 = CARTESIAN_POINT('',(163.93,-85.54,9.));
#2967 = DIRECTION('',(0.,1.224646799147E-16,1.));
#2968 = DIRECTION('',(1.,0.,0.));
#2969 = ADVANCED_FACE('',(#2970),#2989,.F.);
#2970 = FACE_BOUND('',#2971,.T.);
#2971 = EDGE_LOOP('',(#2972,#2980,#2987,#2988));
#2972 = ORIENTED_EDGE('',*,*,#2973,.F.);
#2973 = EDGE_CURVE('',#2974,#1792,#2976,.T.);
#2974 = VERTEX_POINT('',#2975);
#2975 = CARTESIAN_POINT('',(206.43,-85.54,9.));
#2976 = LINE('',#2977,#2978);
#2977 = CARTESIAN_POINT('',(206.43,-85.54,9.));
#2978 = VECTOR('',#2979,1.);
#2979 = DIRECTION('',(0.,-1.224646799147E-16,-1.));
#2980 = ORIENTED_EDGE('',*,*,#2981,.F.);
#2981 = EDGE_CURVE('',#2974,#2974,#2982,.T.);
#2982 = CIRCLE('',#2983,0.5);
#2983 = AXIS2_PLACEMENT_3D('',#2984,#2985,#2986);
#2984 = CARTESIAN_POINT('',(205.93,-85.54,9.));
#2985 = DIRECTION('',(0.,-1.224646799147E-16,-1.));
#2986 = DIRECTION('',(1.,0.,0.));
#2987 = ORIENTED_EDGE('',*,*,#2973,.T.);
#2988 = ORIENTED_EDGE('',*,*,#1802,.F.);
#2989 = CYLINDRICAL_SURFACE('',#2990,0.5);
#2990 = AXIS2_PLACEMENT_3D('',#2991,#2992,#2993);
#2991 = CARTESIAN_POINT('',(205.93,-85.54,9.));
#2992 = DIRECTION('',(0.,1.224646799147E-16,1.));
#2993 = DIRECTION('',(1.,0.,0.));
#2994 = ADVANCED_FACE('',(#2995),#3011,.T.);
#2995 = FACE_BOUND('',#2996,.T.);
#2996 = EDGE_LOOP('',(#2997,#2998,#2999,#3000,#3001,#3002,#3003,#3004,
    #3005,#3006,#3007,#3008,#3009,#3010));
#2997 = ORIENTED_EDGE('',*,*,#1878,.F.);
#2998 = ORIENTED_EDGE('',*,*,#1937,.T.);
#2999 = ORIENTED_EDGE('',*,*,#2110,.T.);
#3000 = ORIENTED_EDGE('',*,*,#2281,.T.);
#3001 = ORIENTED_EDGE('',*,*,#2255,.T.);
#3002 = ORIENTED_EDGE('',*,*,#2436,.T.);
#3003 = ORIENTED_EDGE('',*,*,#2769,.F.);
#3004 = ORIENTED_EDGE('',*,*,#2909,.F.);
#3005 = ORIENTED_EDGE('',*,*,#2863,.T.);
#3006 = ORIENTED_EDGE('',*,*,#2599,.F.);
#3007 = ORIENTED_EDGE('',*,*,#2325,.F.);
#3008 = ORIENTED_EDGE('',*,*,#2299,.F.);
#3009 = ORIENTED_EDGE('',*,*,#2183,.F.);
#3010 = ORIENTED_EDGE('',*,*,#2014,.F.);
#3011 = PLANE('',#3012);
#3012 = AXIS2_PLACEMENT_3D('',#3013,#3014,#3015);
#3013 = CARTESIAN_POINT('',(184.89,-99.47,10.));
#3014 = DIRECTION('',(0.,0.,1.));
#3015 = DIRECTION('',(1.,0.,0.));
#3016 = ADVANCED_FACE('',(#3017),#3020,.F.);
#3017 = FACE_BOUND('',#3018,.F.);
#3018 = EDGE_LOOP('',(#3019));
#3019 = ORIENTED_EDGE('',*,*,#2931,.F.);
#3020 = PLANE('',#3021);
#3021 = AXIS2_PLACEMENT_3D('',#3022,#3023,#3024);
#3022 = CARTESIAN_POINT('',(184.89,-99.47,9.));
#3023 = DIRECTION('',(0.,0.,1.));
#3024 = DIRECTION('',(1.,0.,0.));
#3025 = ADVANCED_FACE('',(#3026),#3029,.F.);
#3026 = FACE_BOUND('',#3027,.F.);
#3027 = EDGE_LOOP('',(#3028));
#3028 = ORIENTED_EDGE('',*,*,#2956,.F.);
#3029 = PLANE('',#3030);
#3030 = AXIS2_PLACEMENT_3D('',#3031,#3032,#3033);
#3031 = CARTESIAN_POINT('',(184.89,-99.47,9.));
#3032 = DIRECTION('',(0.,0.,1.));
#3033 = DIRECTION('',(1.,0.,0.));
#3034 = ADVANCED_FACE('',(#3035),#3038,.F.);
#3035 = FACE_BOUND('',#3036,.F.);
#3036 = EDGE_LOOP('',(#3037));
#3037 = ORIENTED_EDGE('',*,*,#2981,.F.);
#3038 = PLANE('',#3039);
#3039 = AXIS2_PLACEMENT_3D('',#3040,#3041,#3042);
#3040 = CARTESIAN_POINT('',(184.89,-99.47,9.));
#3041 = DIRECTION('',(0.,0.,1.));
#3042 = DIRECTION('',(1.,0.,0.));
#3043 = ( GEOMETRIC_REPRESENTATION_CONTEXT(3) 
GLOBAL_UNCERTAINTY_ASSIGNED_CONTEXT((#3047)) 
GLOBAL_UNIT_ASSIGNED_CONTEXT((#3044,#3045,#3046)) REPRESENTATION_CONTEXT
('Context #1','3D Context with UNIT and UNCERTAINTY') );
#3044 = ( LENGTH_UNIT() NAMED_UNIT(*) SI_UNIT(.MILLI.,.METRE.) );
#3045 = ( NAMED_UNIT(*) PLANE_ANGLE_UNIT() SI_UNIT($,.RADIAN.) );
#3046 = ( NAMED_UNIT(*) SI_UNIT($,.STERADIAN.) SOLID_ANGLE_UNIT() );
#3047 = UNCERTAINTY_MEASURE_WITH_UNIT(LENGTH_MEASURE(2.E-04),#3044,
  'distance_accuracy_value','confusion accuracy');
#3048 = CONTEXT_DEPENDENT_SHAPE_REPRESENTATION(#3049,#3051);
#3049 = ( REPRESENTATION_RELATIONSHIP('','',#36,#10) 
REPRESENTATION_RELATIONSHIP_WITH_TRANSFORMATION(#3050) 
SHAPE_REPRESENTATION_RELATIONSHIP() );
#3050 = ITEM_DEFINED_TRANSFORMATION('','',#11,#15);
#3051 = PRODUCT_DEFINITION_SHAPE('Placement','Placement of an item',
  #3052);
#3052 = NEXT_ASSEMBLY_USAGE_OCCURRENCE('3','Top Case','',#5,#31,$);
#3053 = PRODUCT_RELATED_PRODUCT_CATEGORY('part',$,(#33));
#3054 = SHAPE_DEFINITION_REPRESENTATION(#3055,#3061);
#3055 = PRODUCT_DEFINITION_SHAPE('','',#3056);
#3056 = PRODUCT_DEFINITION('design','',#3057,#3060);
#3057 = PRODUCT_DEFINITION_FORMATION('','',#3058);
#3058 = PRODUCT('Bottom Case','Bottom Case','',(#3059));
#3059 = PRODUCT_CONTEXT('',#2,'mechanical');
#3060 = PRODUCT_DEFINITION_CONTEXT('part definition',#2,'design');
#3061 = ADVANCED_BREP_SHAPE_REPRESENTATION('',(#11,#3062),#5737);
#3062 = MANIFOLD_SOLID_BREP('',#3063);
#3063 = CLOSED_SHELL('',(#3064,#3482,#3507,#3533,#3607,#3679,#3739,#3908
    ,#4077,#4103,#4129,#4155,#4181,#4363,#4555,#4623,#4691,#4708,#4734,
    #4767,#4792,#4817,#4834,#4867,#4892,#4917,#4934,#4959,#4984,#5009,
    #5034,#5059,#5090,#5116,#5142,#5170,#5198,#5233,#5268,#5296,#5324,
    #5350,#5376,#5393,#5418,#5449,#5473,#5497,#5514,#5545,#5569,#5593,
    #5610,#5635,#5660,#5685));
#3064 = ADVANCED_FACE('',(#3065,#3076,#3087,#3365,#3376,#3410,#3444,
    #3455,#3466),#3477,.F.);
#3065 = FACE_BOUND('',#3066,.F.);
#3066 = EDGE_LOOP('',(#3067));
#3067 = ORIENTED_EDGE('',*,*,#3068,.F.);
#3068 = EDGE_CURVE('',#3069,#3069,#3071,.T.);
#3069 = VERTEX_POINT('',#3070);
#3070 = CARTESIAN_POINT('',(206.93,-85.54,-1.));
#3071 = CIRCLE('',#3072,1.);
#3072 = AXIS2_PLACEMENT_3D('',#3073,#3074,#3075);
#3073 = CARTESIAN_POINT('',(205.93,-85.54,-1.));
#3074 = DIRECTION('',(0.,0.,1.));
#3075 = DIRECTION('',(1.,0.,-0.));
#3076 = FACE_BOUND('',#3077,.F.);
#3077 = EDGE_LOOP('',(#3078));
#3078 = ORIENTED_EDGE('',*,*,#3079,.F.);
#3079 = EDGE_CURVE('',#3080,#3080,#3082,.T.);
#3080 = VERTEX_POINT('',#3081);
#3081 = CARTESIAN_POINT('',(186.48,-103.85,-1.));
#3082 = CIRCLE('',#3083,1.6);
#3083 = AXIS2_PLACEMENT_3D('',#3084,#3085,#3086);
#3084 = CARTESIAN_POINT('',(184.88,-103.85,-1.));
#3085 = DIRECTION('',(0.,0.,1.));
#3086 = DIRECTION('',(1.,0.,0.));
#3087 = FACE_BOUND('',#3088,.F.);
#3088 = EDGE_LOOP('',(#3089,#3099,#3112,#3155,#3164,#3173,#3216,#3229,
    #3237,#3250,#3293,#3302,#3311,#3354));
#3089 = ORIENTED_EDGE('',*,*,#3090,.T.);
#3090 = EDGE_CURVE('',#3091,#3093,#3095,.T.);
#3091 = VERTEX_POINT('',#3092);
#3092 = CARTESIAN_POINT('',(203.85977479788,-80.97,-1.));
#3093 = VERTEX_POINT('',#3094);
#3094 = CARTESIAN_POINT('',(165.92022520212,-80.97,-1.));
#3095 = LINE('',#3096,#3097);
#3096 = CARTESIAN_POINT('',(203.89,-80.97,-1.));
#3097 = VECTOR('',#3098,1.);
#3098 = DIRECTION('',(-1.,0.,0.));
#3099 = ORIENTED_EDGE('',*,*,#3100,.T.);
#3100 = EDGE_CURVE('',#3093,#3101,#3103,.T.);
#3101 = VERTEX_POINT('',#3102);
#3102 = CARTESIAN_POINT('',(162.51870500269,-83.0877835085,-1.));
#3103 = ( BOUNDED_CURVE() B_SPLINE_CURVE(7,(#3104,#3105,#3106,#3107,
    #3108,#3109,#3110,#3111),.UNSPECIFIED.,.F.,.F.) 
B_SPLINE_CURVE_WITH_KNOTS((8,8),(-1.39E-15,4.495893090556),
.PIECEWISE_BEZIER_KNOTS.) CURVE() GEOMETRIC_REPRESENTATION_ITEM() 
RATIONAL_B_SPLINE_CURVE((1.,1.,1.,1.,1.,1.,1.,1.)) REPRESENTATION_ITEM(
  '') );
#3104 = CARTESIAN_POINT('',(165.94819469351,-80.96660183008,-1.));
#3105 = CARTESIAN_POINT('',(165.4859688366,-81.02076814694,-1.));
#3106 = CARTESIAN_POINT('',(165.01790681659,-81.15246322066,-1.));
#3107 = CARTESIAN_POINT('',(164.53737228272,-81.36399526808,-1.));
#3108 = CARTESIAN_POINT('',(164.04235610923,-81.66347059521,-1.));
#3109 = CARTESIAN_POINT('',(163.53768599076,-82.05265548666,-1.));
#3110 = CARTESIAN_POINT('',(163.02446635075,-82.53248851234,-1.));
#3111 = CARTESIAN_POINT('',(162.50464794736,-83.10319035479,-1.));
#3112 = ORIENTED_EDGE('',*,*,#3113,.T.);
#3113 = EDGE_CURVE('',#3101,#3114,#3116,.T.);
#3114 = VERTEX_POINT('',#3115);
#3115 = CARTESIAN_POINT('',(153.89,-90.04,-1.));
#3116 = B_SPLINE_CURVE_WITH_KNOTS('',13,(#3117,#3118,#3119,#3120,#3121,
    #3122,#3123,#3124,#3125,#3126,#3127,#3128,#3129,#3130,#3131,#3132,
    #3133,#3134,#3135,#3136,#3137,#3138,#3139,#3140,#3141,#3142,#3143,
    #3144,#3145,#3146,#3147,#3148,#3149,#3150,#3151,#3152,#3153,#3154),
  .UNSPECIFIED.,.F.,.F.,(14,12,12,14),(-3.17482344157,-2.819558604762,0.
    ,11.173051438529),.UNSPECIFIED.);
#3117 = CARTESIAN_POINT('',(165.005708109,-80.55118714296,-1.));
#3118 = CARTESIAN_POINT('',(164.97234272026,-80.5746372169,-1.));
#3119 = CARTESIAN_POINT('',(164.93899836089,-80.59807251085,-1.));
#3120 = CARTESIAN_POINT('',(164.90567503089,-80.6214930248,-1.));
#3121 = CARTESIAN_POINT('',(164.87237273027,-80.64489875875,-1.));
#3122 = CARTESIAN_POINT('',(164.83909145902,-80.66828971272,-1.));
#3123 = CARTESIAN_POINT('',(164.80583121713,-80.69166588668,-1.));
#3124 = CARTESIAN_POINT('',(164.77259200462,-80.71502728065,-1.));
#3125 = CARTESIAN_POINT('',(164.73937382148,-80.73837389463,-1.));
#3126 = CARTESIAN_POINT('',(164.70617666772,-80.76170572861,-1.));
#3127 = CARTESIAN_POINT('',(164.67300054332,-80.78502278259,-1.));
#3128 = CARTESIAN_POINT('',(164.63984544829,-80.80832505658,-1.));
#3129 = CARTESIAN_POINT('',(164.60671138264,-80.83161255058,-1.));
#3130 = CARTESIAN_POINT('',(164.31079680591,-81.03958910863,-1.));
#3131 = CARTESIAN_POINT('',(164.09991997849,-81.22279243188,
    -0.999999999999));
#3132 = CARTESIAN_POINT('',(163.91860729826,-81.39586167319,
    -1.000000000002));
#3133 = CARTESIAN_POINT('',(163.75831421066,-81.55974966062,
    -0.999999999996));
#3134 = CARTESIAN_POINT('',(163.6132503565,-81.71676979757,
    -1.000000000006));
#3135 = CARTESIAN_POINT('',(163.47836709413,-81.86906803896,
    -0.999999999993));
#3136 = CARTESIAN_POINT('',(163.34985651566,-82.01890677936,
    -1.000000000007));
#3137 = CARTESIAN_POINT('',(163.22529056905,-82.16865983418,
    -0.999999999995));
#3138 = CARTESIAN_POINT('',(163.10298028868,-82.32026406007,
    -1.000000000003));
#3139 = CARTESIAN_POINT('',(162.9813705638,-82.47478039923,
    -0.999999999999));
#3140 = CARTESIAN_POINT('',(162.8593063258,-82.63268571875,-1.));
#3141 = CARTESIAN_POINT('',(162.73681056487,-82.79454629695,-1.));
#3142 = CARTESIAN_POINT('',(162.1253738485,-83.61472232503,-1.));
#3143 = CARTESIAN_POINT('',(161.62669012839,-84.32364108791,-1.));
#3144 = CARTESIAN_POINT('',(161.11524617199,-85.0665218467,
    -0.999999999999));
#3145 = CARTESIAN_POINT('',(160.58388688357,-85.81889755829,
    -1.000000000001));
#3146 = CARTESIAN_POINT('',(160.03554767491,-86.58236270395,
    -0.999999999999));
#3147 = CARTESIAN_POINT('',(159.44195277974,-87.29526347059,
    -1.000000000001));
#3148 = CARTESIAN_POINT('',(158.843112672,-88.01810739224,-1.));
#3149 = CARTESIAN_POINT('',(158.14987154106,-88.63282867043,-1.));
#3150 = CARTESIAN_POINT('',(157.4606139293,-89.21264550445,-1.));
#3151 = CARTESIAN_POINT('',(156.64155536718,-89.689007377,-1.));
#3152 = CARTESIAN_POINT('',(155.75821064588,-89.98814796859,-1.));
#3153 = CARTESIAN_POINT('',(154.83509292009,-90.10544615384,-1.));
#3154 = CARTESIAN_POINT('',(153.89,-90.04,-1.));
#3155 = ORIENTED_EDGE('',*,*,#3156,.T.);
#3156 = EDGE_CURVE('',#3114,#3157,#3159,.T.);
#3157 = VERTEX_POINT('',#3158);
#3158 = CARTESIAN_POINT('',(144.46,-99.47,-1.));
#3159 = CIRCLE('',#3160,9.43);
#3160 = AXIS2_PLACEMENT_3D('',#3161,#3162,#3163);
#3161 = CARTESIAN_POINT('',(153.89,-99.47,-1.));
#3162 = DIRECTION('',(0.,-0.,1.));
#3163 = DIRECTION('',(1.717E-14,1.,0.));
#3164 = ORIENTED_EDGE('',*,*,#3165,.T.);
#3165 = EDGE_CURVE('',#3157,#3166,#3168,.T.);
#3166 = VERTEX_POINT('',#3167);
#3167 = CARTESIAN_POINT('',(153.89,-108.9,-1.));
#3168 = CIRCLE('',#3169,9.43);
#3169 = AXIS2_PLACEMENT_3D('',#3170,#3171,#3172);
#3170 = CARTESIAN_POINT('',(153.89,-99.47,-1.));
#3171 = DIRECTION('',(0.,0.,1.));
#3172 = DIRECTION('',(-1.,0.,0.));
#3173 = ORIENTED_EDGE('',*,*,#3174,.T.);
#3174 = EDGE_CURVE('',#3166,#3175,#3177,.T.);
#3175 = VERTEX_POINT('',#3176);
#3176 = CARTESIAN_POINT('',(162.51870500272,-115.8522164915,-1.));
#3177 = B_SPLINE_CURVE_WITH_KNOTS('',13,(#3178,#3179,#3180,#3181,#3182,
    #3183,#3184,#3185,#3186,#3187,#3188,#3189,#3190,#3191,#3192,#3193,
    #3194,#3195,#3196,#3197,#3198,#3199,#3200,#3201,#3202,#3203,#3204,
    #3205,#3206,#3207,#3208,#3209,#3210,#3211,#3212,#3213,#3214,#3215),
  .UNSPECIFIED.,.F.,.F.,(14,12,12,14),(42.369066488675,53.542117927204,
    56.361676531966,56.716941368774),.UNSPECIFIED.);
#3178 = CARTESIAN_POINT('',(153.89,-108.9,-1.));
#3179 = CARTESIAN_POINT('',(154.83509292014,-108.8345538461,-1.));
#3180 = CARTESIAN_POINT('',(155.7582106457,-108.9518520312,
    -0.999999999999));
#3181 = CARTESIAN_POINT('',(156.64155536765,-109.2509926232,
    -1.000000000003));
#3182 = CARTESIAN_POINT('',(157.46061392846,-109.7273544949,
    -0.999999999995));
#3183 = CARTESIAN_POINT('',(158.14987154221,-110.3071713303,
    -1.000000000007));
#3184 = CARTESIAN_POINT('',(158.8431126708,-110.9218926068,
    -0.999999999993));
#3185 = CARTESIAN_POINT('',(159.4419527807,-111.6447365302,
    -1.000000000006));
#3186 = CARTESIAN_POINT('',(160.03554767433,-112.3576372954,
    -0.999999999996));
#3187 = CARTESIAN_POINT('',(160.58388688383,-113.121102442,
    -1.000000000002));
#3188 = CARTESIAN_POINT('',(161.11524617191,-113.8734781531,
    -0.999999999999));
#3189 = CARTESIAN_POINT('',(161.62669012841,-114.6163589121,-1.));
#3190 = CARTESIAN_POINT('',(162.1253738485,-115.3252776749,-1.));
#3191 = CARTESIAN_POINT('',(162.73681056488,-116.145453703,-1.));
#3192 = CARTESIAN_POINT('',(162.85930632574,-116.3073142812,-1.));
#3193 = CARTESIAN_POINT('',(162.98137056399,-116.4652196006,-1.));
#3194 = CARTESIAN_POINT('',(163.10298028827,-116.6197359402,
    -1.000000000001));
#3195 = CARTESIAN_POINT('',(163.22529056973,-116.7713401652,
    -0.999999999999));
#3196 = CARTESIAN_POINT('',(163.34985651475,-116.9210932213,
    -1.000000000002));
#3197 = CARTESIAN_POINT('',(163.47836709514,-117.0709319603,
    -0.999999999999));
#3198 = CARTESIAN_POINT('',(163.61325035559,-117.223230203,
    -1.000000000001));
#3199 = CARTESIAN_POINT('',(163.75831421132,-117.3802503389,
    -0.999999999999));
#3200 = CARTESIAN_POINT('',(163.91860729789,-117.544138327,-1.));
#3201 = CARTESIAN_POINT('',(164.09991997863,-117.717207568,-1.));
#3202 = CARTESIAN_POINT('',(164.31079680587,-117.9004108913,-1.));
#3203 = CARTESIAN_POINT('',(164.60671138264,-118.1083874494,-1.));
#3204 = CARTESIAN_POINT('',(164.6398454483,-118.1316749434,-1.));
#3205 = CARTESIAN_POINT('',(164.67300054333,-118.1549772173,-1.));
#3206 = CARTESIAN_POINT('',(164.70617666773,-118.1782942713,-1.));
#3207 = CARTESIAN_POINT('',(164.7393738215,-118.2016261053,-1.));
#3208 = CARTESIAN_POINT('',(164.77259200464,-118.2249727193,-1.));
#3209 = CARTESIAN_POINT('',(164.80583121715,-118.2483341133,-1.));
#3210 = CARTESIAN_POINT('',(164.83909145903,-118.2717102872,-1.));
#3211 = CARTESIAN_POINT('',(164.87237273028,-118.2951012412,-1.));
#3212 = CARTESIAN_POINT('',(164.90567503091,-118.3185069751,-1.));
#3213 = CARTESIAN_POINT('',(164.9389983609,-118.3419274891,-1.));
#3214 = CARTESIAN_POINT('',(164.97234272026,-118.365362783,-1.));
#3215 = CARTESIAN_POINT('',(165.005708109,-118.388812857,-1.));
#3216 = ORIENTED_EDGE('',*,*,#3217,.F.);
#3217 = EDGE_CURVE('',#3218,#3175,#3220,.T.);
#3218 = VERTEX_POINT('',#3219);
#3219 = CARTESIAN_POINT('',(165.92022520212,-117.97,-1.));
#3220 = ( BOUNDED_CURVE() B_SPLINE_CURVE(7,(#3221,#3222,#3223,#3224,
    #3225,#3226,#3227,#3228),.UNSPECIFIED.,.F.,.F.) 
B_SPLINE_CURVE_WITH_KNOTS((8,8),(-2.749E-14,4.495893090556),
.PIECEWISE_BEZIER_KNOTS.) CURVE() GEOMETRIC_REPRESENTATION_ITEM() 
RATIONAL_B_SPLINE_CURVE((1.,1.,1.,1.,1.,1.,1.,1.)) REPRESENTATION_ITEM(
  '') );
#3221 = CARTESIAN_POINT('',(165.94819469351,-117.9733981699,-1.));
#3222 = CARTESIAN_POINT('',(165.4859688366,-117.919231853,-1.));
#3223 = CARTESIAN_POINT('',(165.01790681659,-117.7875367793,-1.));
#3224 = CARTESIAN_POINT('',(164.53737228272,-117.5760047319,-1.));
#3225 = CARTESIAN_POINT('',(164.04235610923,-117.2765294047,-1.));
#3226 = CARTESIAN_POINT('',(163.53768599076,-116.8873445133,-1.));
#3227 = CARTESIAN_POINT('',(163.02446635075,-116.4075114876,-1.));
#3228 = CARTESIAN_POINT('',(162.50464794736,-115.8368096452,-1.));
#3229 = ORIENTED_EDGE('',*,*,#3230,.T.);
#3230 = EDGE_CURVE('',#3218,#3231,#3233,.T.);
#3231 = VERTEX_POINT('',#3232);
#3232 = CARTESIAN_POINT('',(203.85977479788,-117.97,-1.));
#3233 = LINE('',#3234,#3235);
#3234 = CARTESIAN_POINT('',(165.89,-117.97,-1.));
#3235 = VECTOR('',#3236,1.);
#3236 = DIRECTION('',(1.,0.,0.));
#3237 = ORIENTED_EDGE('',*,*,#3238,.T.);
#3238 = EDGE_CURVE('',#3231,#3239,#3241,.T.);
#3239 = VERTEX_POINT('',#3240);
#3240 = CARTESIAN_POINT('',(207.26129499722,-115.8522164915,-1.));
#3241 = ( BOUNDED_CURVE() B_SPLINE_CURVE(7,(#3242,#3243,#3244,#3245,
    #3246,#3247,#3248,#3249),.UNSPECIFIED.,.F.,.F.) 
B_SPLINE_CURVE_WITH_KNOTS((8,8),(-3.969E-14,4.495893090556),
.PIECEWISE_BEZIER_KNOTS.) CURVE() GEOMETRIC_REPRESENTATION_ITEM() 
RATIONAL_B_SPLINE_CURVE((1.,1.,1.,1.,1.,1.,1.,1.)) REPRESENTATION_ITEM(
  '') );
#3242 = CARTESIAN_POINT('',(203.83180530648,-117.9733981699,-1.));
#3243 = CARTESIAN_POINT('',(204.29403116339,-117.919231853,-1.));
#3244 = CARTESIAN_POINT('',(204.7620931834,-117.7875367793,-1.));
#3245 = CARTESIAN_POINT('',(205.24262771727,-117.5760047319,-1.));
#3246 = CARTESIAN_POINT('',(205.73764389076,-117.2765294047,-1.));
#3247 = CARTESIAN_POINT('',(206.24231400923,-116.8873445133,-1.));
#3248 = CARTESIAN_POINT('',(206.75553364924,-116.4075114876,-1.));
#3249 = CARTESIAN_POINT('',(207.27535205263,-115.8368096452,-1.));
#3250 = ORIENTED_EDGE('',*,*,#3251,.F.);
#3251 = EDGE_CURVE('',#3252,#3239,#3254,.T.);
#3252 = VERTEX_POINT('',#3253);
#3253 = CARTESIAN_POINT('',(215.89,-108.9,-1.));
#3254 = B_SPLINE_CURVE_WITH_KNOTS('',13,(#3255,#3256,#3257,#3258,#3259,
    #3260,#3261,#3262,#3263,#3264,#3265,#3266,#3267,#3268,#3269,#3270,
    #3271,#3272,#3273,#3274,#3275,#3276,#3277,#3278,#3279,#3280,#3281,
    #3282,#3283,#3284,#3285,#3286,#3287,#3288,#3289,#3290,#3291,#3292),
  .UNSPECIFIED.,.F.,.F.,(14,12,12,14),(42.369066488675,53.542117927204,
    56.361676531966,56.716941368773),.UNSPECIFIED.);
#3255 = CARTESIAN_POINT('',(215.89,-108.9,-1.));
#3256 = CARTESIAN_POINT('',(214.94490708,-108.8345538462,-1.));
#3257 = CARTESIAN_POINT('',(214.02178935367,-108.9518520311,
    -0.999999999998));
#3258 = CARTESIAN_POINT('',(213.13844463398,-109.2509926236,
    -1.000000000006));
#3259 = CARTESIAN_POINT('',(212.31938606844,-109.7273544943,
    -0.999999999989));
#3260 = CARTESIAN_POINT('',(211.63012846228,-110.3071713313,
    -1.000000000016));
#3261 = CARTESIAN_POINT('',(210.93688732403,-110.9218926057,
    -0.999999999982));
#3262 = CARTESIAN_POINT('',(210.33804722406,-111.6447365313,
    -1.000000000017));
#3263 = CARTESIAN_POINT('',(209.74445232211,-112.3576372944,
    -0.999999999987));
#3264 = CARTESIAN_POINT('',(209.19611311829,-113.1211024426,
    -1.000000000008));
#3265 = CARTESIAN_POINT('',(208.66475382708,-113.8734781528,
    -0.999999999996));
#3266 = CARTESIAN_POINT('',(208.15330987193,-114.6163589122,
    -1.000000000001));
#3267 = CARTESIAN_POINT('',(207.65462615143,-115.3252776749,-1.));
#3268 = CARTESIAN_POINT('',(207.04318943512,-116.145453703,-1.));
#3269 = CARTESIAN_POINT('',(206.9206936742,-116.3073142812,-1.));
#3270 = CARTESIAN_POINT('',(206.79862943613,-116.4652196007,
    -1.000000000001));
#3271 = CARTESIAN_POINT('',(206.67701971142,-116.6197359399,
    -0.999999999998));
#3272 = CARTESIAN_POINT('',(206.55470943079,-116.7713401658,
    -1.000000000003));
#3273 = CARTESIAN_POINT('',(206.43014348449,-116.9210932206,
    -0.999999999995));
#3274 = CARTESIAN_POINT('',(206.30163290569,-117.070931961,
    -1.000000000005));
#3275 = CARTESIAN_POINT('',(206.16674964366,-117.2232302024,
    -0.999999999996));
#3276 = CARTESIAN_POINT('',(206.02168578918,-117.3802503393,
    -1.000000000003));
#3277 = CARTESIAN_POINT('',(205.86139270183,-117.5441383268,
    -0.999999999999));
#3278 = CARTESIAN_POINT('',(205.68008002146,-117.7172075681,
    -1.000000000001));
#3279 = CARTESIAN_POINT('',(205.46920319409,-117.9004108913,-1.));
#3280 = CARTESIAN_POINT('',(205.17328861735,-118.1083874494,-1.));
#3281 = CARTESIAN_POINT('',(205.1401545517,-118.1316749434,-1.));
#3282 = CARTESIAN_POINT('',(205.10699945667,-118.1549772174,-1.));
#3283 = CARTESIAN_POINT('',(205.07382333227,-118.1782942713,-1.));
#3284 = CARTESIAN_POINT('',(205.0406261785,-118.2016261053,-1.));
#3285 = CARTESIAN_POINT('',(205.00740799536,-118.2249727193,-1.));
#3286 = CARTESIAN_POINT('',(204.97416878285,-118.2483341133,-1.));
#3287 = CARTESIAN_POINT('',(204.94090854097,-118.2717102872,-1.));
#3288 = CARTESIAN_POINT('',(204.90762726972,-118.2951012412,-1.));
#3289 = CARTESIAN_POINT('',(204.87432496909,-118.3185069751,-1.));
#3290 = CARTESIAN_POINT('',(204.8410016391,-118.3419274891,-1.));
#3291 = CARTESIAN_POINT('',(204.80765727973,-118.365362783,-1.));
#3292 = CARTESIAN_POINT('',(204.77429189099,-118.388812857,-1.));
#3293 = ORIENTED_EDGE('',*,*,#3294,.F.);
#3294 = EDGE_CURVE('',#3295,#3252,#3297,.T.);
#3295 = VERTEX_POINT('',#3296);
#3296 = CARTESIAN_POINT('',(225.32,-99.47,-1.));
#3297 = CIRCLE('',#3298,9.43);
#3298 = AXIS2_PLACEMENT_3D('',#3299,#3300,#3301);
#3299 = CARTESIAN_POINT('',(215.89,-99.47,-1.));
#3300 = DIRECTION('',(0.,0.,-1.));
#3301 = DIRECTION('',(1.,0.,0.));
#3302 = ORIENTED_EDGE('',*,*,#3303,.F.);
#3303 = EDGE_CURVE('',#3304,#3295,#3306,.T.);
#3304 = VERTEX_POINT('',#3305);
#3305 = CARTESIAN_POINT('',(215.89,-90.04,-1.));
#3306 = CIRCLE('',#3307,9.43);
#3307 = AXIS2_PLACEMENT_3D('',#3308,#3309,#3310);
#3308 = CARTESIAN_POINT('',(215.89,-99.47,-1.));
#3309 = DIRECTION('',(0.,0.,-1.));
#3310 = DIRECTION('',(-1.717E-14,1.,0.));
#3311 = ORIENTED_EDGE('',*,*,#3312,.F.);
#3312 = EDGE_CURVE('',#3313,#3304,#3315,.T.);
#3313 = VERTEX_POINT('',#3314);
#3314 = CARTESIAN_POINT('',(207.26129499724,-83.08778350843,-1.));
#3315 = B_SPLINE_CURVE_WITH_KNOTS('',13,(#3316,#3317,#3318,#3319,#3320,
    #3321,#3322,#3323,#3324,#3325,#3326,#3327,#3328,#3329,#3330,#3331,
    #3332,#3333,#3334,#3335,#3336,#3337,#3338,#3339,#3340,#3341,#3342,
    #3343,#3344,#3345,#3346,#3347,#3348,#3349,#3350,#3351,#3352,#3353),
  .UNSPECIFIED.,.F.,.F.,(14,12,12,14),(-3.174823441569,-2.819558604762,
    0.,11.173051438529),.UNSPECIFIED.);
#3316 = CARTESIAN_POINT('',(204.77429189099,-80.55118714296,-1.));
#3317 = CARTESIAN_POINT('',(204.80765727972,-80.5746372169,-1.));
#3318 = CARTESIAN_POINT('',(204.84100163908,-80.59807251085,-1.));
#3319 = CARTESIAN_POINT('',(204.87432496907,-80.6214930248,-1.));
#3320 = CARTESIAN_POINT('',(204.90762726969,-80.64489875875,-1.));
#3321 = CARTESIAN_POINT('',(204.94090854094,-80.66828971271,-1.));
#3322 = CARTESIAN_POINT('',(204.97416878282,-80.69166588668,-1.));
#3323 = CARTESIAN_POINT('',(205.00740799533,-80.71502728065,-1.));
#3324 = CARTESIAN_POINT('',(205.04062617847,-80.73837389463,-1.));
#3325 = CARTESIAN_POINT('',(205.07382333224,-80.76170572861,-1.));
#3326 = CARTESIAN_POINT('',(205.10699945664,-80.78502278259,-1.));
#3327 = CARTESIAN_POINT('',(205.14015455168,-80.80832505658,-1.));
#3328 = CARTESIAN_POINT('',(205.17328861734,-80.83161255058,-1.));
#3329 = CARTESIAN_POINT('',(205.46920319418,-81.03958910864,-1.));
#3330 = CARTESIAN_POINT('',(205.68008002109,-81.22279243186,
    -0.999999999999));
#3331 = CARTESIAN_POINT('',(205.86139270279,-81.39586167326,
    -1.000000000003));
#3332 = CARTESIAN_POINT('',(206.02168578736,-81.55974966048,
    -0.999999999994));
#3333 = CARTESIAN_POINT('',(206.1667496463,-81.71676979777,
    -1.000000000009));
#3334 = CARTESIAN_POINT('',(206.30163290265,-81.86906803873,
    -0.99999999999));
#3335 = CARTESIAN_POINT('',(206.4301434873,-82.01890677956,
    -1.000000000009));
#3336 = CARTESIAN_POINT('',(206.5547094287,-82.16865983404,
    -0.999999999993));
#3337 = CARTESIAN_POINT('',(206.67701971266,-82.32026406015,
    -1.000000000004));
#3338 = CARTESIAN_POINT('',(206.79862943556,-82.47478039919,
    -0.999999999998));
#3339 = CARTESIAN_POINT('',(206.92069367438,-82.63268571876,
    -1.000000000001));
#3340 = CARTESIAN_POINT('',(207.0431894351,-82.79454629695,-1.));
#3341 = CARTESIAN_POINT('',(207.65462615149,-83.61472232503,-1.));
#3342 = CARTESIAN_POINT('',(208.15330987168,-84.32364108791,-1.));
#3343 = CARTESIAN_POINT('',(208.66475382776,-85.06652184669,
    -0.999999999999));
#3344 = CARTESIAN_POINT('',(209.19611311683,-85.81889755831,
    -1.000000000001));
#3345 = CARTESIAN_POINT('',(209.74445232459,-86.58236270392,
    -0.999999999999));
#3346 = CARTESIAN_POINT('',(210.33804722067,-87.29526347063,
    -1.000000000001));
#3347 = CARTESIAN_POINT('',(210.93688732774,-88.01810739219,
    -0.999999999999));
#3348 = CARTESIAN_POINT('',(211.63012845902,-88.63282867047,-1.));
#3349 = CARTESIAN_POINT('',(212.31938607069,-89.21264550442,-1.));
#3350 = CARTESIAN_POINT('',(213.13844463279,-89.68900737702,-1.));
#3351 = CARTESIAN_POINT('',(214.02178935412,-89.98814796859,-1.));
#3352 = CARTESIAN_POINT('',(214.9449070799,-90.10544615384,-1.));
#3353 = CARTESIAN_POINT('',(215.89,-90.04,-1.));
#3354 = ORIENTED_EDGE('',*,*,#3355,.F.);
#3355 = EDGE_CURVE('',#3091,#3313,#3356,.T.);
#3356 = ( BOUNDED_CURVE() B_SPLINE_CURVE(7,(#3357,#3358,#3359,#3360,
    #3361,#3362,#3363,#3364),.UNSPECIFIED.,.F.,.F.) 
B_SPLINE_CURVE_WITH_KNOTS((8,8),(-2.429E-14,4.495893090556),
.PIECEWISE_BEZIER_KNOTS.) CURVE() GEOMETRIC_REPRESENTATION_ITEM() 
RATIONAL_B_SPLINE_CURVE((1.,1.,1.,1.,1.,1.,1.,1.)) REPRESENTATION_ITEM(
  '') );
#3357 = CARTESIAN_POINT('',(203.83180530648,-80.96660183008,-1.));
#3358 = CARTESIAN_POINT('',(204.29403116339,-81.02076814694,-1.));
#3359 = CARTESIAN_POINT('',(204.7620931834,-81.15246322066,-1.));
#3360 = CARTESIAN_POINT('',(205.24262771727,-81.36399526808,-1.));
#3361 = CARTESIAN_POINT('',(205.73764389076,-81.66347059521,-1.));
#3362 = CARTESIAN_POINT('',(206.24231400923,-82.05265548666,-1.));
#3363 = CARTESIAN_POINT('',(206.75553364924,-82.53248851234,-1.));
#3364 = CARTESIAN_POINT('',(207.27535205263,-83.10319035479,-1.));
#3365 = FACE_BOUND('',#3366,.F.);
#3366 = EDGE_LOOP('',(#3367));
#3367 = ORIENTED_EDGE('',*,*,#3368,.F.);
#3368 = EDGE_CURVE('',#3369,#3369,#3371,.T.);
#3369 = VERTEX_POINT('',#3370);
#3370 = CARTESIAN_POINT('',(186.48,-93.85,-1.));
#3371 = CIRCLE('',#3372,1.6);
#3372 = AXIS2_PLACEMENT_3D('',#3373,#3374,#3375);
#3373 = CARTESIAN_POINT('',(184.88,-93.85,-1.));
#3374 = DIRECTION('',(0.,0.,1.));
#3375 = DIRECTION('',(1.,0.,0.));
#3376 = FACE_BOUND('',#3377,.F.);
#3377 = EDGE_LOOP('',(#3378,#3388,#3396,#3404));
#3378 = ORIENTED_EDGE('',*,*,#3379,.F.);
#3379 = EDGE_CURVE('',#3380,#3382,#3384,.T.);
#3380 = VERTEX_POINT('',#3381);
#3381 = CARTESIAN_POINT('',(215.154236,-98.005165,-1.));
#3382 = VERTEX_POINT('',#3383);
#3383 = CARTESIAN_POINT('',(215.154236,-100.953819,-1.));
#3384 = LINE('',#3385,#3386);
#3385 = CARTESIAN_POINT('',(215.154236,-98.505165,-1.));
#3386 = VECTOR('',#3387,1.);
#3387 = DIRECTION('',(0.,-1.,0.));
#3388 = ORIENTED_EDGE('',*,*,#3389,.F.);
#3389 = EDGE_CURVE('',#3390,#3380,#3392,.T.);
#3390 = VERTEX_POINT('',#3391);
#3391 = CARTESIAN_POINT('',(218.177521,-98.005165,-1.));
#3392 = LINE('',#3393,#3394);
#3393 = CARTESIAN_POINT('',(217.677521,-98.005165,-1.));
#3394 = VECTOR('',#3395,1.);
#3395 = DIRECTION('',(-1.,0.,0.));
#3396 = ORIENTED_EDGE('',*,*,#3397,.F.);
#3397 = EDGE_CURVE('',#3398,#3390,#3400,.T.);
#3398 = VERTEX_POINT('',#3399);
#3399 = CARTESIAN_POINT('',(218.177521,-100.953819,-1.));
#3400 = LINE('',#3401,#3402);
#3401 = CARTESIAN_POINT('',(218.177521,-100.453819,-1.));
#3402 = VECTOR('',#3403,1.);
#3403 = DIRECTION('',(0.,1.,0.));
#3404 = ORIENTED_EDGE('',*,*,#3405,.F.);
#3405 = EDGE_CURVE('',#3382,#3398,#3406,.T.);
#3406 = LINE('',#3407,#3408);
#3407 = CARTESIAN_POINT('',(215.654236,-100.953819,-1.));
#3408 = VECTOR('',#3409,1.);
#3409 = DIRECTION('',(1.,0.,0.));
#3410 = FACE_BOUND('',#3411,.F.);
#3411 = EDGE_LOOP('',(#3412,#3422,#3430,#3438));
#3412 = ORIENTED_EDGE('',*,*,#3413,.F.);
#3413 = EDGE_CURVE('',#3414,#3416,#3418,.T.);
#3414 = VERTEX_POINT('',#3415);
#3415 = CARTESIAN_POINT('',(151.668427,-97.990479,-1.));
#3416 = VERTEX_POINT('',#3417);
#3417 = CARTESIAN_POINT('',(151.668427,-100.986168,-1.));
#3418 = LINE('',#3419,#3420);
#3419 = CARTESIAN_POINT('',(151.668427,-98.490479,-1.));
#3420 = VECTOR('',#3421,1.);
#3421 = DIRECTION('',(0.,-1.,0.));
#3422 = ORIENTED_EDGE('',*,*,#3423,.F.);
#3423 = EDGE_CURVE('',#3424,#3414,#3426,.T.);
#3424 = VERTEX_POINT('',#3425);
#3425 = CARTESIAN_POINT('',(154.678635,-97.990479,-1.));
#3426 = LINE('',#3427,#3428);
#3427 = CARTESIAN_POINT('',(154.178635,-97.990479,-1.));
#3428 = VECTOR('',#3429,1.);
#3429 = DIRECTION('',(-1.,0.,0.));
#3430 = ORIENTED_EDGE('',*,*,#3431,.F.);
#3431 = EDGE_CURVE('',#3432,#3424,#3434,.T.);
#3432 = VERTEX_POINT('',#3433);
#3433 = CARTESIAN_POINT('',(154.678635,-100.986168,-1.));
#3434 = LINE('',#3435,#3436);
#3435 = CARTESIAN_POINT('',(154.678635,-100.486168,-1.));
#3436 = VECTOR('',#3437,1.);
#3437 = DIRECTION('',(0.,1.,0.));
#3438 = ORIENTED_EDGE('',*,*,#3439,.F.);
#3439 = EDGE_CURVE('',#3416,#3432,#3440,.T.);
#3440 = LINE('',#3441,#3442);
#3441 = CARTESIAN_POINT('',(152.168427,-100.986168,-1.));
#3442 = VECTOR('',#3443,1.);
#3443 = DIRECTION('',(1.,0.,0.));
#3444 = FACE_BOUND('',#3445,.F.);
#3445 = EDGE_LOOP('',(#3446));
#3446 = ORIENTED_EDGE('',*,*,#3447,.F.);
#3447 = EDGE_CURVE('',#3448,#3448,#3450,.T.);
#3448 = VERTEX_POINT('',#3449);
#3449 = CARTESIAN_POINT('',(206.93,-113.51,-1.));
#3450 = CIRCLE('',#3451,1.);
#3451 = AXIS2_PLACEMENT_3D('',#3452,#3453,#3454);
#3452 = CARTESIAN_POINT('',(205.93,-113.51,-1.));
#3453 = DIRECTION('',(0.,0.,1.));
#3454 = DIRECTION('',(1.,0.,-0.));
#3455 = FACE_BOUND('',#3456,.F.);
#3456 = EDGE_LOOP('',(#3457));
#3457 = ORIENTED_EDGE('',*,*,#3458,.F.);
#3458 = EDGE_CURVE('',#3459,#3459,#3461,.T.);
#3459 = VERTEX_POINT('',#3460);
#3460 = CARTESIAN_POINT('',(164.93,-85.54,-1.));
#3461 = CIRCLE('',#3462,1.);
#3462 = AXIS2_PLACEMENT_3D('',#3463,#3464,#3465);
#3463 = CARTESIAN_POINT('',(163.93,-85.54,-1.));
#3464 = DIRECTION('',(0.,0.,1.));
#3465 = DIRECTION('',(1.,0.,-0.));
#3466 = FACE_BOUND('',#3467,.F.);
#3467 = EDGE_LOOP('',(#3468));
#3468 = ORIENTED_EDGE('',*,*,#3469,.F.);
#3469 = EDGE_CURVE('',#3470,#3470,#3472,.T.);
#3470 = VERTEX_POINT('',#3471);
#3471 = CARTESIAN_POINT('',(164.93,-113.52,-1.));
#3472 = CIRCLE('',#3473,1.);
#3473 = AXIS2_PLACEMENT_3D('',#3474,#3475,#3476);
#3474 = CARTESIAN_POINT('',(163.93,-113.52,-1.));
#3475 = DIRECTION('',(0.,0.,1.));
#3476 = DIRECTION('',(1.,0.,-0.));
#3477 = PLANE('',#3478);
#3478 = AXIS2_PLACEMENT_3D('',#3479,#3480,#3481);
#3479 = CARTESIAN_POINT('',(184.89,-99.47,-1.));
#3480 = DIRECTION('',(0.,0.,1.));
#3481 = DIRECTION('',(1.,0.,0.));
#3482 = ADVANCED_FACE('',(#3483),#3502,.F.);
#3483 = FACE_BOUND('',#3484,.F.);
#3484 = EDGE_LOOP('',(#3485,#3493,#3494,#3495));
#3485 = ORIENTED_EDGE('',*,*,#3486,.F.);
#3486 = EDGE_CURVE('',#3069,#3487,#3489,.T.);
#3487 = VERTEX_POINT('',#3488);
#3488 = CARTESIAN_POINT('',(206.43,-85.54,-0.5));
#3489 = LINE('',#3490,#3491);
#3490 = CARTESIAN_POINT('',(206.43,-85.54,-0.5));
#3491 = VECTOR('',#3492,1.);
#3492 = DIRECTION('',(-0.707106781187,0.,0.707106781187));
#3493 = ORIENTED_EDGE('',*,*,#3068,.T.);
#3494 = ORIENTED_EDGE('',*,*,#3486,.T.);
#3495 = ORIENTED_EDGE('',*,*,#3496,.F.);
#3496 = EDGE_CURVE('',#3487,#3487,#3497,.T.);
#3497 = CIRCLE('',#3498,0.5);
#3498 = AXIS2_PLACEMENT_3D('',#3499,#3500,#3501);
#3499 = CARTESIAN_POINT('',(205.93,-85.54,-0.5));
#3500 = DIRECTION('',(0.,0.,1.));
#3501 = DIRECTION('',(1.,0.,-0.));
#3502 = CONICAL_SURFACE('',#3503,0.5,0.785398163397);
#3503 = AXIS2_PLACEMENT_3D('',#3504,#3505,#3506);
#3504 = CARTESIAN_POINT('',(205.93,-85.54,-0.5));
#3505 = DIRECTION('',(-0.,-0.,-1.));
#3506 = DIRECTION('',(1.,0.,-0.));
#3507 = ADVANCED_FACE('',(#3508),#3528,.T.);
#3508 = FACE_BOUND('',#3509,.F.);
#3509 = EDGE_LOOP('',(#3510,#3519,#3520,#3521));
#3510 = ORIENTED_EDGE('',*,*,#3511,.F.);
#3511 = EDGE_CURVE('',#3080,#3512,#3514,.T.);
#3512 = VERTEX_POINT('',#3513);
#3513 = CARTESIAN_POINT('',(185.98,-103.85,-0.5));
#3514 = CIRCLE('',#3515,0.5);
#3515 = AXIS2_PLACEMENT_3D('',#3516,#3517,#3518);
#3516 = CARTESIAN_POINT('',(186.48,-103.85,-0.5));
#3517 = DIRECTION('',(-0.,1.,0.));
#3518 = DIRECTION('',(1.,0.,0.));
#3519 = ORIENTED_EDGE('',*,*,#3079,.F.);
#3520 = ORIENTED_EDGE('',*,*,#3511,.T.);
#3521 = ORIENTED_EDGE('',*,*,#3522,.T.);
#3522 = EDGE_CURVE('',#3512,#3512,#3523,.T.);
#3523 = CIRCLE('',#3524,1.1);
#3524 = AXIS2_PLACEMENT_3D('',#3525,#3526,#3527);
#3525 = CARTESIAN_POINT('',(184.88,-103.85,-0.5));
#3526 = DIRECTION('',(0.,0.,1.));
#3527 = DIRECTION('',(1.,0.,0.));
#3528 = TOROIDAL_SURFACE('',#3529,1.6,0.5);
#3529 = AXIS2_PLACEMENT_3D('',#3530,#3531,#3532);
#3530 = CARTESIAN_POINT('',(184.88,-103.85,-0.5));
#3531 = DIRECTION('',(-0.,-0.,-1.));
#3532 = DIRECTION('',(1.,0.,0.));
#3533 = ADVANCED_FACE('',(#3534),#3602,.T.);
#3534 = FACE_BOUND('',#3535,.T.);
#3535 = EDGE_LOOP('',(#3536,#3568,#3569,#3596));
#3536 = ORIENTED_EDGE('',*,*,#3537,.T.);
#3537 = EDGE_CURVE('',#3538,#3091,#3540,.T.);
#3538 = VERTEX_POINT('',#3539);
#3539 = CARTESIAN_POINT('',(203.89,-80.47,-0.5));
#3540 = B_SPLINE_CURVE_WITH_KNOTS('',6,(#3541,#3542,#3543,#3544,#3545,
    #3546,#3547,#3548,#3549,#3550,#3551,#3552,#3553,#3554,#3555,#3556,
    #3557,#3558,#3559,#3560,#3561,#3562,#3563,#3564,#3565,#3566,#3567),
  .UNSPECIFIED.,.F.,.F.,(7,5,5,5,5,7),(0.,2.938953534808E-02,
    0.146658940065,0.502259566255,0.858829622425,1.),.UNSPECIFIED.);
#3541 = CARTESIAN_POINT('',(203.88999992931,-80.47000060322,
    -0.500779330551));
#3542 = CARTESIAN_POINT('',(203.88999961013,-80.47000606912,
    -0.5042861166));
#3543 = CARTESIAN_POINT('',(203.88999759827,-80.47004106965,
    -0.507803710729));
#3544 = CARTESIAN_POINT('',(203.88999383319,-80.47010594247,
    -0.511331713529));
#3545 = CARTESIAN_POINT('',(203.88998827948,-80.4702010198,
    -0.514869712743));
#3546 = CARTESIAN_POINT('',(203.88998092683,-80.47032662838,
    -0.518417283263));
#3547 = CARTESIAN_POINT('',(203.88993533243,-80.47110739673,
    -0.536165859889));
#3548 = CARTESIAN_POINT('',(203.88987019621,-80.47222273183,
    -0.550503245542));
#3549 = CARTESIAN_POINT('',(203.88977516958,-80.47384969451,
    -0.564958060941));
#3550 = CARTESIAN_POINT('',(203.88964920464,-80.47600577203,
    -0.579499426001));
#3551 = CARTESIAN_POINT('',(203.8894914174,-80.47870533919,
    -0.594093663711));
#3552 = CARTESIAN_POINT('',(203.88872394368,-80.49182785804,
    -0.653008707325));
#3553 = CARTESIAN_POINT('',(203.88784761463,-80.50679615596,
    -0.697465627455));
#3554 = CARTESIAN_POINT('',(203.88665281122,-80.52716461169,
    -0.741068706254));
#3555 = CARTESIAN_POINT('',(203.88513711329,-80.55291471514,
    -0.782609752019));
#3556 = CARTESIAN_POINT('',(203.88332649953,-80.5835082804,
    -0.820928019721));
#3557 = CARTESIAN_POINT('',(203.87920034717,-80.65277945102,
    -0.889557068563));
#3558 = CARTESIAN_POINT('',(203.87688340885,-80.69147932974,
    -0.919846216965));
#3559 = CARTESIAN_POINT('',(203.87436072923,-80.73334627115,
    -0.945223294418));
#3560 = CARTESIAN_POINT('',(203.87169770733,-80.77720078299,
    -0.965170153862));
#3561 = CARTESIAN_POINT('',(203.86896570283,-80.82182953106,
    -0.979693259597));
#3562 = CARTESIAN_POINT('',(203.86514188772,-80.88380827403,
    -0.992842673948));
#3563 = CARTESIAN_POINT('',(203.86405621555,-80.90135115423,
    -0.99577232745));
#3564 = CARTESIAN_POINT('',(203.86297322981,-80.91879592013,
    -0.997922132514));
#3565 = CARTESIAN_POINT('',(203.86189653588,-80.93608522655,
    -0.999320037811));
#3566 = CARTESIAN_POINT('',(203.86082942577,-80.95316789567,
    -0.999999998225));
#3567 = CARTESIAN_POINT('',(203.85977479808,-80.97000000002,-1.));
#3568 = ORIENTED_EDGE('',*,*,#3090,.T.);
#3569 = ORIENTED_EDGE('',*,*,#3570,.F.);
#3570 = EDGE_CURVE('',#3571,#3093,#3573,.T.);
#3571 = VERTEX_POINT('',#3572);
#3572 = CARTESIAN_POINT('',(165.89,-80.47,-0.5));
#3573 = B_SPLINE_CURVE_WITH_KNOTS('',6,(#3574,#3575,#3576,#3577,#3578,
    #3579,#3580,#3581,#3582,#3583,#3584,#3585,#3586,#3587,#3588,#3589,
    #3590,#3591,#3592,#3593,#3594,#3595),.UNSPECIFIED.,.F.,.F.,(7,5,5,5,
    7),(0.,0.14647402865,0.524188786656,0.858520058331,1.),
  .UNSPECIFIED.);
#3574 = CARTESIAN_POINT('',(165.89000004977,-80.47000042478,
    -0.500653981985));
#3575 = CARTESIAN_POINT('',(165.89000138474,-80.47002328649,
    -0.518132817404));
#3576 = CARTESIAN_POINT('',(165.89004549667,-80.47077972761,
    -0.53588043632));
#3577 = CARTESIAN_POINT('',(165.89013499872,-80.47231212227,
    -0.553847499938));
#3578 = CARTESIAN_POINT('',(165.89027206191,-80.47465815575,
    -0.571976301539));
#3579 = CARTESIAN_POINT('',(165.89045846724,-80.47784842042,
    -0.590202052176));
#3580 = CARTESIAN_POINT('',(165.89130730442,-80.49236222526,
    -0.655521164902));
#3581 = CARTESIAN_POINT('',(165.89225654592,-80.50857539007,
    -0.702764610157));
#3582 = CARTESIAN_POINT('',(165.89356655527,-80.53090431006,
    -0.748979570591));
#3583 = CARTESIAN_POINT('',(165.8952390831,-80.55930456007,
    -0.792698619594));
#3584 = CARTESIAN_POINT('',(165.89723870923,-80.59305331481,
    -0.832543083675));
#3585 = CARTESIAN_POINT('',(165.9015149716,-80.66471702835,
    -0.89861898298));
#3586 = CARTESIAN_POINT('',(165.90373345509,-80.7017088331,
    -0.925888543381));
#3587 = CARTESIAN_POINT('',(165.90612235192,-80.74129686269,
    -0.94875987601));
#3588 = CARTESIAN_POINT('',(165.90862705178,-80.78250340547,
    -0.966858182395));
#3589 = CARTESIAN_POINT('',(165.91118930155,-80.82434040716,
    -0.980203659811));
#3590 = CARTESIAN_POINT('',(165.91484524771,-80.88360039839,
    -0.992807915942));
#3591 = CARTESIAN_POINT('',(165.9159335201,-80.90118578229,
    -0.995751923147));
#3592 = CARTESIAN_POINT('',(165.91701911312,-80.91867299741,
    -0.997912181907));
#3593 = CARTESIAN_POINT('',(165.91809840391,-80.93600425875,
    -0.999316811236));
#3594 = CARTESIAN_POINT('',(165.91916808024,-80.95312800529,
    -0.999999998191));
#3595 = CARTESIAN_POINT('',(165.92022519852,-80.97000000045,-1.));
#3596 = ORIENTED_EDGE('',*,*,#3597,.F.);
#3597 = EDGE_CURVE('',#3538,#3571,#3598,.T.);
#3598 = LINE('',#3599,#3600);
#3599 = CARTESIAN_POINT('',(203.89,-80.47,-0.5));
#3600 = VECTOR('',#3601,1.);
#3601 = DIRECTION('',(-1.,0.,0.));
#3602 = CYLINDRICAL_SURFACE('',#3603,0.5);
#3603 = AXIS2_PLACEMENT_3D('',#3604,#3605,#3606);
#3604 = CARTESIAN_POINT('',(203.89,-80.97,-0.5));
#3605 = DIRECTION('',(-1.,0.,0.));
#3606 = DIRECTION('',(0.,1.,0.));
#3607 = ADVANCED_FACE('',(#3608),#3654,.T.);
#3608 = FACE_BOUND('',#3609,.T.);
#3609 = EDGE_LOOP('',(#3610,#3611,#3624,#3653));
#3610 = ORIENTED_EDGE('',*,*,#3537,.F.);
#3611 = ORIENTED_EDGE('',*,*,#3612,.T.);
#3612 = EDGE_CURVE('',#3538,#3613,#3615,.T.);
#3613 = VERTEX_POINT('',#3614);
#3614 = CARTESIAN_POINT('',(207.645,-82.7665,-0.5));
#3615 = ( BOUNDED_CURVE() B_SPLINE_CURVE(7,(#3616,#3617,#3618,#3619,
    #3620,#3621,#3622,#3623),.UNSPECIFIED.,.F.,.F.) 
B_SPLINE_CURVE_WITH_KNOTS((8,8),(-2.429E-14,4.495893090556),
.PIECEWISE_BEZIER_KNOTS.) CURVE() GEOMETRIC_REPRESENTATION_ITEM() 
RATIONAL_B_SPLINE_CURVE((1.,1.,1.,1.,1.,1.,1.,1.)) REPRESENTATION_ITEM(
  '') );
#3616 = CARTESIAN_POINT('',(203.89,-80.47,-0.5));
#3617 = CARTESIAN_POINT('',(204.422,-80.53234285714,-0.5));
#3618 = CARTESIAN_POINT('',(204.95547619047,-80.68326190476,-0.5));
#3619 = CARTESIAN_POINT('',(205.49042857142,-80.92275714285,-0.5));
#3620 = CARTESIAN_POINT('',(206.02685714285,-81.25082857142,-0.5));
#3621 = CARTESIAN_POINT('',(206.56476190476,-81.66747619047,-0.5));
#3622 = CARTESIAN_POINT('',(207.10414285714,-82.1727,-0.5));
#3623 = CARTESIAN_POINT('',(207.645,-82.7665,-0.5));
#3624 = ORIENTED_EDGE('',*,*,#3625,.F.);
#3625 = EDGE_CURVE('',#3313,#3613,#3626,.T.);
#3626 = B_SPLINE_CURVE_WITH_KNOTS('',7,(#3627,#3628,#3629,#3630,#3631,
    #3632,#3633,#3634,#3635,#3636,#3637,#3638,#3639,#3640,#3641,#3642,
    #3643,#3644,#3645,#3646,#3647,#3648,#3649,#3650,#3651,#3652),
  .UNSPECIFIED.,.F.,.F.,(8,6,6,6,8),(0.,0.219957481561,0.599975299106,
    0.799987635601,1.),.UNSPECIFIED.);
#3627 = CARTESIAN_POINT('',(207.2612951749,-83.08778370282,-1.));
#3628 = CARTESIAN_POINT('',(207.27835804235,-83.07350690194,
    -1.0000000064));
#3629 = CARTESIAN_POINT('',(207.29578720341,-83.05892518797,
    -0.99884725717));
#3630 = CARTESIAN_POINT('',(207.31351185685,-83.04409289125,
    -0.996452976601));
#3631 = CARTESIAN_POINT('',(207.33144964186,-83.02908129484,
    -0.992736112047));
#3632 = CARTESIAN_POINT('',(207.34950235191,-83.01397338565,
    -0.987630265099));
#3633 = CARTESIAN_POINT('',(207.36755786043,-82.99886091495,
    -0.981089858359));
#3634 = CARTESIAN_POINT('',(207.41649366142,-82.95789883016,
    -0.959283849234));
#3635 = CARTESIAN_POINT('',(207.44714532905,-82.93223781071,
    -0.94113207737));
#3636 = CARTESIAN_POINT('',(207.47684213509,-82.907372315,
    -0.918541088808));
#3637 = CARTESIAN_POINT('',(207.50490867156,-82.883868192,
    -0.891637170363));
#3638 = CARTESIAN_POINT('',(207.53068372289,-82.86228003506,
    -0.860860466566));
#3639 = CARTESIAN_POINT('',(207.55367598263,-82.84302042168,
    -0.826903471536));
#3640 = CARTESIAN_POINT('',(207.58407025646,-82.81755815274,
    -0.771422859657));
#3641 = CARTESIAN_POINT('',(207.59369826668,-82.80949197172,
    -0.751628980966));
#3642 = CARTESIAN_POINT('',(207.60242969526,-82.80217654139,
    -0.731288026495));
#3643 = CARTESIAN_POINT('',(207.61023727241,-82.79563484011,
    -0.710522687735));
#3644 = CARTESIAN_POINT('',(207.61710935277,-82.78987674334,
    -0.689457684988));
#3645 = CARTESIAN_POINT('',(207.62304910342,-82.78489969624,
    -0.668214476714));
#3646 = CARTESIAN_POINT('',(207.63309828118,-82.77647907572,
    -0.625597458025));
#3647 = CARTESIAN_POINT('',(207.63720667337,-82.77303450826,
    -0.604223714663));
#3648 = CARTESIAN_POINT('',(207.64042002066,-82.77034734761,
    -0.582897969741));
#3649 = CARTESIAN_POINT('',(207.64275950978,-82.76838252638,
    -0.561725666746));
#3650 = CARTESIAN_POINT('',(207.64426938138,-82.76711187203,
    -0.540800595547));
#3651 = CARTESIAN_POINT('',(207.64500702854,-82.76650819959,
    -0.520203048677));
#3652 = CARTESIAN_POINT('',(207.64500017434,-82.76649987095,
    -0.500000000017));
#3653 = ORIENTED_EDGE('',*,*,#3355,.F.);
#3654 = ( BOUNDED_SURFACE() B_SPLINE_SURFACE(2,7,(
    (#3655,#3656,#3657,#3658,#3659,#3660,#3661,#3662)
    ,(#3663,#3664,#3665,#3666,#3667,#3668,#3669,#3670)
    ,(#3671,#3672,#3673,#3674,#3675,#3676,#3677,#3678
)),.UNSPECIFIED.,.F.,.F.,.F.) B_SPLINE_SURFACE_WITH_KNOTS((3,3),(8,8),(
    0.,4.495893090556),(-2.429E-14,4.495893090556),
.PIECEWISE_BEZIER_KNOTS.) GEOMETRIC_REPRESENTATION_ITEM() 
RATIONAL_B_SPLINE_SURFACE((
    (1.,1.,1.,1.,1.,1.,1.,1.)
    ,(0.707106781187,0.707106781187,0.707106781187,0.707106781187
      ,0.707106781187,0.707106781187,0.707106781187,0.707106781187)
,(1.,1.,1.,1.,1.,1.,1.,1.))) REPRESENTATION_ITEM('') SURFACE() );
#3655 = CARTESIAN_POINT('',(203.83180530648,-80.96660183008,-1.));
#3656 = CARTESIAN_POINT('',(204.29403116339,-81.02076814694,-1.));
#3657 = CARTESIAN_POINT('',(204.7620931834,-81.15246322066,-1.));
#3658 = CARTESIAN_POINT('',(205.24262771727,-81.36399526808,-1.));
#3659 = CARTESIAN_POINT('',(205.73764389076,-81.66347059521,-1.));
#3660 = CARTESIAN_POINT('',(206.24231400923,-82.05265548666,-1.));
#3661 = CARTESIAN_POINT('',(206.75553364924,-82.53248851234,-1.));
#3662 = CARTESIAN_POINT('',(207.27535205263,-83.10319035479,-1.));
#3663 = CARTESIAN_POINT('',(203.89,-80.47,-1.));
#3664 = CARTESIAN_POINT('',(204.422,-80.53234285714,-1.));
#3665 = CARTESIAN_POINT('',(204.95547619047,-80.68326190476,-1.));
#3666 = CARTESIAN_POINT('',(205.49042857142,-80.92275714285,-1.));
#3667 = CARTESIAN_POINT('',(206.02685714285,-81.25082857142,-1.));
#3668 = CARTESIAN_POINT('',(206.56476190476,-81.66747619047,-1.));
#3669 = CARTESIAN_POINT('',(207.10414285714,-82.1727,-1.));
#3670 = CARTESIAN_POINT('',(207.645,-82.7665,-1.));
#3671 = CARTESIAN_POINT('',(203.89,-80.47,-0.5));
#3672 = CARTESIAN_POINT('',(204.422,-80.53234285714,-0.5));
#3673 = CARTESIAN_POINT('',(204.95547619047,-80.68326190476,-0.5));
#3674 = CARTESIAN_POINT('',(205.49042857142,-80.92275714285,-0.5));
#3675 = CARTESIAN_POINT('',(206.02685714285,-81.25082857142,-0.5));
#3676 = CARTESIAN_POINT('',(206.56476190476,-81.66747619047,-0.5));
#3677 = CARTESIAN_POINT('',(207.10414285714,-82.1727,-0.5));
#3678 = CARTESIAN_POINT('',(207.645,-82.7665,-0.5));
#3679 = ADVANCED_FACE('',(#3680),#3714,.T.);
#3680 = FACE_BOUND('',#3681,.T.);
#3681 = EDGE_LOOP('',(#3682,#3683,#3684,#3703));
#3682 = ORIENTED_EDGE('',*,*,#3570,.T.);
#3683 = ORIENTED_EDGE('',*,*,#3100,.T.);
#3684 = ORIENTED_EDGE('',*,*,#3685,.T.);
#3685 = EDGE_CURVE('',#3101,#3686,#3688,.T.);
#3686 = VERTEX_POINT('',#3687);
#3687 = CARTESIAN_POINT('',(162.135,-82.7665,-0.5));
#3688 = B_SPLINE_CURVE_WITH_KNOTS('',7,(#3689,#3690,#3691,#3692,#3693,
    #3694,#3695,#3696,#3697,#3698,#3699,#3700,#3701,#3702),
  .UNSPECIFIED.,.F.,.F.,(8,6,8),(0.,0.480000444147,1.),.UNSPECIFIED.);
#3689 = CARTESIAN_POINT('',(162.51870491676,-83.08778360252,-1.));
#3690 = CARTESIAN_POINT('',(162.48147180308,-83.05663169438,
    -1.000000113359));
#3691 = CARTESIAN_POINT('',(162.44249738481,-83.02402031917,
    -0.99451082289));
#3692 = CARTESIAN_POINT('',(162.40250442634,-82.99054665438,
    -0.982611328215));
#3693 = CARTESIAN_POINT('',(162.36252183557,-82.95707918434,
    -0.963555301111));
#3694 = CARTESIAN_POINT('',(162.3239879582,-82.92481483037,
    -0.937091046894));
#3695 = CARTESIAN_POINT('',(162.2882991353,-82.89492835556,
    -0.903870441593));
#3696 = CARTESIAN_POINT('',(162.22202470769,-82.83942048862,
    -0.823040106377));
#3697 = CARTESIAN_POINT('',(162.19211243312,-82.81436249962,
    -0.774462291167));
#3698 = CARTESIAN_POINT('',(162.16806036976,-82.79420986347,
    -0.720834746779));
#3699 = CARTESIAN_POINT('',(162.15072020427,-82.7796791912,-0.664428682)
  );
#3700 = CARTESIAN_POINT('',(162.13993981214,-82.77064518702,
    -0.607750611944));
#3701 = CARTESIAN_POINT('',(162.13499686086,-82.76650294336,
    -0.552541965512));
#3702 = CARTESIAN_POINT('',(162.1349971195,-82.76650316245,-0.5));
#3703 = ORIENTED_EDGE('',*,*,#3704,.F.);
#3704 = EDGE_CURVE('',#3571,#3686,#3705,.T.);
#3705 = ( BOUNDED_CURVE() B_SPLINE_CURVE(7,(#3706,#3707,#3708,#3709,
    #3710,#3711,#3712,#3713),.UNSPECIFIED.,.F.,.F.) 
B_SPLINE_CURVE_WITH_KNOTS((8,8),(-1.39E-15,4.495893090556),
.PIECEWISE_BEZIER_KNOTS.) CURVE() GEOMETRIC_REPRESENTATION_ITEM() 
RATIONAL_B_SPLINE_CURVE((1.,1.,1.,1.,1.,1.,1.,1.)) REPRESENTATION_ITEM(
  '') );
#3706 = CARTESIAN_POINT('',(165.89,-80.47,-0.5));
#3707 = CARTESIAN_POINT('',(165.358,-80.53234285714,-0.5));
#3708 = CARTESIAN_POINT('',(164.82452380952,-80.68326190476,-0.5));
#3709 = CARTESIAN_POINT('',(164.28957142857,-80.92275714285,-0.5));
#3710 = CARTESIAN_POINT('',(163.75314285714,-81.25082857142,-0.5));
#3711 = CARTESIAN_POINT('',(163.21523809523,-81.66747619047,-0.5));
#3712 = CARTESIAN_POINT('',(162.67585714285,-82.1727,-0.5));
#3713 = CARTESIAN_POINT('',(162.135,-82.7665,-0.5));
#3714 = ( BOUNDED_SURFACE() B_SPLINE_SURFACE(2,7,(
    (#3715,#3716,#3717,#3718,#3719,#3720,#3721,#3722)
    ,(#3723,#3724,#3725,#3726,#3727,#3728,#3729,#3730)
    ,(#3731,#3732,#3733,#3734,#3735,#3736,#3737,#3738
)),.UNSPECIFIED.,.F.,.F.,.F.) B_SPLINE_SURFACE_WITH_KNOTS((3,3),(8,8),(
    0.,4.495893090556),(-1.39E-15,4.495893090556),
.PIECEWISE_BEZIER_KNOTS.) GEOMETRIC_REPRESENTATION_ITEM() 
RATIONAL_B_SPLINE_SURFACE((
    (1.,1.,1.,1.,1.,1.,1.,1.)
    ,(0.707106781187,0.707106781187,0.707106781187,0.707106781187
      ,0.707106781187,0.707106781187,0.707106781187,0.707106781187)
,(1.,1.,1.,1.,1.,1.,1.,1.))) REPRESENTATION_ITEM('') SURFACE() );
#3715 = CARTESIAN_POINT('',(165.89,-80.47,-0.5));
#3716 = CARTESIAN_POINT('',(165.358,-80.53234285714,-0.5));
#3717 = CARTESIAN_POINT('',(164.82452380952,-80.68326190476,-0.5));
#3718 = CARTESIAN_POINT('',(164.28957142857,-80.92275714285,-0.5));
#3719 = CARTESIAN_POINT('',(163.75314285714,-81.25082857142,-0.5));
#3720 = CARTESIAN_POINT('',(163.21523809523,-81.66747619047,-0.5));
#3721 = CARTESIAN_POINT('',(162.67585714285,-82.1727,-0.5));
#3722 = CARTESIAN_POINT('',(162.135,-82.7665,-0.5));
#3723 = CARTESIAN_POINT('',(165.89,-80.47,-1.));
#3724 = CARTESIAN_POINT('',(165.358,-80.53234285714,-1.));
#3725 = CARTESIAN_POINT('',(164.82452380952,-80.68326190476,-1.));
#3726 = CARTESIAN_POINT('',(164.28957142857,-80.92275714285,-1.));
#3727 = CARTESIAN_POINT('',(163.75314285714,-81.25082857142,-1.));
#3728 = CARTESIAN_POINT('',(163.21523809523,-81.66747619047,-1.));
#3729 = CARTESIAN_POINT('',(162.67585714285,-82.1727,-1.));
#3730 = CARTESIAN_POINT('',(162.135,-82.7665,-1.));
#3731 = CARTESIAN_POINT('',(165.94819469351,-80.96660183008,-1.));
#3732 = CARTESIAN_POINT('',(165.4859688366,-81.02076814694,-1.));
#3733 = CARTESIAN_POINT('',(165.01790681659,-81.15246322066,-1.));
#3734 = CARTESIAN_POINT('',(164.53737228272,-81.36399526808,-1.));
#3735 = CARTESIAN_POINT('',(164.04235610923,-81.66347059521,-1.));
#3736 = CARTESIAN_POINT('',(163.53768599076,-82.05265548666,-1.));
#3737 = CARTESIAN_POINT('',(163.02446635075,-82.53248851234,-1.));
#3738 = CARTESIAN_POINT('',(162.50464794736,-83.10319035479,-1.));
#3739 = ADVANCED_FACE('',(#3740),#3793,.T.);
#3740 = FACE_BOUND('',#3741,.T.);
#3741 = EDGE_LOOP('',(#3742,#3743,#3786,#3792));
#3742 = ORIENTED_EDGE('',*,*,#3625,.T.);
#3743 = ORIENTED_EDGE('',*,*,#3744,.T.);
#3744 = EDGE_CURVE('',#3613,#3745,#3747,.T.);
#3745 = VERTEX_POINT('',#3746);
#3746 = CARTESIAN_POINT('',(215.89,-89.54,-0.5));
#3747 = B_SPLINE_CURVE_WITH_KNOTS('',13,(#3748,#3749,#3750,#3751,#3752,
    #3753,#3754,#3755,#3756,#3757,#3758,#3759,#3760,#3761,#3762,#3763,
    #3764,#3765,#3766,#3767,#3768,#3769,#3770,#3771,#3772,#3773,#3774,
    #3775,#3776,#3777,#3778,#3779,#3780,#3781,#3782,#3783,#3784,#3785),
  .UNSPECIFIED.,.F.,.F.,(14,12,12,14),(-3.174823441569,-2.819558604762,
    0.,11.173051438529),.UNSPECIFIED.);
#3748 = CARTESIAN_POINT('',(205.1753556385,-80.25156539492,-0.5));
#3749 = CARTESIAN_POINT('',(205.20856574219,-80.27496815093,-0.5));
#3750 = CARTESIAN_POINT('',(205.24177584589,-80.29837090693,-0.5));
#3751 = CARTESIAN_POINT('',(205.27498594959,-80.32177366293,-0.5));
#3752 = CARTESIAN_POINT('',(205.30819605329,-80.34517641894,-0.5));
#3753 = CARTESIAN_POINT('',(205.34140615699,-80.36857917494,-0.5));
#3754 = CARTESIAN_POINT('',(205.37461626069,-80.39198193095,-0.5));
#3755 = CARTESIAN_POINT('',(205.40782636439,-80.41538468696,-0.5));
#3756 = CARTESIAN_POINT('',(205.44103646809,-80.43878744296,-0.5));
#3757 = CARTESIAN_POINT('',(205.4742465718,-80.46219019897,-0.5));
#3758 = CARTESIAN_POINT('',(205.5074566755,-80.48559295498,-0.5));
#3759 = CARTESIAN_POINT('',(205.54066677921,-80.50899571099,-0.5));
#3760 = CARTESIAN_POINT('',(205.57387688292,-80.53239846699,-0.5));
#3761 = CARTESIAN_POINT('',(205.8706589025,-80.74153714518,-0.5));
#3762 = CARTESIAN_POINT('',(206.08253556905,-80.92608562436,
    -0.499999999999));
#3763 = CARTESIAN_POINT('',(206.26507774811,-81.10082129078,
    -0.500000000002));
#3764 = CARTESIAN_POINT('',(206.42682166032,-81.26668938875,
    -0.499999999997));
#3765 = CARTESIAN_POINT('',(206.57349679521,-81.4259363932,
    -0.500000000005));
#3766 = CARTESIAN_POINT('',(206.71003735968,-81.5805641134,
    -0.499999999995));
#3767 = CARTESIAN_POINT('',(206.84011661125,-81.73264620556,
    -0.500000000005));
#3768 = CARTESIAN_POINT('',(206.9660524493,-81.88438661564,
    -0.499999999996));
#3769 = CARTESIAN_POINT('',(207.0894787985,-82.03762549294,
    -0.500000000002));
#3770 = CARTESIAN_POINT('',(207.21194900399,-82.19340895788,
    -0.499999999999));
#3771 = CARTESIAN_POINT('',(207.33463632009,-82.3522354257,-0.5));
#3772 = CARTESIAN_POINT('',(207.45752104374,-82.51467236297,-0.5));
#3773 = CARTESIAN_POINT('',(208.06983908436,-83.3361549113,-0.5));
#3774 = CARTESIAN_POINT('',(208.56587901205,-84.04117892003,-0.5));
#3775 = CARTESIAN_POINT('',(209.0720821697,-84.77605039588,-0.5));
#3776 = CARTESIAN_POINT('',(209.59504271294,-85.51695263367,-0.5));
#3777 = CARTESIAN_POINT('',(210.13289694313,-86.26424551874,-0.5));
#3778 = CARTESIAN_POINT('',(210.7092617378,-86.95881864874,-0.5));
#3779 = CARTESIAN_POINT('',(211.29050545679,-87.65655932321,-0.5));
#3780 = CARTESIAN_POINT('',(211.95178197127,-88.24402269865,-0.5));
#3781 = CARTESIAN_POINT('',(212.60728508235,-88.79214572522,-0.5));
#3782 = CARTESIAN_POINT('',(213.37158123875,-89.23109752193,-0.5));
#3783 = CARTESIAN_POINT('',(214.18301191386,-89.50225232761,-0.5));
#3784 = CARTESIAN_POINT('',(215.02553846153,-89.60544615384,-0.5));
#3785 = CARTESIAN_POINT('',(215.89,-89.54,-0.5));
#3786 = ORIENTED_EDGE('',*,*,#3787,.F.);
#3787 = EDGE_CURVE('',#3304,#3745,#3788,.T.);
#3788 = ( BOUNDED_CURVE() B_SPLINE_CURVE(2,(#3789,#3790,#3791),
.UNSPECIFIED.,.F.,.F.) B_SPLINE_CURVE_WITH_KNOTS((3,3),(0.,
13.992610043291),.PIECEWISE_BEZIER_KNOTS.) CURVE() 
GEOMETRIC_REPRESENTATION_ITEM() RATIONAL_B_SPLINE_CURVE((1.,
0.707106781187,1.)) REPRESENTATION_ITEM('') );
#3789 = CARTESIAN_POINT('',(215.89,-90.04,-1.));
#3790 = CARTESIAN_POINT('',(215.89,-89.54,-1.));
#3791 = CARTESIAN_POINT('',(215.89,-89.54,-0.5));
#3792 = ORIENTED_EDGE('',*,*,#3312,.F.);
#3793 = ( BOUNDED_SURFACE() B_SPLINE_SURFACE(2,13,(
    (#3794,#3795,#3796,#3797,#3798,#3799,#3800,#3801,#3802,#3803,#3804
      ,#3805,#3806,#3807,#3808,#3809,#3810,#3811,#3812,#3813,#3814,#3815
      ,#3816,#3817,#3818,#3819,#3820,#3821,#3822,#3823,#3824,#3825,#3826
      ,#3827,#3828,#3829,#3830,#3831)
    ,(#3832,#3833,#3834,#3835,#3836,#3837,#3838,#3839,#3840,#3841,#3842
      ,#3843,#3844,#3845,#3846,#3847,#3848,#3849,#3850,#3851,#3852,#3853
      ,#3854,#3855,#3856,#3857,#3858,#3859,#3860,#3861,#3862,#3863,#3864
      ,#3865,#3866,#3867,#3868,#3869)
    ,(#3870,#3871,#3872,#3873,#3874,#3875,#3876,#3877,#3878,#3879,#3880
      ,#3881,#3882,#3883,#3884,#3885,#3886,#3887,#3888,#3889,#3890,#3891
      ,#3892,#3893,#3894,#3895,#3896,#3897,#3898,#3899,#3900,#3901,#3902
      ,#3903,#3904,#3905,#3906,#3907
)),.UNSPECIFIED.,.F.,.F.,.F.) B_SPLINE_SURFACE_WITH_KNOTS((3,3),(14,12,
    12,14),(0.,13.992610043291),(-3.174823441569,-2.819558604762,0.,
11.173051438529),.UNSPECIFIED.) GEOMETRIC_REPRESENTATION_ITEM() 
RATIONAL_B_SPLINE_SURFACE((
    (1.,1.,1.,1.,1.,1.,1.,1.,1.,1.,1.,1.,1.,1.,1.,1.,1.,1.,1.,1.,1.,1.
      ,1.,1.,1.,1.,1.,1.,1.,1.,1.,1.,1.,1.,1.,1.,1.,1.)
    ,(0.707106781187,0.707106781187,0.707106781187,0.707106781186
      ,0.707106781186,0.707106781186,0.707106781186,0.707106781186
      ,0.707106781186,0.707106781186,0.707106781186,0.707106781187
      ,0.707106781187,0.707106781187,0.707106781186,0.707106781189
      ,0.707106781183,0.707106781192,0.707106781181,0.707106781192
      ,0.707106781183,0.707106781189,0.707106781186,0.707106781187
      ,0.707106781187,0.707106781186,0.707106781187,0.707106781185
      ,0.707106781189,0.707106781183,0.70710678119,0.707106781183
      ,0.707106781189,0.707106781185,0.707106781187,0.707106781186
      ,0.707106781187,0.707106781187)
    ,(1.,1.,1.,1.,1.,1.,1.,1.,1.,1.,1.,1.,1.,1.,1.,1.,1.,1.,1.,1.,1.,1.
      ,1.,1.,1.,1.,1.,1.,1.,1.,1.,1.,1.,1.,1.,1.,1.,1.
))) REPRESENTATION_ITEM('') SURFACE() );
#3794 = CARTESIAN_POINT('',(204.77429189099,-80.55118714296,-1.));
#3795 = CARTESIAN_POINT('',(204.80765727972,-80.5746372169,-1.));
#3796 = CARTESIAN_POINT('',(204.84100163908,-80.59807251085,-1.));
#3797 = CARTESIAN_POINT('',(204.87432496907,-80.6214930248,-1.));
#3798 = CARTESIAN_POINT('',(204.90762726969,-80.64489875875,-1.));
#3799 = CARTESIAN_POINT('',(204.94090854094,-80.66828971271,-1.));
#3800 = CARTESIAN_POINT('',(204.97416878282,-80.69166588668,-1.));
#3801 = CARTESIAN_POINT('',(205.00740799533,-80.71502728065,-1.));
#3802 = CARTESIAN_POINT('',(205.04062617847,-80.73837389463,-1.));
#3803 = CARTESIAN_POINT('',(205.07382333224,-80.76170572861,-1.));
#3804 = CARTESIAN_POINT('',(205.10699945664,-80.78502278259,-1.));
#3805 = CARTESIAN_POINT('',(205.14015455168,-80.80832505658,-1.));
#3806 = CARTESIAN_POINT('',(205.17328861734,-80.83161255058,-1.));
#3807 = CARTESIAN_POINT('',(205.46920319418,-81.03958910864,-1.));
#3808 = CARTESIAN_POINT('',(205.68008002109,-81.22279243186,
    -0.999999999999));
#3809 = CARTESIAN_POINT('',(205.86139270279,-81.39586167326,
    -1.000000000003));
#3810 = CARTESIAN_POINT('',(206.02168578736,-81.55974966048,
    -0.999999999994));
#3811 = CARTESIAN_POINT('',(206.1667496463,-81.71676979777,
    -1.000000000009));
#3812 = CARTESIAN_POINT('',(206.30163290265,-81.86906803873,
    -0.99999999999));
#3813 = CARTESIAN_POINT('',(206.4301434873,-82.01890677956,
    -1.000000000009));
#3814 = CARTESIAN_POINT('',(206.5547094287,-82.16865983404,
    -0.999999999993));
#3815 = CARTESIAN_POINT('',(206.67701971266,-82.32026406015,
    -1.000000000004));
#3816 = CARTESIAN_POINT('',(206.79862943556,-82.47478039919,
    -0.999999999998));
#3817 = CARTESIAN_POINT('',(206.92069367438,-82.63268571876,
    -1.000000000001));
#3818 = CARTESIAN_POINT('',(207.0431894351,-82.79454629695,-1.));
#3819 = CARTESIAN_POINT('',(207.65462615149,-83.61472232503,-1.));
#3820 = CARTESIAN_POINT('',(208.15330987168,-84.32364108791,-1.));
#3821 = CARTESIAN_POINT('',(208.66475382776,-85.06652184669,
    -0.999999999999));
#3822 = CARTESIAN_POINT('',(209.19611311683,-85.81889755831,
    -1.000000000001));
#3823 = CARTESIAN_POINT('',(209.74445232459,-86.58236270392,
    -0.999999999999));
#3824 = CARTESIAN_POINT('',(210.33804722067,-87.29526347063,
    -1.000000000001));
#3825 = CARTESIAN_POINT('',(210.93688732774,-88.01810739219,
    -0.999999999999));
#3826 = CARTESIAN_POINT('',(211.63012845902,-88.63282867047,-1.));
#3827 = CARTESIAN_POINT('',(212.31938607069,-89.21264550442,-1.));
#3828 = CARTESIAN_POINT('',(213.13844463279,-89.68900737702,-1.));
#3829 = CARTESIAN_POINT('',(214.02178935412,-89.98814796859,-1.));
#3830 = CARTESIAN_POINT('',(214.9449070799,-90.10544615384,-1.));
#3831 = CARTESIAN_POINT('',(215.89,-90.04,-1.));
#3832 = CARTESIAN_POINT('',(205.1753556385,-80.25156539492,-1.));
#3833 = CARTESIAN_POINT('',(205.2085657422,-80.27496815093,-1.));
#3834 = CARTESIAN_POINT('',(205.2417758459,-80.29837090694,-1.));
#3835 = CARTESIAN_POINT('',(205.27498594961,-80.32177366294,-1.));
#3836 = CARTESIAN_POINT('',(205.30819605331,-80.34517641895,-1.));
#3837 = CARTESIAN_POINT('',(205.34140615701,-80.36857917495,-1.));
#3838 = CARTESIAN_POINT('',(205.37461626071,-80.39198193096,-1.));
#3839 = CARTESIAN_POINT('',(205.40782636441,-80.41538468697,-1.));
#3840 = CARTESIAN_POINT('',(205.44103646812,-80.43878744297,-1.));
#3841 = CARTESIAN_POINT('',(205.47424657182,-80.46219019898,-1.));
#3842 = CARTESIAN_POINT('',(205.50745667552,-80.48559295499,-1.));
#3843 = CARTESIAN_POINT('',(205.54066677922,-80.50899571099,-1.));
#3844 = CARTESIAN_POINT('',(205.57387688292,-80.532398467,-1.));
#3845 = CARTESIAN_POINT('',(205.87065890244,-80.74153714516,-1.));
#3846 = CARTESIAN_POINT('',(206.08253556931,-80.92608562446,-1.));
#3847 = CARTESIAN_POINT('',(206.26507774744,-81.10082129052,-1.));
#3848 = CARTESIAN_POINT('',(206.42682166156,-81.26668938924,
    -1.000000000001));
#3849 = CARTESIAN_POINT('',(206.57349679343,-81.42593639249,
    -0.999999999999));
#3850 = CARTESIAN_POINT('',(206.71003736171,-81.5805641142,
    -1.000000000001));
#3851 = CARTESIAN_POINT('',(206.84011660938,-81.73264620482,
    -0.999999999999));
#3852 = CARTESIAN_POINT('',(206.96605245069,-81.88438661619,
    -1.000000000001));
#3853 = CARTESIAN_POINT('',(207.08947879766,-82.03762549261,
    -0.999999999999));
#3854 = CARTESIAN_POINT('',(207.21194900438,-82.19340895803,-1.));
#3855 = CARTESIAN_POINT('',(207.33463631997,-82.35223542565,-1.));
#3856 = CARTESIAN_POINT('',(207.45752104376,-82.51467236297,-1.));
#3857 = CARTESIAN_POINT('',(208.06983908436,-83.3361549113,-1.));
#3858 = CARTESIAN_POINT('',(208.56587901201,-84.04117892001,-1.));
#3859 = CARTESIAN_POINT('',(209.07208216984,-84.77605039594,-1.));
#3860 = CARTESIAN_POINT('',(209.5950427127,-85.51695263356,
    -0.999999999999));
#3861 = CARTESIAN_POINT('',(210.13289694342,-86.26424551887,
    -1.000000000001));
#3862 = CARTESIAN_POINT('',(210.70926173753,-86.95881864861,
    -0.999999999999));
#3863 = CARTESIAN_POINT('',(211.29050545697,-87.65655932331,
    -1.000000000001));
#3864 = CARTESIAN_POINT('',(211.95178197118,-88.2440226986,
    -0.999999999999));
#3865 = CARTESIAN_POINT('',(212.60728508238,-88.79214572525,
    -1.000000000001));
#3866 = CARTESIAN_POINT('',(213.37158123875,-89.23109752193,-1.));
#3867 = CARTESIAN_POINT('',(214.18301191386,-89.50225232761,-1.));
#3868 = CARTESIAN_POINT('',(215.02553846153,-89.60544615384,-1.));
#3869 = CARTESIAN_POINT('',(215.89,-89.54,-1.));
#3870 = CARTESIAN_POINT('',(205.1753556385,-80.25156539492,-0.5));
#3871 = CARTESIAN_POINT('',(205.20856574219,-80.27496815093,-0.5));
#3872 = CARTESIAN_POINT('',(205.24177584589,-80.29837090693,-0.5));
#3873 = CARTESIAN_POINT('',(205.27498594959,-80.32177366293,-0.5));
#3874 = CARTESIAN_POINT('',(205.30819605329,-80.34517641894,-0.5));
#3875 = CARTESIAN_POINT('',(205.34140615699,-80.36857917494,-0.5));
#3876 = CARTESIAN_POINT('',(205.37461626069,-80.39198193095,-0.5));
#3877 = CARTESIAN_POINT('',(205.40782636439,-80.41538468696,-0.5));
#3878 = CARTESIAN_POINT('',(205.44103646809,-80.43878744296,-0.5));
#3879 = CARTESIAN_POINT('',(205.4742465718,-80.46219019897,-0.5));
#3880 = CARTESIAN_POINT('',(205.5074566755,-80.48559295498,-0.5));
#3881 = CARTESIAN_POINT('',(205.54066677921,-80.50899571099,-0.5));
#3882 = CARTESIAN_POINT('',(205.57387688292,-80.53239846699,-0.5));
#3883 = CARTESIAN_POINT('',(205.8706589025,-80.74153714518,-0.5));
#3884 = CARTESIAN_POINT('',(206.08253556905,-80.92608562436,
    -0.499999999999));
#3885 = CARTESIAN_POINT('',(206.26507774811,-81.10082129078,
    -0.500000000002));
#3886 = CARTESIAN_POINT('',(206.42682166032,-81.26668938875,
    -0.499999999997));
#3887 = CARTESIAN_POINT('',(206.57349679521,-81.4259363932,
    -0.500000000005));
#3888 = CARTESIAN_POINT('',(206.71003735968,-81.5805641134,
    -0.499999999995));
#3889 = CARTESIAN_POINT('',(206.84011661125,-81.73264620556,
    -0.500000000005));
#3890 = CARTESIAN_POINT('',(206.9660524493,-81.88438661564,
    -0.499999999996));
#3891 = CARTESIAN_POINT('',(207.0894787985,-82.03762549294,
    -0.500000000002));
#3892 = CARTESIAN_POINT('',(207.21194900399,-82.19340895788,
    -0.499999999999));
#3893 = CARTESIAN_POINT('',(207.33463632009,-82.3522354257,-0.5));
#3894 = CARTESIAN_POINT('',(207.45752104374,-82.51467236297,-0.5));
#3895 = CARTESIAN_POINT('',(208.06983908436,-83.3361549113,-0.5));
#3896 = CARTESIAN_POINT('',(208.56587901205,-84.04117892003,-0.5));
#3897 = CARTESIAN_POINT('',(209.0720821697,-84.77605039588,-0.5));
#3898 = CARTESIAN_POINT('',(209.59504271294,-85.51695263367,-0.5));
#3899 = CARTESIAN_POINT('',(210.13289694313,-86.26424551874,-0.5));
#3900 = CARTESIAN_POINT('',(210.7092617378,-86.95881864874,-0.5));
#3901 = CARTESIAN_POINT('',(211.29050545679,-87.65655932321,-0.5));
#3902 = CARTESIAN_POINT('',(211.95178197127,-88.24402269865,-0.5));
#3903 = CARTESIAN_POINT('',(212.60728508235,-88.79214572522,-0.5));
#3904 = CARTESIAN_POINT('',(213.37158123875,-89.23109752193,-0.5));
#3905 = CARTESIAN_POINT('',(214.18301191386,-89.50225232761,-0.5));
#3906 = CARTESIAN_POINT('',(215.02553846153,-89.60544615384,-0.5));
#3907 = CARTESIAN_POINT('',(215.89,-89.54,-0.5));
#3908 = ADVANCED_FACE('',(#3909),#3962,.F.);
#3909 = FACE_BOUND('',#3910,.F.);
#3910 = EDGE_LOOP('',(#3911,#3912,#3955,#3961));
#3911 = ORIENTED_EDGE('',*,*,#3685,.T.);
#3912 = ORIENTED_EDGE('',*,*,#3913,.T.);
#3913 = EDGE_CURVE('',#3686,#3914,#3916,.T.);
#3914 = VERTEX_POINT('',#3915);
#3915 = CARTESIAN_POINT('',(153.89,-89.54,-0.5));
#3916 = B_SPLINE_CURVE_WITH_KNOTS('',13,(#3917,#3918,#3919,#3920,#3921,
    #3922,#3923,#3924,#3925,#3926,#3927,#3928,#3929,#3930,#3931,#3932,
    #3933,#3934,#3935,#3936,#3937,#3938,#3939,#3940,#3941,#3942,#3943,
    #3944,#3945,#3946,#3947,#3948,#3949,#3950,#3951,#3952,#3953,#3954),
  .UNSPECIFIED.,.F.,.F.,(14,12,12,14),(-3.17482344157,-2.819558604762,0.
    ,11.173051438529),.UNSPECIFIED.);
#3917 = CARTESIAN_POINT('',(164.60464436149,-80.25156539492,-0.5));
#3918 = CARTESIAN_POINT('',(164.57143425779,-80.27496815093,-0.5));
#3919 = CARTESIAN_POINT('',(164.53822415408,-80.29837090693,-0.5));
#3920 = CARTESIAN_POINT('',(164.50501405037,-80.32177366294,-0.5));
#3921 = CARTESIAN_POINT('',(164.47180394667,-80.34517641894,-0.5));
#3922 = CARTESIAN_POINT('',(164.43859384297,-80.36857917495,-0.5));
#3923 = CARTESIAN_POINT('',(164.40538373926,-80.39198193095,-0.5));
#3924 = CARTESIAN_POINT('',(164.37217363556,-80.41538468696,-0.5));
#3925 = CARTESIAN_POINT('',(164.33896353186,-80.43878744297,-0.5));
#3926 = CARTESIAN_POINT('',(164.30575342816,-80.46219019897,-0.5));
#3927 = CARTESIAN_POINT('',(164.27254332446,-80.48559295498,-0.5));
#3928 = CARTESIAN_POINT('',(164.23933322076,-80.50899571099,-0.5));
#3929 = CARTESIAN_POINT('',(164.20612311706,-80.532398467,-0.5));
#3930 = CARTESIAN_POINT('',(163.90934109759,-80.74153714517,-0.5));
#3931 = CARTESIAN_POINT('',(163.69746443053,-80.92608562439,-0.5));
#3932 = CARTESIAN_POINT('',(163.51492225294,-81.10082129072,
    -0.500000000001));
#3933 = CARTESIAN_POINT('',(163.35317833772,-81.26668938889,
    -0.499999999998));
#3934 = CARTESIAN_POINT('',(163.20650320758,-81.425936393,
    -0.500000000003));
#3935 = CARTESIAN_POINT('',(163.06996263712,-81.58056411362,
    -0.499999999996));
#3936 = CARTESIAN_POINT('',(162.93988339169,-81.73264620536,
    -0.500000000003));
#3937 = CARTESIAN_POINT('',(162.81394754847,-81.88438661577,
    -0.499999999997));
#3938 = CARTESIAN_POINT('',(162.69052120284,-82.03762549286,
    -0.500000000002));
#3939 = CARTESIAN_POINT('',(162.56805099538,-82.19340895791,
    -0.499999999999));
#3940 = CARTESIAN_POINT('',(162.4453636801,-82.35223542569,-0.5));
#3941 = CARTESIAN_POINT('',(162.32247895623,-82.51467236297,-0.5));
#3942 = CARTESIAN_POINT('',(161.71016091563,-83.3361549113,-0.5));
#3943 = CARTESIAN_POINT('',(161.21412098802,-84.04117892003,-0.5));
#3944 = CARTESIAN_POINT('',(160.70791783005,-84.77605039589,-0.5));
#3945 = CARTESIAN_POINT('',(160.18495728747,-85.51695263365,-0.5));
#3946 = CARTESIAN_POINT('',(159.64710305635,-86.26424551876,-0.5));
#3947 = CARTESIAN_POINT('',(159.07073826263,-86.95881864871,-0.5));
#3948 = CARTESIAN_POINT('',(158.48949454293,-87.65655932325,-0.5));
#3949 = CARTESIAN_POINT('',(157.82821802882,-88.24402269862,-0.5));
#3950 = CARTESIAN_POINT('',(157.17271491763,-88.79214572525,-0.5));
#3951 = CARTESIAN_POINT('',(156.40841876122,-89.23109752192,-0.5));
#3952 = CARTESIAN_POINT('',(155.59698808614,-89.50225232761,-0.5));
#3953 = CARTESIAN_POINT('',(154.75446153846,-89.60544615384,-0.5));
#3954 = CARTESIAN_POINT('',(153.89,-89.54,-0.5));
#3955 = ORIENTED_EDGE('',*,*,#3956,.F.);
#3956 = EDGE_CURVE('',#3114,#3914,#3957,.T.);
#3957 = ( BOUNDED_CURVE() B_SPLINE_CURVE(2,(#3958,#3959,#3960),
.UNSPECIFIED.,.F.,.F.) B_SPLINE_CURVE_WITH_KNOTS((3,3),(0.,
13.992610043291),.PIECEWISE_BEZIER_KNOTS.) CURVE() 
GEOMETRIC_REPRESENTATION_ITEM() RATIONAL_B_SPLINE_CURVE((1.,
0.707106781187,1.)) REPRESENTATION_ITEM('') );
#3958 = CARTESIAN_POINT('',(153.89,-90.04,-1.));
#3959 = CARTESIAN_POINT('',(153.89,-89.54,-1.));
#3960 = CARTESIAN_POINT('',(153.89,-89.54,-0.5));
#3961 = ORIENTED_EDGE('',*,*,#3113,.F.);
#3962 = ( BOUNDED_SURFACE() B_SPLINE_SURFACE(2,13,(
    (#3963,#3964,#3965,#3966,#3967,#3968,#3969,#3970,#3971,#3972,#3973
      ,#3974,#3975,#3976,#3977,#3978,#3979,#3980,#3981,#3982,#3983,#3984
      ,#3985,#3986,#3987,#3988,#3989,#3990,#3991,#3992,#3993,#3994,#3995
      ,#3996,#3997,#3998,#3999,#4000)
    ,(#4001,#4002,#4003,#4004,#4005,#4006,#4007,#4008,#4009,#4010,#4011
      ,#4012,#4013,#4014,#4015,#4016,#4017,#4018,#4019,#4020,#4021,#4022
      ,#4023,#4024,#4025,#4026,#4027,#4028,#4029,#4030,#4031,#4032,#4033
      ,#4034,#4035,#4036,#4037,#4038)
    ,(#4039,#4040,#4041,#4042,#4043,#4044,#4045,#4046,#4047,#4048,#4049
      ,#4050,#4051,#4052,#4053,#4054,#4055,#4056,#4057,#4058,#4059,#4060
      ,#4061,#4062,#4063,#4064,#4065,#4066,#4067,#4068,#4069,#4070,#4071
      ,#4072,#4073,#4074,#4075,#4076
)),.UNSPECIFIED.,.F.,.F.,.F.) B_SPLINE_SURFACE_WITH_KNOTS((3,3),(14,12,
    12,14),(0.,13.992610043291),(-3.17482344157,-2.819558604762,0.,
11.173051438529),.UNSPECIFIED.) GEOMETRIC_REPRESENTATION_ITEM() 
RATIONAL_B_SPLINE_SURFACE((
    (1.,1.,1.,1.,1.,1.,1.,1.,1.,1.,1.,1.,1.,1.,1.,1.,1.,1.,1.,1.,1.,1.
      ,1.,1.,1.,1.,1.,1.,1.,1.,1.,1.,1.,1.,1.,1.,1.,1.)
    ,(0.707106781187,0.707106781187,0.707106781187,0.707106781187
      ,0.707106781186,0.707106781186,0.707106781186,0.707106781186
      ,0.707106781186,0.707106781186,0.707106781187,0.707106781187
      ,0.707106781187,0.707106781187,0.707106781186,0.707106781188
      ,0.707106781184,0.70710678119,0.707106781182,0.707106781191
      ,0.707106781183,0.707106781188,0.707106781186,0.707106781187
      ,0.707106781187,0.707106781187,0.707106781187,0.707106781186
      ,0.707106781187,0.707106781187,0.707106781186,0.707106781187
      ,0.707106781186,0.707106781187,0.707106781186,0.707106781187
      ,0.707106781187,0.707106781187)
    ,(1.,1.,1.,1.,1.,1.,1.,1.,1.,1.,1.,1.,1.,1.,1.,1.,1.,1.,1.,1.,1.,1.
      ,1.,1.,1.,1.,1.,1.,1.,1.,1.,1.,1.,1.,1.,1.,1.,1.
))) REPRESENTATION_ITEM('') SURFACE() );
#3963 = CARTESIAN_POINT('',(165.005708109,-80.55118714296,-1.));
#3964 = CARTESIAN_POINT('',(164.97234272026,-80.5746372169,-1.));
#3965 = CARTESIAN_POINT('',(164.93899836089,-80.59807251085,-1.));
#3966 = CARTESIAN_POINT('',(164.90567503089,-80.6214930248,-1.));
#3967 = CARTESIAN_POINT('',(164.87237273027,-80.64489875875,-1.));
#3968 = CARTESIAN_POINT('',(164.83909145902,-80.66828971272,-1.));
#3969 = CARTESIAN_POINT('',(164.80583121713,-80.69166588668,-1.));
#3970 = CARTESIAN_POINT('',(164.77259200462,-80.71502728065,-1.));
#3971 = CARTESIAN_POINT('',(164.73937382148,-80.73837389463,-1.));
#3972 = CARTESIAN_POINT('',(164.70617666772,-80.76170572861,-1.));
#3973 = CARTESIAN_POINT('',(164.67300054332,-80.78502278259,-1.));
#3974 = CARTESIAN_POINT('',(164.63984544829,-80.80832505658,-1.));
#3975 = CARTESIAN_POINT('',(164.60671138264,-80.83161255058,-1.));
#3976 = CARTESIAN_POINT('',(164.31079680591,-81.03958910863,-1.));
#3977 = CARTESIAN_POINT('',(164.09991997849,-81.22279243188,
    -0.999999999999));
#3978 = CARTESIAN_POINT('',(163.91860729826,-81.39586167319,
    -1.000000000002));
#3979 = CARTESIAN_POINT('',(163.75831421066,-81.55974966062,
    -0.999999999996));
#3980 = CARTESIAN_POINT('',(163.6132503565,-81.71676979757,
    -1.000000000006));
#3981 = CARTESIAN_POINT('',(163.47836709413,-81.86906803896,
    -0.999999999993));
#3982 = CARTESIAN_POINT('',(163.34985651566,-82.01890677936,
    -1.000000000007));
#3983 = CARTESIAN_POINT('',(163.22529056905,-82.16865983418,
    -0.999999999995));
#3984 = CARTESIAN_POINT('',(163.10298028868,-82.32026406007,
    -1.000000000003));
#3985 = CARTESIAN_POINT('',(162.9813705638,-82.47478039923,
    -0.999999999999));
#3986 = CARTESIAN_POINT('',(162.8593063258,-82.63268571875,-1.));
#3987 = CARTESIAN_POINT('',(162.73681056487,-82.79454629695,-1.));
#3988 = CARTESIAN_POINT('',(162.1253738485,-83.61472232503,-1.));
#3989 = CARTESIAN_POINT('',(161.62669012839,-84.32364108791,-1.));
#3990 = CARTESIAN_POINT('',(161.11524617199,-85.0665218467,
    -0.999999999999));
#3991 = CARTESIAN_POINT('',(160.58388688357,-85.81889755829,
    -1.000000000001));
#3992 = CARTESIAN_POINT('',(160.03554767491,-86.58236270395,
    -0.999999999999));
#3993 = CARTESIAN_POINT('',(159.44195277974,-87.29526347059,
    -1.000000000001));
#3994 = CARTESIAN_POINT('',(158.843112672,-88.01810739224,-1.));
#3995 = CARTESIAN_POINT('',(158.14987154106,-88.63282867043,-1.));
#3996 = CARTESIAN_POINT('',(157.4606139293,-89.21264550445,-1.));
#3997 = CARTESIAN_POINT('',(156.64155536718,-89.689007377,-1.));
#3998 = CARTESIAN_POINT('',(155.75821064588,-89.98814796859,-1.));
#3999 = CARTESIAN_POINT('',(154.83509292009,-90.10544615384,-1.));
#4000 = CARTESIAN_POINT('',(153.89,-90.04,-1.));
#4001 = CARTESIAN_POINT('',(164.60464436149,-80.25156539492,-1.));
#4002 = CARTESIAN_POINT('',(164.57143425779,-80.27496815093,-1.));
#4003 = CARTESIAN_POINT('',(164.53822415409,-80.29837090694,-1.));
#4004 = CARTESIAN_POINT('',(164.50501405039,-80.32177366294,-1.));
#4005 = CARTESIAN_POINT('',(164.47180394668,-80.34517641895,-1.));
#4006 = CARTESIAN_POINT('',(164.43859384298,-80.36857917495,-1.));
#4007 = CARTESIAN_POINT('',(164.40538373928,-80.39198193096,-1.));
#4008 = CARTESIAN_POINT('',(164.37217363558,-80.41538468697,-1.));
#4009 = CARTESIAN_POINT('',(164.33896353188,-80.43878744297,-1.));
#4010 = CARTESIAN_POINT('',(164.30575342817,-80.46219019898,-1.));
#4011 = CARTESIAN_POINT('',(164.27254332447,-80.48559295499,-1.));
#4012 = CARTESIAN_POINT('',(164.23933322077,-80.50899571099,-1.));
#4013 = CARTESIAN_POINT('',(164.20612311707,-80.532398467,-1.));
#4014 = CARTESIAN_POINT('',(163.90934109755,-80.74153714516,-1.));
#4015 = CARTESIAN_POINT('',(163.69746443069,-80.92608562446,-1.));
#4016 = CARTESIAN_POINT('',(163.51492225254,-81.10082129052,-1.));
#4017 = CARTESIAN_POINT('',(163.35317833844,-81.26668938924,-1.));
#4018 = CARTESIAN_POINT('',(163.20650320655,-81.42593639249,-1.));
#4019 = CARTESIAN_POINT('',(163.06996263829,-81.58056411419,-1.));
#4020 = CARTESIAN_POINT('',(162.93988339059,-81.73264620483,-1.));
#4021 = CARTESIAN_POINT('',(162.81394754931,-81.88438661618,-1.));
#4022 = CARTESIAN_POINT('',(162.69052120232,-82.03762549261,-1.));
#4023 = CARTESIAN_POINT('',(162.56805099562,-82.19340895803,-1.));
#4024 = CARTESIAN_POINT('',(162.44536368002,-82.35223542565,-1.));
#4025 = CARTESIAN_POINT('',(162.32247895623,-82.51467236297,-1.));
#4026 = CARTESIAN_POINT('',(161.71016091563,-83.3361549113,-1.));
#4027 = CARTESIAN_POINT('',(161.21412098798,-84.04117892001,-1.));
#4028 = CARTESIAN_POINT('',(160.70791783015,-84.77605039594,-1.));
#4029 = CARTESIAN_POINT('',(160.18495728731,-85.51695263356,-1.));
#4030 = CARTESIAN_POINT('',(159.64710305653,-86.26424551887,-1.));
#4031 = CARTESIAN_POINT('',(159.0707382625,-86.95881864863,-1.));
#4032 = CARTESIAN_POINT('',(158.48949454298,-87.65655932328,-1.));
#4033 = CARTESIAN_POINT('',(157.82821802883,-88.24402269863,-1.));
#4034 = CARTESIAN_POINT('',(157.1727149176,-88.79214572523,-1.));
#4035 = CARTESIAN_POINT('',(156.40841876125,-89.23109752194,-1.));
#4036 = CARTESIAN_POINT('',(155.59698808613,-89.50225232761,-1.));
#4037 = CARTESIAN_POINT('',(154.75446153846,-89.60544615384,-1.));
#4038 = CARTESIAN_POINT('',(153.89,-89.54,-1.));
#4039 = CARTESIAN_POINT('',(164.60464436149,-80.25156539492,-0.5));
#4040 = CARTESIAN_POINT('',(164.57143425779,-80.27496815093,-0.5));
#4041 = CARTESIAN_POINT('',(164.53822415408,-80.29837090693,-0.5));
#4042 = CARTESIAN_POINT('',(164.50501405037,-80.32177366294,-0.5));
#4043 = CARTESIAN_POINT('',(164.47180394667,-80.34517641894,-0.5));
#4044 = CARTESIAN_POINT('',(164.43859384297,-80.36857917495,-0.5));
#4045 = CARTESIAN_POINT('',(164.40538373926,-80.39198193095,-0.5));
#4046 = CARTESIAN_POINT('',(164.37217363556,-80.41538468696,-0.5));
#4047 = CARTESIAN_POINT('',(164.33896353186,-80.43878744297,-0.5));
#4048 = CARTESIAN_POINT('',(164.30575342816,-80.46219019897,-0.5));
#4049 = CARTESIAN_POINT('',(164.27254332446,-80.48559295498,-0.5));
#4050 = CARTESIAN_POINT('',(164.23933322076,-80.50899571099,-0.5));
#4051 = CARTESIAN_POINT('',(164.20612311706,-80.532398467,-0.5));
#4052 = CARTESIAN_POINT('',(163.90934109759,-80.74153714517,-0.5));
#4053 = CARTESIAN_POINT('',(163.69746443053,-80.92608562439,-0.5));
#4054 = CARTESIAN_POINT('',(163.51492225294,-81.10082129072,
    -0.500000000001));
#4055 = CARTESIAN_POINT('',(163.35317833772,-81.26668938889,
    -0.499999999998));
#4056 = CARTESIAN_POINT('',(163.20650320758,-81.425936393,
    -0.500000000003));
#4057 = CARTESIAN_POINT('',(163.06996263712,-81.58056411362,
    -0.499999999996));
#4058 = CARTESIAN_POINT('',(162.93988339169,-81.73264620536,
    -0.500000000003));
#4059 = CARTESIAN_POINT('',(162.81394754847,-81.88438661577,
    -0.499999999997));
#4060 = CARTESIAN_POINT('',(162.69052120284,-82.03762549286,
    -0.500000000002));
#4061 = CARTESIAN_POINT('',(162.56805099538,-82.19340895791,
    -0.499999999999));
#4062 = CARTESIAN_POINT('',(162.4453636801,-82.35223542569,-0.5));
#4063 = CARTESIAN_POINT('',(162.32247895623,-82.51467236297,-0.5));
#4064 = CARTESIAN_POINT('',(161.71016091563,-83.3361549113,-0.5));
#4065 = CARTESIAN_POINT('',(161.21412098802,-84.04117892003,-0.5));
#4066 = CARTESIAN_POINT('',(160.70791783005,-84.77605039589,-0.5));
#4067 = CARTESIAN_POINT('',(160.18495728747,-85.51695263365,-0.5));
#4068 = CARTESIAN_POINT('',(159.64710305635,-86.26424551876,-0.5));
#4069 = CARTESIAN_POINT('',(159.07073826263,-86.95881864871,-0.5));
#4070 = CARTESIAN_POINT('',(158.48949454293,-87.65655932325,-0.5));
#4071 = CARTESIAN_POINT('',(157.82821802882,-88.24402269862,-0.5));
#4072 = CARTESIAN_POINT('',(157.17271491763,-88.79214572525,-0.5));
#4073 = CARTESIAN_POINT('',(156.40841876122,-89.23109752192,-0.5));
#4074 = CARTESIAN_POINT('',(155.59698808614,-89.50225232761,-0.5));
#4075 = CARTESIAN_POINT('',(154.75446153846,-89.60544615384,-0.5));
#4076 = CARTESIAN_POINT('',(153.89,-89.54,-0.5));
#4077 = ADVANCED_FACE('',(#4078),#4098,.T.);
#4078 = FACE_BOUND('',#4079,.F.);
#4079 = EDGE_LOOP('',(#4080,#4081,#4082,#4091));
#4080 = ORIENTED_EDGE('',*,*,#3787,.F.);
#4081 = ORIENTED_EDGE('',*,*,#3303,.T.);
#4082 = ORIENTED_EDGE('',*,*,#4083,.T.);
#4083 = EDGE_CURVE('',#3295,#4084,#4086,.T.);
#4084 = VERTEX_POINT('',#4085);
#4085 = CARTESIAN_POINT('',(225.82,-99.47,-0.5));
#4086 = CIRCLE('',#4087,0.5);
#4087 = AXIS2_PLACEMENT_3D('',#4088,#4089,#4090);
#4088 = CARTESIAN_POINT('',(225.32,-99.47,-0.5));
#4089 = DIRECTION('',(-9.E-17,-1.,0.));
#4090 = DIRECTION('',(1.,-9.E-17,0.));
#4091 = ORIENTED_EDGE('',*,*,#4092,.F.);
#4092 = EDGE_CURVE('',#3745,#4084,#4093,.T.);
#4093 = CIRCLE('',#4094,9.93);
#4094 = AXIS2_PLACEMENT_3D('',#4095,#4096,#4097);
#4095 = CARTESIAN_POINT('',(215.89,-99.47,-0.5));
#4096 = DIRECTION('',(0.,0.,-1.));
#4097 = DIRECTION('',(-1.717E-14,1.,0.));
#4098 = TOROIDAL_SURFACE('',#4099,9.43,0.5);
#4099 = AXIS2_PLACEMENT_3D('',#4100,#4101,#4102);
#4100 = CARTESIAN_POINT('',(215.89,-99.47,-0.5));
#4101 = DIRECTION('',(0.,0.,1.));
#4102 = DIRECTION('',(-1.717E-14,1.,0.));
#4103 = ADVANCED_FACE('',(#4104),#4124,.T.);
#4104 = FACE_BOUND('',#4105,.T.);
#4105 = EDGE_LOOP('',(#4106,#4107,#4108,#4117));
#4106 = ORIENTED_EDGE('',*,*,#3956,.F.);
#4107 = ORIENTED_EDGE('',*,*,#3156,.T.);
#4108 = ORIENTED_EDGE('',*,*,#4109,.T.);
#4109 = EDGE_CURVE('',#3157,#4110,#4112,.T.);
#4110 = VERTEX_POINT('',#4111);
#4111 = CARTESIAN_POINT('',(143.96,-99.47,-0.5));
#4112 = CIRCLE('',#4113,0.5);
#4113 = AXIS2_PLACEMENT_3D('',#4114,#4115,#4116);
#4114 = CARTESIAN_POINT('',(144.46,-99.47,-0.5));
#4115 = DIRECTION('',(1.03E-15,1.,-0.));
#4116 = DIRECTION('',(-1.,1.03E-15,0.));
#4117 = ORIENTED_EDGE('',*,*,#4118,.F.);
#4118 = EDGE_CURVE('',#3914,#4110,#4119,.T.);
#4119 = CIRCLE('',#4120,9.93);
#4120 = AXIS2_PLACEMENT_3D('',#4121,#4122,#4123);
#4121 = CARTESIAN_POINT('',(153.89,-99.47,-0.5));
#4122 = DIRECTION('',(0.,-0.,1.));
#4123 = DIRECTION('',(1.717E-14,1.,0.));
#4124 = TOROIDAL_SURFACE('',#4125,9.43,0.5);
#4125 = AXIS2_PLACEMENT_3D('',#4126,#4127,#4128);
#4126 = CARTESIAN_POINT('',(153.89,-99.47,-0.5));
#4127 = DIRECTION('',(0.,0.,1.));
#4128 = DIRECTION('',(1.717E-14,1.,0.));
#4129 = ADVANCED_FACE('',(#4130),#4150,.T.);
#4130 = FACE_BOUND('',#4131,.F.);
#4131 = EDGE_LOOP('',(#4132,#4133,#4134,#4143));
#4132 = ORIENTED_EDGE('',*,*,#4083,.F.);
#4133 = ORIENTED_EDGE('',*,*,#3294,.T.);
#4134 = ORIENTED_EDGE('',*,*,#4135,.T.);
#4135 = EDGE_CURVE('',#3252,#4136,#4138,.T.);
#4136 = VERTEX_POINT('',#4137);
#4137 = CARTESIAN_POINT('',(215.89,-109.4,-0.5));
#4138 = CIRCLE('',#4139,0.5);
#4139 = AXIS2_PLACEMENT_3D('',#4140,#4141,#4142);
#4140 = CARTESIAN_POINT('',(215.89,-108.9,-0.5));
#4141 = DIRECTION('',(-1.,2.303E-14,0.));
#4142 = DIRECTION('',(-2.303E-14,-1.,0.));
#4143 = ORIENTED_EDGE('',*,*,#4144,.F.);
#4144 = EDGE_CURVE('',#4084,#4136,#4145,.T.);
#4145 = CIRCLE('',#4146,9.93);
#4146 = AXIS2_PLACEMENT_3D('',#4147,#4148,#4149);
#4147 = CARTESIAN_POINT('',(215.89,-99.47,-0.5));
#4148 = DIRECTION('',(0.,0.,-1.));
#4149 = DIRECTION('',(1.,0.,0.));
#4150 = TOROIDAL_SURFACE('',#4151,9.43,0.5);
#4151 = AXIS2_PLACEMENT_3D('',#4152,#4153,#4154);
#4152 = CARTESIAN_POINT('',(215.89,-99.47,-0.5));
#4153 = DIRECTION('',(0.,0.,1.));
#4154 = DIRECTION('',(1.,0.,0.));
#4155 = ADVANCED_FACE('',(#4156),#4176,.T.);
#4156 = FACE_BOUND('',#4157,.T.);
#4157 = EDGE_LOOP('',(#4158,#4159,#4160,#4169));
#4158 = ORIENTED_EDGE('',*,*,#4109,.F.);
#4159 = ORIENTED_EDGE('',*,*,#3165,.T.);
#4160 = ORIENTED_EDGE('',*,*,#4161,.T.);
#4161 = EDGE_CURVE('',#3166,#4162,#4164,.T.);
#4162 = VERTEX_POINT('',#4163);
#4163 = CARTESIAN_POINT('',(153.89,-109.4,-0.5));
#4164 = CIRCLE('',#4165,0.5);
#4165 = AXIS2_PLACEMENT_3D('',#4166,#4167,#4168);
#4166 = CARTESIAN_POINT('',(153.89,-108.9,-0.5));
#4167 = DIRECTION('',(-1.,-1.681E-14,0.));
#4168 = DIRECTION('',(1.681E-14,-1.,0.));
#4169 = ORIENTED_EDGE('',*,*,#4170,.F.);
#4170 = EDGE_CURVE('',#4110,#4162,#4171,.T.);
#4171 = CIRCLE('',#4172,9.93);
#4172 = AXIS2_PLACEMENT_3D('',#4173,#4174,#4175);
#4173 = CARTESIAN_POINT('',(153.89,-99.47,-0.5));
#4174 = DIRECTION('',(0.,0.,1.));
#4175 = DIRECTION('',(-1.,0.,0.));
#4176 = TOROIDAL_SURFACE('',#4177,9.43,0.5);
#4177 = AXIS2_PLACEMENT_3D('',#4178,#4179,#4180);
#4178 = CARTESIAN_POINT('',(153.89,-99.47,-0.5));
#4179 = DIRECTION('',(0.,0.,1.));
#4180 = DIRECTION('',(-1.,0.,0.));
#4181 = ADVANCED_FACE('',(#4182),#4248,.T.);
#4182 = FACE_BOUND('',#4183,.T.);
#4183 = EDGE_LOOP('',(#4184,#4185,#4228,#4247));
#4184 = ORIENTED_EDGE('',*,*,#4135,.T.);
#4185 = ORIENTED_EDGE('',*,*,#4186,.T.);
#4186 = EDGE_CURVE('',#4136,#4187,#4189,.T.);
#4187 = VERTEX_POINT('',#4188);
#4188 = CARTESIAN_POINT('',(207.645,-116.1735,-0.5));
#4189 = B_SPLINE_CURVE_WITH_KNOTS('',13,(#4190,#4191,#4192,#4193,#4194,
    #4195,#4196,#4197,#4198,#4199,#4200,#4201,#4202,#4203,#4204,#4205,
    #4206,#4207,#4208,#4209,#4210,#4211,#4212,#4213,#4214,#4215,#4216,
    #4217,#4218,#4219,#4220,#4221,#4222,#4223,#4224,#4225,#4226,#4227),
  .UNSPECIFIED.,.F.,.F.,(14,12,12,14),(42.369066488675,53.542117927204,
    56.361676531966,56.716941368773),.UNSPECIFIED.);
#4190 = CARTESIAN_POINT('',(215.89,-109.4,-0.5));
#4191 = CARTESIAN_POINT('',(215.02553846163,-109.3345538462,-0.5));
#4192 = CARTESIAN_POINT('',(214.18301191341,-109.4377476721,
    -0.499999999999));
#4193 = CARTESIAN_POINT('',(213.37158123994,-109.7089024786,
    -0.500000000003));
#4194 = CARTESIAN_POINT('',(212.6072850801,-110.1478542735,
    -0.499999999994));
#4195 = CARTESIAN_POINT('',(211.95178197452,-110.6959773031,
    -0.500000000008));
#4196 = CARTESIAN_POINT('',(211.29050545309,-111.2834406746,
    -0.49999999999));
#4197 = CARTESIAN_POINT('',(210.70926174117,-111.9811813532,
    -0.500000000009));
#4198 = CARTESIAN_POINT('',(210.13289694066,-112.6757544796,
    -0.499999999993));
#4199 = CARTESIAN_POINT('',(209.59504271439,-113.4230473673,
    -0.500000000004));
#4200 = CARTESIAN_POINT('',(209.07208216902,-114.1639496036,
    -0.499999999998));
#4201 = CARTESIAN_POINT('',(208.5658790123,-114.8988210801,
    -0.500000000001));
#4202 = CARTESIAN_POINT('',(208.0698390843,-115.6038450886,-0.5));
#4203 = CARTESIAN_POINT('',(207.45752104377,-116.425327637,-0.5));
#4204 = CARTESIAN_POINT('',(207.33463631991,-116.5877645743,-0.5));
#4205 = CARTESIAN_POINT('',(207.21194900456,-116.746591042,-0.5));
#4206 = CARTESIAN_POINT('',(207.08947879726,-116.9023745071,
    -0.499999999999));
#4207 = CARTESIAN_POINT('',(206.96605245139,-117.0556133842,
    -0.500000000001));
#4208 = CARTESIAN_POINT('',(206.84011660844,-117.2073537945,
    -0.499999999998));
#4209 = CARTESIAN_POINT('',(206.71003736272,-117.3594358864,
    -0.500000000002));
#4210 = CARTESIAN_POINT('',(206.57349679258,-117.5140636069,
    -0.499999999998));
#4211 = CARTESIAN_POINT('',(206.42682166213,-117.6733106111,
    -0.500000000001));
#4212 = CARTESIAN_POINT('',(206.26507774715,-117.8391787092,
    -0.499999999999));
#4213 = CARTESIAN_POINT('',(206.08253556942,-118.0139143755,-0.5));
#4214 = CARTESIAN_POINT('',(205.87065890241,-118.1984628548,-0.5));
#4215 = CARTESIAN_POINT('',(205.57387688293,-118.4076015329,-0.5));
#4216 = CARTESIAN_POINT('',(205.54066677923,-118.431004289,-0.5));
#4217 = CARTESIAN_POINT('',(205.50745667553,-118.454407045,-0.5));
#4218 = CARTESIAN_POINT('',(205.47424657183,-118.477809801,-0.5));
#4219 = CARTESIAN_POINT('',(205.44103646813,-118.501212557,-0.5));
#4220 = CARTESIAN_POINT('',(205.40782636443,-118.524615313,-0.5));
#4221 = CARTESIAN_POINT('',(205.37461626072,-118.548018069,-0.5));
#4222 = CARTESIAN_POINT('',(205.34140615702,-118.571420825,-0.5));
#4223 = CARTESIAN_POINT('',(205.30819605332,-118.594823581,-0.5));
#4224 = CARTESIAN_POINT('',(205.27498594961,-118.618226337,-0.5));
#4225 = CARTESIAN_POINT('',(205.24177584591,-118.641629093,-0.5));
#4226 = CARTESIAN_POINT('',(205.2085657422,-118.665031849,-0.5));
#4227 = CARTESIAN_POINT('',(205.1753556385,-118.688434605,-0.5));
#4228 = ORIENTED_EDGE('',*,*,#4229,.F.);
#4229 = EDGE_CURVE('',#3239,#4187,#4230,.T.);
#4230 = B_SPLINE_CURVE_WITH_KNOTS('',8,(#4231,#4232,#4233,#4234,#4235,
    #4236,#4237,#4238,#4239,#4240,#4241,#4242,#4243,#4244,#4245,#4246),
  .UNSPECIFIED.,.F.,.F.,(9,7,9),(0.,0.500003325298,1.),.UNSPECIFIED.);
#4231 = CARTESIAN_POINT('',(207.26129523995,-115.852216226,-1.));
#4232 = CARTESIAN_POINT('',(207.29523142365,-115.880610973,
    -0.999999950783));
#4233 = CARTESIAN_POINT('',(207.33058571237,-115.9101898037,
    -0.995533589513));
#4234 = CARTESIAN_POINT('',(207.36684597265,-115.9405428318,
    -0.985946154527));
#4235 = CARTESIAN_POINT('',(207.40332096876,-115.9710670803,
    -0.970699195821));
#4236 = CARTESIAN_POINT('',(207.43909553511,-116.0010220976,
    -0.949481293142));
#4237 = CARTESIAN_POINT('',(207.47314786204,-116.0295337832,
    -0.922433996326));
#4238 = CARTESIAN_POINT('',(207.50456096895,-116.0558417783,
    -0.890159378592));
#4239 = CARTESIAN_POINT('',(207.56073577772,-116.1028926439,
    -0.816947889495));
#4240 = CARTESIAN_POINT('',(207.58549763428,-116.1236359951,
    -0.776010982924));
#4241 = CARTESIAN_POINT('',(207.60624927551,-116.1410225069,
    -0.73163606306));
#4242 = CARTESIAN_POINT('',(207.62252388898,-116.1546595265,
    -0.68502391107));
#4243 = CARTESIAN_POINT('',(207.63422342892,-116.164463589,
    -0.637499492637));
#4244 = CARTESIAN_POINT('',(207.64157587334,-116.1706249746,
    -0.590260222726));
#4245 = CARTESIAN_POINT('',(207.64500302654,-116.1734969615,
    -0.544205836089));
#4246 = CARTESIAN_POINT('',(207.64500288041,-116.1734968376,-0.5));
#4247 = ORIENTED_EDGE('',*,*,#3251,.F.);
#4248 = ( BOUNDED_SURFACE() B_SPLINE_SURFACE(2,13,(
    (#4249,#4250,#4251,#4252,#4253,#4254,#4255,#4256,#4257,#4258,#4259
      ,#4260,#4261,#4262,#4263,#4264,#4265,#4266,#4267,#4268,#4269,#4270
      ,#4271,#4272,#4273,#4274,#4275,#4276,#4277,#4278,#4279,#4280,#4281
      ,#4282,#4283,#4284,#4285,#4286)
    ,(#4287,#4288,#4289,#4290,#4291,#4292,#4293,#4294,#4295,#4296,#4297
      ,#4298,#4299,#4300,#4301,#4302,#4303,#4304,#4305,#4306,#4307,#4308
      ,#4309,#4310,#4311,#4312,#4313,#4314,#4315,#4316,#4317,#4318,#4319
      ,#4320,#4321,#4322,#4323,#4324)
    ,(#4325,#4326,#4327,#4328,#4329,#4330,#4331,#4332,#4333,#4334,#4335
      ,#4336,#4337,#4338,#4339,#4340,#4341,#4342,#4343,#4344,#4345,#4346
      ,#4347,#4348,#4349,#4350,#4351,#4352,#4353,#4354,#4355,#4356,#4357
      ,#4358,#4359,#4360,#4361,#4362
)),.UNSPECIFIED.,.F.,.F.,.F.) B_SPLINE_SURFACE_WITH_KNOTS((3,3),(14,12,
    12,14),(0.,13.99261004329),(42.369066488675,53.542117927204,
    56.361676531966,56.716941368773),.UNSPECIFIED.) 
GEOMETRIC_REPRESENTATION_ITEM() RATIONAL_B_SPLINE_SURFACE((
    (1.,1.,1.,1.,1.,1.,1.,1.,1.,1.,1.,1.,1.,1.,1.,1.,1.,1.,1.,1.,1.,1.
      ,1.,1.,1.,1.,1.,1.,1.,1.,1.,1.,1.,1.,1.,1.,1.,1.)
    ,(0.707106781187,0.707106781187,0.707106781185,0.707106781192
      ,0.707106781176,0.707106781202,0.707106781169,0.707106781203
      ,0.707106781173,0.707106781195,0.707106781183,0.707106781188
      ,0.707106781186,0.707106781187,0.707106781186,0.707106781188
      ,0.707106781184,0.707106781191,0.70710678118,0.707106781193
      ,0.707106781181,0.70710678119,0.707106781185,0.707106781187
      ,0.707106781186,0.707106781187,0.707106781187,0.707106781187
      ,0.707106781187,0.707106781187,0.707106781187,0.707106781187
      ,0.707106781187,0.707106781187,0.707106781187,0.707106781187
      ,0.707106781187,0.707106781187)
    ,(1.,1.,1.,1.,1.,1.,1.,1.,1.,1.,1.,1.,1.,1.,1.,1.,1.,1.,1.,1.,1.,1.
      ,1.,1.,1.,1.,1.,1.,1.,1.,1.,1.,1.,1.,1.,1.,1.,1.
))) REPRESENTATION_ITEM('') SURFACE() );
#4249 = CARTESIAN_POINT('',(215.89,-108.9,-1.));
#4250 = CARTESIAN_POINT('',(214.94490708,-108.8345538462,-1.));
#4251 = CARTESIAN_POINT('',(214.02178935367,-108.9518520311,
    -0.999999999998));
#4252 = CARTESIAN_POINT('',(213.13844463398,-109.2509926236,
    -1.000000000006));
#4253 = CARTESIAN_POINT('',(212.31938606844,-109.7273544943,
    -0.999999999989));
#4254 = CARTESIAN_POINT('',(211.63012846228,-110.3071713313,
    -1.000000000016));
#4255 = CARTESIAN_POINT('',(210.93688732403,-110.9218926057,
    -0.999999999982));
#4256 = CARTESIAN_POINT('',(210.33804722406,-111.6447365313,
    -1.000000000017));
#4257 = CARTESIAN_POINT('',(209.74445232211,-112.3576372944,
    -0.999999999987));
#4258 = CARTESIAN_POINT('',(209.19611311829,-113.1211024426,
    -1.000000000008));
#4259 = CARTESIAN_POINT('',(208.66475382708,-113.8734781528,
    -0.999999999996));
#4260 = CARTESIAN_POINT('',(208.15330987193,-114.6163589122,
    -1.000000000001));
#4261 = CARTESIAN_POINT('',(207.65462615143,-115.3252776749,-1.));
#4262 = CARTESIAN_POINT('',(207.04318943512,-116.145453703,-1.));
#4263 = CARTESIAN_POINT('',(206.9206936742,-116.3073142812,-1.));
#4264 = CARTESIAN_POINT('',(206.79862943613,-116.4652196007,
    -1.000000000001));
#4265 = CARTESIAN_POINT('',(206.67701971142,-116.6197359399,
    -0.999999999998));
#4266 = CARTESIAN_POINT('',(206.55470943079,-116.7713401658,
    -1.000000000003));
#4267 = CARTESIAN_POINT('',(206.43014348449,-116.9210932206,
    -0.999999999995));
#4268 = CARTESIAN_POINT('',(206.30163290569,-117.070931961,
    -1.000000000005));
#4269 = CARTESIAN_POINT('',(206.16674964366,-117.2232302024,
    -0.999999999996));
#4270 = CARTESIAN_POINT('',(206.02168578918,-117.3802503393,
    -1.000000000003));
#4271 = CARTESIAN_POINT('',(205.86139270183,-117.5441383268,
    -0.999999999999));
#4272 = CARTESIAN_POINT('',(205.68008002146,-117.7172075681,
    -1.000000000001));
#4273 = CARTESIAN_POINT('',(205.46920319409,-117.9004108913,-1.));
#4274 = CARTESIAN_POINT('',(205.17328861735,-118.1083874494,-1.));
#4275 = CARTESIAN_POINT('',(205.1401545517,-118.1316749434,-1.));
#4276 = CARTESIAN_POINT('',(205.10699945667,-118.1549772174,-1.));
#4277 = CARTESIAN_POINT('',(205.07382333227,-118.1782942713,-1.));
#4278 = CARTESIAN_POINT('',(205.0406261785,-118.2016261053,-1.));
#4279 = CARTESIAN_POINT('',(205.00740799536,-118.2249727193,-1.));
#4280 = CARTESIAN_POINT('',(204.97416878285,-118.2483341133,-1.));
#4281 = CARTESIAN_POINT('',(204.94090854097,-118.2717102872,-1.));
#4282 = CARTESIAN_POINT('',(204.90762726972,-118.2951012412,-1.));
#4283 = CARTESIAN_POINT('',(204.87432496909,-118.3185069751,-1.));
#4284 = CARTESIAN_POINT('',(204.8410016391,-118.3419274891,-1.));
#4285 = CARTESIAN_POINT('',(204.80765727973,-118.365362783,-1.));
#4286 = CARTESIAN_POINT('',(204.77429189099,-118.388812857,-1.));
#4287 = CARTESIAN_POINT('',(215.89,-109.4,-1.));
#4288 = CARTESIAN_POINT('',(215.02553846153,-109.3345538461,-1.));
#4289 = CARTESIAN_POINT('',(214.18301191386,-109.4377476723,-1.));
#4290 = CARTESIAN_POINT('',(213.37158123874,-109.708902478,-1.));
#4291 = CARTESIAN_POINT('',(212.60728508239,-110.1478542747,-1.));
#4292 = CARTESIAN_POINT('',(211.95178197116,-110.6959773014,
    -0.999999999999));
#4293 = CARTESIAN_POINT('',(211.29050545699,-111.2834406766,
    -1.000000000001));
#4294 = CARTESIAN_POINT('',(210.70926173752,-111.9811813513,
    -0.999999999999));
#4295 = CARTESIAN_POINT('',(210.13289694343,-112.6757544811,
    -1.000000000001));
#4296 = CARTESIAN_POINT('',(209.5950427127,-113.4230473664,-1.));
#4297 = CARTESIAN_POINT('',(209.07208216983,-114.163949604,-1.));
#4298 = CARTESIAN_POINT('',(208.56587901201,-114.8988210799,-1.));
#4299 = CARTESIAN_POINT('',(208.06983908436,-115.6038450886,-1.));
#4300 = CARTESIAN_POINT('',(207.45752104376,-116.425327637,-1.));
#4301 = CARTESIAN_POINT('',(207.33463631997,-116.5877645743,-1.));
#4302 = CARTESIAN_POINT('',(207.21194900438,-116.7465910419,-1.));
#4303 = CARTESIAN_POINT('',(207.08947879766,-116.9023745073,-1.));
#4304 = CARTESIAN_POINT('',(206.9660524507,-117.0556133837,-1.));
#4305 = CARTESIAN_POINT('',(206.84011660938,-117.2073537951,
    -1.000000000001));
#4306 = CARTESIAN_POINT('',(206.71003736172,-117.3594358857,
    -0.999999999999));
#4307 = CARTESIAN_POINT('',(206.57349679342,-117.5140636075,
    -1.000000000001));
#4308 = CARTESIAN_POINT('',(206.42682166157,-117.6733106107,-1.));
#4309 = CARTESIAN_POINT('',(206.26507774744,-117.8391787094,-1.));
#4310 = CARTESIAN_POINT('',(206.08253556931,-118.0139143755,-1.));
#4311 = CARTESIAN_POINT('',(205.87065890244,-118.1984628548,-1.));
#4312 = CARTESIAN_POINT('',(205.57387688292,-118.4076015329,-1.));
#4313 = CARTESIAN_POINT('',(205.54066677922,-118.431004289,-1.));
#4314 = CARTESIAN_POINT('',(205.50745667552,-118.454407045,-1.));
#4315 = CARTESIAN_POINT('',(205.47424657182,-118.477809801,-1.));
#4316 = CARTESIAN_POINT('',(205.44103646812,-118.501212557,-1.));
#4317 = CARTESIAN_POINT('',(205.40782636441,-118.524615313,-1.));
#4318 = CARTESIAN_POINT('',(205.37461626071,-118.548018069,-1.));
#4319 = CARTESIAN_POINT('',(205.34140615701,-118.571420825,-1.));
#4320 = CARTESIAN_POINT('',(205.30819605331,-118.594823581,-1.));
#4321 = CARTESIAN_POINT('',(205.27498594961,-118.618226337,-1.));
#4322 = CARTESIAN_POINT('',(205.2417758459,-118.641629093,-1.));
#4323 = CARTESIAN_POINT('',(205.2085657422,-118.665031849,-1.));
#4324 = CARTESIAN_POINT('',(205.1753556385,-118.688434605,-1.));
#4325 = CARTESIAN_POINT('',(215.89,-109.4,-0.5));
#4326 = CARTESIAN_POINT('',(215.02553846163,-109.3345538462,-0.5));
#4327 = CARTESIAN_POINT('',(214.18301191341,-109.4377476721,
    -0.499999999999));
#4328 = CARTESIAN_POINT('',(213.37158123994,-109.7089024786,
    -0.500000000003));
#4329 = CARTESIAN_POINT('',(212.6072850801,-110.1478542735,
    -0.499999999994));
#4330 = CARTESIAN_POINT('',(211.95178197452,-110.6959773031,
    -0.500000000008));
#4331 = CARTESIAN_POINT('',(211.29050545309,-111.2834406746,
    -0.49999999999));
#4332 = CARTESIAN_POINT('',(210.70926174117,-111.9811813532,
    -0.500000000009));
#4333 = CARTESIAN_POINT('',(210.13289694066,-112.6757544796,
    -0.499999999993));
#4334 = CARTESIAN_POINT('',(209.59504271439,-113.4230473673,
    -0.500000000004));
#4335 = CARTESIAN_POINT('',(209.07208216902,-114.1639496036,
    -0.499999999998));
#4336 = CARTESIAN_POINT('',(208.5658790123,-114.8988210801,
    -0.500000000001));
#4337 = CARTESIAN_POINT('',(208.0698390843,-115.6038450886,-0.5));
#4338 = CARTESIAN_POINT('',(207.45752104377,-116.425327637,-0.5));
#4339 = CARTESIAN_POINT('',(207.33463631991,-116.5877645743,-0.5));
#4340 = CARTESIAN_POINT('',(207.21194900456,-116.746591042,-0.5));
#4341 = CARTESIAN_POINT('',(207.08947879726,-116.9023745071,
    -0.499999999999));
#4342 = CARTESIAN_POINT('',(206.96605245139,-117.0556133842,
    -0.500000000001));
#4343 = CARTESIAN_POINT('',(206.84011660844,-117.2073537945,
    -0.499999999998));
#4344 = CARTESIAN_POINT('',(206.71003736272,-117.3594358864,
    -0.500000000002));
#4345 = CARTESIAN_POINT('',(206.57349679258,-117.5140636069,
    -0.499999999998));
#4346 = CARTESIAN_POINT('',(206.42682166213,-117.6733106111,
    -0.500000000001));
#4347 = CARTESIAN_POINT('',(206.26507774715,-117.8391787092,
    -0.499999999999));
#4348 = CARTESIAN_POINT('',(206.08253556942,-118.0139143755,-0.5));
#4349 = CARTESIAN_POINT('',(205.87065890241,-118.1984628548,-0.5));
#4350 = CARTESIAN_POINT('',(205.57387688293,-118.4076015329,-0.5));
#4351 = CARTESIAN_POINT('',(205.54066677923,-118.431004289,-0.5));
#4352 = CARTESIAN_POINT('',(205.50745667553,-118.454407045,-0.5));
#4353 = CARTESIAN_POINT('',(205.47424657183,-118.477809801,-0.5));
#4354 = CARTESIAN_POINT('',(205.44103646813,-118.501212557,-0.5));
#4355 = CARTESIAN_POINT('',(205.40782636443,-118.524615313,-0.5));
#4356 = CARTESIAN_POINT('',(205.37461626072,-118.548018069,-0.5));
#4357 = CARTESIAN_POINT('',(205.34140615702,-118.571420825,-0.5));
#4358 = CARTESIAN_POINT('',(205.30819605332,-118.594823581,-0.5));
#4359 = CARTESIAN_POINT('',(205.27498594961,-118.618226337,-0.5));
#4360 = CARTESIAN_POINT('',(205.24177584591,-118.641629093,-0.5));
#4361 = CARTESIAN_POINT('',(205.2085657422,-118.665031849,-0.5));
#4362 = CARTESIAN_POINT('',(205.1753556385,-118.688434605,-0.5));
#4363 = ADVANCED_FACE('',(#4364),#4440,.F.);
#4364 = FACE_BOUND('',#4365,.F.);
#4365 = EDGE_LOOP('',(#4366,#4367,#4410,#4439));
#4366 = ORIENTED_EDGE('',*,*,#4161,.T.);
#4367 = ORIENTED_EDGE('',*,*,#4368,.T.);
#4368 = EDGE_CURVE('',#4162,#4369,#4371,.T.);
#4369 = VERTEX_POINT('',#4370);
#4370 = CARTESIAN_POINT('',(162.135,-116.1735,-0.5));
#4371 = B_SPLINE_CURVE_WITH_KNOTS('',13,(#4372,#4373,#4374,#4375,#4376,
    #4377,#4378,#4379,#4380,#4381,#4382,#4383,#4384,#4385,#4386,#4387,
    #4388,#4389,#4390,#4391,#4392,#4393,#4394,#4395,#4396,#4397,#4398,
    #4399,#4400,#4401,#4402,#4403,#4404,#4405,#4406,#4407,#4408,#4409),
  .UNSPECIFIED.,.F.,.F.,(14,12,12,14),(42.369066488675,53.542117927204,
    56.361676531966,56.716941368774),.UNSPECIFIED.);
#4372 = CARTESIAN_POINT('',(153.89,-109.4,-0.5));
#4373 = CARTESIAN_POINT('',(154.7544615385,-109.3345538461,-0.5));
#4374 = CARTESIAN_POINT('',(155.59698808596,-109.4377476722,
    -0.499999999999));
#4375 = CARTESIAN_POINT('',(156.40841876169,-109.7089024783,
    -0.500000000001));
#4376 = CARTESIAN_POINT('',(157.17271491679,-110.1478542741,
    -0.499999999997));
#4377 = CARTESIAN_POINT('',(157.82821802996,-110.6959773021,
    -0.500000000004));
#4378 = CARTESIAN_POINT('',(158.48949454174,-111.2834406758,
    -0.499999999996));
#4379 = CARTESIAN_POINT('',(159.07073826358,-111.9811813521,
    -0.500000000004));
#4380 = CARTESIAN_POINT('',(159.64710305578,-112.6757544806,
    -0.499999999998));
#4381 = CARTESIAN_POINT('',(160.18495728772,-113.4230473667,
    -0.500000000001));
#4382 = CARTESIAN_POINT('',(160.70791782997,-114.1639496039,
    -0.499999999999));
#4383 = CARTESIAN_POINT('',(161.21412098804,-114.89882108,-0.5));
#4384 = CARTESIAN_POINT('',(161.71016091563,-115.6038450886,-0.5));
#4385 = CARTESIAN_POINT('',(162.32247895623,-116.425327637,-0.5));
#4386 = CARTESIAN_POINT('',(162.44536368004,-116.5877645743,-0.5));
#4387 = CARTESIAN_POINT('',(162.56805099556,-116.7465910419,-0.5));
#4388 = CARTESIAN_POINT('',(162.69052120244,-116.9023745074,
    -0.500000000001));
#4389 = CARTESIAN_POINT('',(162.81394754912,-117.0556133836,
    -0.499999999999));
#4390 = CARTESIAN_POINT('',(162.93988339081,-117.2073537953,
    -0.500000000001));
#4391 = CARTESIAN_POINT('',(163.0699626381,-117.3594358856,
    -0.499999999999));
#4392 = CARTESIAN_POINT('',(163.20650320669,-117.5140636076,
    -0.500000000001));
#4393 = CARTESIAN_POINT('',(163.35317833836,-117.6733106107,-0.5));
#4394 = CARTESIAN_POINT('',(163.51492225258,-117.8391787094,-0.5));
#4395 = CARTESIAN_POINT('',(163.69746443068,-118.0139143755,-0.5));
#4396 = CARTESIAN_POINT('',(163.90934109755,-118.1984628548,-0.5));
#4397 = CARTESIAN_POINT('',(164.20612311707,-118.4076015329,-0.5));
#4398 = CARTESIAN_POINT('',(164.23933322077,-118.431004289,-0.5));
#4399 = CARTESIAN_POINT('',(164.27254332447,-118.454407045,-0.5));
#4400 = CARTESIAN_POINT('',(164.30575342817,-118.477809801,-0.5));
#4401 = CARTESIAN_POINT('',(164.33896353187,-118.501212557,-0.5));
#4402 = CARTESIAN_POINT('',(164.37217363558,-118.524615313,-0.5));
#4403 = CARTESIAN_POINT('',(164.40538373928,-118.548018069,-0.5));
#4404 = CARTESIAN_POINT('',(164.43859384298,-118.571420825,-0.5));
#4405 = CARTESIAN_POINT('',(164.47180394668,-118.594823581,-0.5));
#4406 = CARTESIAN_POINT('',(164.50501405039,-118.618226337,-0.5));
#4407 = CARTESIAN_POINT('',(164.53822415409,-118.641629093,-0.5));
#4408 = CARTESIAN_POINT('',(164.57143425779,-118.665031849,-0.5));
#4409 = CARTESIAN_POINT('',(164.60464436149,-118.688434605,-0.5));
#4410 = ORIENTED_EDGE('',*,*,#4411,.F.);
#4411 = EDGE_CURVE('',#3175,#4369,#4412,.T.);
#4412 = B_SPLINE_CURVE_WITH_KNOTS('',7,(#4413,#4414,#4415,#4416,#4417,
    #4418,#4419,#4420,#4421,#4422,#4423,#4424,#4425,#4426,#4427,#4428,
    #4429,#4430,#4431,#4432,#4433,#4434,#4435,#4436,#4437,#4438),
  .UNSPECIFIED.,.F.,.F.,(8,6,6,6,8),(0.,0.49996135851,0.739979852956,
    0.859989150698,1.),.UNSPECIFIED.);
#4413 = CARTESIAN_POINT('',(162.51870495178,-115.8522164357,-1.));
#4414 = CARTESIAN_POINT('',(162.4799201466,-115.8846661873,
    -1.00000020907));
#4415 = CARTESIAN_POINT('',(162.43924598195,-115.9187010391,
    -0.994043417204));
#4416 = CARTESIAN_POINT('',(162.39749944706,-115.9536414875,
    -0.981090925805));
#4417 = CARTESIAN_POINT('',(162.35585699255,-115.9885004666,
    -0.960303123176));
#4418 = CARTESIAN_POINT('',(162.31598538327,-116.0218855118,
    -0.931448548659));
#4419 = CARTESIAN_POINT('',(162.27945154651,-116.0524809777,
    -0.895388808672));
#4420 = CARTESIAN_POINT('',(162.23194101031,-116.0922748267,
    -0.833469290311));
#4421 = CARTESIAN_POINT('',(162.21755246055,-116.104327404,
    -0.812054164955));
#4422 = CARTESIAN_POINT('',(162.20430750536,-116.1154229222,
    -0.789466546788));
#4423 = CARTESIAN_POINT('',(162.19230367662,-116.1254794246,
    -0.765897473405));
#4424 = CARTESIAN_POINT('',(162.18160594563,-116.1344422328,
    -0.741557517652));
#4425 = CARTESIAN_POINT('',(162.17224466401,-116.1422857005,
    -0.716663027016));
#4426 = CARTESIAN_POINT('',(162.16020740117,-116.1523716461,
    -0.678800839903));
#4427 = CARTESIAN_POINT('',(162.15652917429,-116.1554536815,
    -0.666093215009));
#4428 = CARTESIAN_POINT('',(162.15318493283,-116.1582559236,
    -0.653325058545));
#4429 = CARTESIAN_POINT('',(162.15017280096,-116.1607799252,
    -0.640521733637));
#4430 = CARTESIAN_POINT('',(162.14748923688,-116.163028638,-0.6277076058
    ));
#4431 = CARTESIAN_POINT('',(162.14512903276,-116.1650064127,
    -0.614906042932));
#4432 = CARTESIAN_POINT('',(162.14070097711,-116.1687170156,
    -0.587245016228));
#4433 = CARTESIAN_POINT('',(162.13874819691,-116.1703544256,
    -0.572397884239));
#4434 = CARTESIAN_POINT('',(162.13721499692,-116.1716392507,
    -0.557633272712));
#4435 = CARTESIAN_POINT('',(162.1360882962,-116.1725819985,
    -0.542983432196));
#4436 = CARTESIAN_POINT('',(162.13535391019,-116.1731956616,
    -0.528477610429));
#4437 = CARTESIAN_POINT('',(162.13499655064,-116.1734957175,
    -0.514142052333));
#4438 = CARTESIAN_POINT('',(162.13499982566,-116.173500129,
    -0.500000000017));
#4439 = ORIENTED_EDGE('',*,*,#3174,.F.);
#4440 = ( BOUNDED_SURFACE() B_SPLINE_SURFACE(2,13,(
    (#4441,#4442,#4443,#4444,#4445,#4446,#4447,#4448,#4449,#4450,#4451
      ,#4452,#4453,#4454,#4455,#4456,#4457,#4458,#4459,#4460,#4461,#4462
      ,#4463,#4464,#4465,#4466,#4467,#4468,#4469,#4470,#4471,#4472,#4473
      ,#4474,#4475,#4476,#4477,#4478)
    ,(#4479,#4480,#4481,#4482,#4483,#4484,#4485,#4486,#4487,#4488,#4489
      ,#4490,#4491,#4492,#4493,#4494,#4495,#4496,#4497,#4498,#4499,#4500
      ,#4501,#4502,#4503,#4504,#4505,#4506,#4507,#4508,#4509,#4510,#4511
      ,#4512,#4513,#4514,#4515,#4516)
    ,(#4517,#4518,#4519,#4520,#4521,#4522,#4523,#4524,#4525,#4526,#4527
      ,#4528,#4529,#4530,#4531,#4532,#4533,#4534,#4535,#4536,#4537,#4538
      ,#4539,#4540,#4541,#4542,#4543,#4544,#4545,#4546,#4547,#4548,#4549
      ,#4550,#4551,#4552,#4553,#4554
)),.UNSPECIFIED.,.F.,.F.,.F.) B_SPLINE_SURFACE_WITH_KNOTS((3,3),(14,12,
    12,14),(0.,13.992610043291),(42.369066488675,53.542117927204,
    56.361676531966,56.716941368774),.UNSPECIFIED.) 
GEOMETRIC_REPRESENTATION_ITEM() RATIONAL_B_SPLINE_SURFACE((
    (1.,1.,1.,1.,1.,1.,1.,1.,1.,1.,1.,1.,1.,1.,1.,1.,1.,1.,1.,1.,1.,1.
      ,1.,1.,1.,1.,1.,1.,1.,1.,1.,1.,1.,1.,1.,1.,1.,1.)
    ,(0.707106781187,0.707106781187,0.707106781186,0.707106781189
      ,0.707106781182,0.707106781193,0.70710678118,0.707106781193
      ,0.707106781182,0.707106781189,0.707106781185,0.707106781187
      ,0.707106781186,0.707106781187,0.707106781186,0.707106781187
      ,0.707106781186,0.707106781187,0.707106781186,0.707106781187
      ,0.707106781186,0.707106781187,0.707106781186,0.707106781187
      ,0.707106781187,0.707106781187,0.707106781187,0.707106781187
      ,0.707106781187,0.707106781187,0.707106781187,0.707106781187
      ,0.707106781187,0.707106781187,0.707106781187,0.707106781187
      ,0.707106781187,0.707106781187)
    ,(1.,1.,1.,1.,1.,1.,1.,1.,1.,1.,1.,1.,1.,1.,1.,1.,1.,1.,1.,1.,1.,1.
      ,1.,1.,1.,1.,1.,1.,1.,1.,1.,1.,1.,1.,1.,1.,1.,1.
))) REPRESENTATION_ITEM('') SURFACE() );
#4441 = CARTESIAN_POINT('',(153.89,-108.9,-1.));
#4442 = CARTESIAN_POINT('',(154.83509292014,-108.8345538461,-1.));
#4443 = CARTESIAN_POINT('',(155.7582106457,-108.9518520312,
    -0.999999999999));
#4444 = CARTESIAN_POINT('',(156.64155536765,-109.2509926232,
    -1.000000000003));
#4445 = CARTESIAN_POINT('',(157.46061392846,-109.7273544949,
    -0.999999999995));
#4446 = CARTESIAN_POINT('',(158.14987154221,-110.3071713303,
    -1.000000000007));
#4447 = CARTESIAN_POINT('',(158.8431126708,-110.9218926068,
    -0.999999999993));
#4448 = CARTESIAN_POINT('',(159.4419527807,-111.6447365302,
    -1.000000000006));
#4449 = CARTESIAN_POINT('',(160.03554767433,-112.3576372954,
    -0.999999999996));
#4450 = CARTESIAN_POINT('',(160.58388688383,-113.121102442,
    -1.000000000002));
#4451 = CARTESIAN_POINT('',(161.11524617191,-113.8734781531,
    -0.999999999999));
#4452 = CARTESIAN_POINT('',(161.62669012841,-114.6163589121,-1.));
#4453 = CARTESIAN_POINT('',(162.1253738485,-115.3252776749,-1.));
#4454 = CARTESIAN_POINT('',(162.73681056488,-116.145453703,-1.));
#4455 = CARTESIAN_POINT('',(162.85930632574,-116.3073142812,-1.));
#4456 = CARTESIAN_POINT('',(162.98137056399,-116.4652196006,-1.));
#4457 = CARTESIAN_POINT('',(163.10298028827,-116.6197359402,
    -1.000000000001));
#4458 = CARTESIAN_POINT('',(163.22529056973,-116.7713401652,
    -0.999999999999));
#4459 = CARTESIAN_POINT('',(163.34985651475,-116.9210932213,
    -1.000000000002));
#4460 = CARTESIAN_POINT('',(163.47836709514,-117.0709319603,
    -0.999999999999));
#4461 = CARTESIAN_POINT('',(163.61325035559,-117.223230203,
    -1.000000000001));
#4462 = CARTESIAN_POINT('',(163.75831421132,-117.3802503389,
    -0.999999999999));
#4463 = CARTESIAN_POINT('',(163.91860729789,-117.544138327,-1.));
#4464 = CARTESIAN_POINT('',(164.09991997863,-117.717207568,-1.));
#4465 = CARTESIAN_POINT('',(164.31079680587,-117.9004108913,-1.));
#4466 = CARTESIAN_POINT('',(164.60671138264,-118.1083874494,-1.));
#4467 = CARTESIAN_POINT('',(164.6398454483,-118.1316749434,-1.));
#4468 = CARTESIAN_POINT('',(164.67300054333,-118.1549772173,-1.));
#4469 = CARTESIAN_POINT('',(164.70617666773,-118.1782942713,-1.));
#4470 = CARTESIAN_POINT('',(164.7393738215,-118.2016261053,-1.));
#4471 = CARTESIAN_POINT('',(164.77259200464,-118.2249727193,-1.));
#4472 = CARTESIAN_POINT('',(164.80583121715,-118.2483341133,-1.));
#4473 = CARTESIAN_POINT('',(164.83909145903,-118.2717102872,-1.));
#4474 = CARTESIAN_POINT('',(164.87237273028,-118.2951012412,-1.));
#4475 = CARTESIAN_POINT('',(164.90567503091,-118.3185069751,-1.));
#4476 = CARTESIAN_POINT('',(164.9389983609,-118.3419274891,-1.));
#4477 = CARTESIAN_POINT('',(164.97234272026,-118.365362783,-1.));
#4478 = CARTESIAN_POINT('',(165.005708109,-118.388812857,-1.));
#4479 = CARTESIAN_POINT('',(153.89,-109.4,-1.));
#4480 = CARTESIAN_POINT('',(154.75446153846,-109.3345538461,-1.));
#4481 = CARTESIAN_POINT('',(155.59698808613,-109.4377476723,-1.));
#4482 = CARTESIAN_POINT('',(156.40841876124,-109.708902478,-1.));
#4483 = CARTESIAN_POINT('',(157.17271491761,-110.1478542747,-1.));
#4484 = CARTESIAN_POINT('',(157.82821802881,-110.6959773013,-1.));
#4485 = CARTESIAN_POINT('',(158.48949454301,-111.2834406767,-1.));
#4486 = CARTESIAN_POINT('',(159.07073826247,-111.9811813513,-1.));
#4487 = CARTESIAN_POINT('',(159.64710305655,-112.6757544811,-1.));
#4488 = CARTESIAN_POINT('',(160.1849572873,-113.4230473664,-1.));
#4489 = CARTESIAN_POINT('',(160.70791783015,-114.163949604,-1.));
#4490 = CARTESIAN_POINT('',(161.21412098798,-114.8988210799,-1.));
#4491 = CARTESIAN_POINT('',(161.71016091563,-115.6038450886,-1.));
#4492 = CARTESIAN_POINT('',(162.32247895623,-116.425327637,-1.));
#4493 = CARTESIAN_POINT('',(162.44536368002,-116.5877645743,-1.));
#4494 = CARTESIAN_POINT('',(162.56805099562,-116.7465910419,-1.));
#4495 = CARTESIAN_POINT('',(162.69052120232,-116.9023745073,-1.));
#4496 = CARTESIAN_POINT('',(162.81394754931,-117.0556133838,-1.));
#4497 = CARTESIAN_POINT('',(162.93988339059,-117.2073537951,-1.));
#4498 = CARTESIAN_POINT('',(163.0699626383,-117.3594358858,-1.));
#4499 = CARTESIAN_POINT('',(163.20650320655,-117.5140636075,-1.));
#4500 = CARTESIAN_POINT('',(163.35317833844,-117.6733106107,-1.));
#4501 = CARTESIAN_POINT('',(163.51492225254,-117.8391787094,-1.));
#4502 = CARTESIAN_POINT('',(163.69746443069,-118.0139143755,-1.));
#4503 = CARTESIAN_POINT('',(163.90934109755,-118.1984628548,-1.));
#4504 = CARTESIAN_POINT('',(164.20612311707,-118.4076015329,-1.));
#4505 = CARTESIAN_POINT('',(164.23933322077,-118.431004289,-1.));
#4506 = CARTESIAN_POINT('',(164.27254332447,-118.454407045,-1.));
#4507 = CARTESIAN_POINT('',(164.30575342817,-118.477809801,-1.));
#4508 = CARTESIAN_POINT('',(164.33896353188,-118.501212557,-1.));
#4509 = CARTESIAN_POINT('',(164.37217363558,-118.524615313,-1.));
#4510 = CARTESIAN_POINT('',(164.40538373928,-118.548018069,-1.));
#4511 = CARTESIAN_POINT('',(164.43859384298,-118.571420825,-1.));
#4512 = CARTESIAN_POINT('',(164.47180394668,-118.594823581,-1.));
#4513 = CARTESIAN_POINT('',(164.50501405039,-118.618226337,-1.));
#4514 = CARTESIAN_POINT('',(164.53822415409,-118.641629093,-1.));
#4515 = CARTESIAN_POINT('',(164.57143425779,-118.665031849,-1.));
#4516 = CARTESIAN_POINT('',(164.60464436149,-118.688434605,-1.));
#4517 = CARTESIAN_POINT('',(153.89,-109.4,-0.5));
#4518 = CARTESIAN_POINT('',(154.7544615385,-109.3345538461,-0.5));
#4519 = CARTESIAN_POINT('',(155.59698808596,-109.4377476722,
    -0.499999999999));
#4520 = CARTESIAN_POINT('',(156.40841876169,-109.7089024783,
    -0.500000000001));
#4521 = CARTESIAN_POINT('',(157.17271491679,-110.1478542741,
    -0.499999999997));
#4522 = CARTESIAN_POINT('',(157.82821802996,-110.6959773021,
    -0.500000000004));
#4523 = CARTESIAN_POINT('',(158.48949454174,-111.2834406758,
    -0.499999999996));
#4524 = CARTESIAN_POINT('',(159.07073826358,-111.9811813521,
    -0.500000000004));
#4525 = CARTESIAN_POINT('',(159.64710305578,-112.6757544806,
    -0.499999999998));
#4526 = CARTESIAN_POINT('',(160.18495728772,-113.4230473667,
    -0.500000000001));
#4527 = CARTESIAN_POINT('',(160.70791782997,-114.1639496039,
    -0.499999999999));
#4528 = CARTESIAN_POINT('',(161.21412098804,-114.89882108,-0.5));
#4529 = CARTESIAN_POINT('',(161.71016091563,-115.6038450886,-0.5));
#4530 = CARTESIAN_POINT('',(162.32247895623,-116.425327637,-0.5));
#4531 = CARTESIAN_POINT('',(162.44536368004,-116.5877645743,-0.5));
#4532 = CARTESIAN_POINT('',(162.56805099556,-116.7465910419,-0.5));
#4533 = CARTESIAN_POINT('',(162.69052120244,-116.9023745074,
    -0.500000000001));
#4534 = CARTESIAN_POINT('',(162.81394754912,-117.0556133836,
    -0.499999999999));
#4535 = CARTESIAN_POINT('',(162.93988339081,-117.2073537953,
    -0.500000000001));
#4536 = CARTESIAN_POINT('',(163.0699626381,-117.3594358856,
    -0.499999999999));
#4537 = CARTESIAN_POINT('',(163.20650320669,-117.5140636076,
    -0.500000000001));
#4538 = CARTESIAN_POINT('',(163.35317833836,-117.6733106107,-0.5));
#4539 = CARTESIAN_POINT('',(163.51492225258,-117.8391787094,-0.5));
#4540 = CARTESIAN_POINT('',(163.69746443068,-118.0139143755,-0.5));
#4541 = CARTESIAN_POINT('',(163.90934109755,-118.1984628548,-0.5));
#4542 = CARTESIAN_POINT('',(164.20612311707,-118.4076015329,-0.5));
#4543 = CARTESIAN_POINT('',(164.23933322077,-118.431004289,-0.5));
#4544 = CARTESIAN_POINT('',(164.27254332447,-118.454407045,-0.5));
#4545 = CARTESIAN_POINT('',(164.30575342817,-118.477809801,-0.5));
#4546 = CARTESIAN_POINT('',(164.33896353187,-118.501212557,-0.5));
#4547 = CARTESIAN_POINT('',(164.37217363558,-118.524615313,-0.5));
#4548 = CARTESIAN_POINT('',(164.40538373928,-118.548018069,-0.5));
#4549 = CARTESIAN_POINT('',(164.43859384298,-118.571420825,-0.5));
#4550 = CARTESIAN_POINT('',(164.47180394668,-118.594823581,-0.5));
#4551 = CARTESIAN_POINT('',(164.50501405039,-118.618226337,-0.5));
#4552 = CARTESIAN_POINT('',(164.53822415409,-118.641629093,-0.5));
#4553 = CARTESIAN_POINT('',(164.57143425779,-118.665031849,-0.5));
#4554 = CARTESIAN_POINT('',(164.60464436149,-118.688434605,-0.5));
#4555 = ADVANCED_FACE('',(#4556),#4598,.F.);
#4556 = FACE_BOUND('',#4557,.F.);
#4557 = EDGE_LOOP('',(#4558,#4585,#4596,#4597));
#4558 = ORIENTED_EDGE('',*,*,#4559,.T.);
#4559 = EDGE_CURVE('',#3231,#4560,#4562,.T.);
#4560 = VERTEX_POINT('',#4561);
#4561 = CARTESIAN_POINT('',(203.89,-118.47,-0.5));
#4562 = B_SPLINE_CURVE_WITH_KNOTS('',6,(#4563,#4564,#4565,#4566,#4567,
    #4568,#4569,#4570,#4571,#4572,#4573,#4574,#4575,#4576,#4577,#4578,
    #4579,#4580,#4581,#4582,#4583,#4584),.UNSPECIFIED.,.F.,.F.,(7,5,5,5,
    7),(0.,0.141016830895,0.49719905714,0.852412907824,1.),
  .UNSPECIFIED.);
#4563 = CARTESIAN_POINT('',(203.85977479881,-117.97,-1.));
#4564 = CARTESIAN_POINT('',(203.86082942463,-117.9868321045,
    -0.999999998222));
#4565 = CARTESIAN_POINT('',(203.86189653639,-118.0039147734,
    -0.999320037805));
#4566 = CARTESIAN_POINT('',(203.86297323026,-118.0212040798,
    -0.997922132507));
#4567 = CARTESIAN_POINT('',(203.86405621513,-118.0386488458,
    -0.995772327444));
#4568 = CARTESIAN_POINT('',(203.86514188772,-118.0561917259,
    -0.992842673944));
#4569 = CARTESIAN_POINT('',(203.86896570283,-118.1181704689,
    -0.979693259597));
#4570 = CARTESIAN_POINT('',(203.87169770733,-118.162799217,
    -0.965170153862));
#4571 = CARTESIAN_POINT('',(203.87436072923,-118.2066537288,
    -0.945223294418));
#4572 = CARTESIAN_POINT('',(203.87688340885,-118.2485206702,
    -0.919846216965));
#4573 = CARTESIAN_POINT('',(203.87920034717,-118.2872205489,
    -0.889557068563));
#4574 = CARTESIAN_POINT('',(203.88332649953,-118.3564917195,
    -0.820928019721));
#4575 = CARTESIAN_POINT('',(203.88513711329,-118.3870852848,
    -0.782609752019));
#4576 = CARTESIAN_POINT('',(203.88665281122,-118.4128353883,
    -0.741068706254));
#4577 = CARTESIAN_POINT('',(203.88784761463,-118.433203844,
    -0.697465627455));
#4578 = CARTESIAN_POINT('',(203.88872394368,-118.4481721419,
    -0.653008707325));
#4579 = CARTESIAN_POINT('',(203.88954088419,-118.4621404602,
    -0.590296350616));
#4580 = CARTESIAN_POINT('',(203.88972903807,-118.4653602428,
    -0.571914560055));
#4581 = CARTESIAN_POINT('',(203.88986693817,-118.4677212724,
    -0.553631375247));
#4582 = CARTESIAN_POINT('',(203.88995649399,-118.4692549483,
    -0.535513250052));
#4583 = CARTESIAN_POINT('',(203.89,-118.47,-0.517619307182));
#4584 = CARTESIAN_POINT('',(203.89,-118.47,-0.5));
#4585 = ORIENTED_EDGE('',*,*,#4586,.T.);
#4586 = EDGE_CURVE('',#4560,#4187,#4587,.T.);
#4587 = ( BOUNDED_CURVE() B_SPLINE_CURVE(7,(#4588,#4589,#4590,#4591,
    #4592,#4593,#4594,#4595),.UNSPECIFIED.,.F.,.F.) 
B_SPLINE_CURVE_WITH_KNOTS((8,8),(-3.969E-14,4.495893090556),
.PIECEWISE_BEZIER_KNOTS.) CURVE() GEOMETRIC_REPRESENTATION_ITEM() 
RATIONAL_B_SPLINE_CURVE((1.,1.,1.,1.,1.,1.,1.,1.)) REPRESENTATION_ITEM(
  '') );
#4588 = CARTESIAN_POINT('',(203.89,-118.47,-0.5));
#4589 = CARTESIAN_POINT('',(204.422,-118.4076571428,-0.5));
#4590 = CARTESIAN_POINT('',(204.95547619047,-118.2567380952,-0.5));
#4591 = CARTESIAN_POINT('',(205.49042857142,-118.0172428571,-0.5));
#4592 = CARTESIAN_POINT('',(206.02685714285,-117.6891714285,-0.5));
#4593 = CARTESIAN_POINT('',(206.56476190476,-117.2725238095,-0.5));
#4594 = CARTESIAN_POINT('',(207.10414285714,-116.7673,-0.5));
#4595 = CARTESIAN_POINT('',(207.645,-116.1735,-0.5));
#4596 = ORIENTED_EDGE('',*,*,#4229,.F.);
#4597 = ORIENTED_EDGE('',*,*,#3238,.F.);
#4598 = ( BOUNDED_SURFACE() B_SPLINE_SURFACE(2,7,(
    (#4599,#4600,#4601,#4602,#4603,#4604,#4605,#4606)
    ,(#4607,#4608,#4609,#4610,#4611,#4612,#4613,#4614)
    ,(#4615,#4616,#4617,#4618,#4619,#4620,#4621,#4622
)),.UNSPECIFIED.,.F.,.F.,.F.) B_SPLINE_SURFACE_WITH_KNOTS((3,3),(8,8),(
    0.,4.495893090556),(-3.969E-14,4.495893090556),
.PIECEWISE_BEZIER_KNOTS.) GEOMETRIC_REPRESENTATION_ITEM() 
RATIONAL_B_SPLINE_SURFACE((
    (1.,1.,1.,1.,1.,1.,1.,1.)
    ,(0.707106781187,0.707106781187,0.707106781187,0.707106781187
      ,0.707106781187,0.707106781187,0.707106781187,0.707106781187)
,(1.,1.,1.,1.,1.,1.,1.,1.))) REPRESENTATION_ITEM('') SURFACE() );
#4599 = CARTESIAN_POINT('',(203.83180530648,-117.9733981699,-1.));
#4600 = CARTESIAN_POINT('',(204.29403116339,-117.919231853,-1.));
#4601 = CARTESIAN_POINT('',(204.7620931834,-117.7875367793,-1.));
#4602 = CARTESIAN_POINT('',(205.24262771727,-117.5760047319,-1.));
#4603 = CARTESIAN_POINT('',(205.73764389076,-117.2765294047,-1.));
#4604 = CARTESIAN_POINT('',(206.24231400923,-116.8873445133,-1.));
#4605 = CARTESIAN_POINT('',(206.75553364924,-116.4075114876,-1.));
#4606 = CARTESIAN_POINT('',(207.27535205263,-115.8368096452,-1.));
#4607 = CARTESIAN_POINT('',(203.89,-118.47,-1.));
#4608 = CARTESIAN_POINT('',(204.422,-118.4076571428,-1.));
#4609 = CARTESIAN_POINT('',(204.95547619047,-118.2567380952,-1.));
#4610 = CARTESIAN_POINT('',(205.49042857142,-118.0172428571,-1.));
#4611 = CARTESIAN_POINT('',(206.02685714285,-117.6891714285,-1.));
#4612 = CARTESIAN_POINT('',(206.56476190476,-117.2725238095,-1.));
#4613 = CARTESIAN_POINT('',(207.10414285714,-116.7673,-1.));
#4614 = CARTESIAN_POINT('',(207.645,-116.1735,-1.));
#4615 = CARTESIAN_POINT('',(203.89,-118.47,-0.5));
#4616 = CARTESIAN_POINT('',(204.422,-118.4076571428,-0.5));
#4617 = CARTESIAN_POINT('',(204.95547619047,-118.2567380952,-0.5));
#4618 = CARTESIAN_POINT('',(205.49042857142,-118.0172428571,-0.5));
#4619 = CARTESIAN_POINT('',(206.02685714285,-117.6891714285,-0.5));
#4620 = CARTESIAN_POINT('',(206.56476190476,-117.2725238095,-0.5));
#4621 = CARTESIAN_POINT('',(207.10414285714,-116.7673,-0.5));
#4622 = CARTESIAN_POINT('',(207.645,-116.1735,-0.5));
#4623 = ADVANCED_FACE('',(#4624),#4666,.T.);
#4624 = FACE_BOUND('',#4625,.T.);
#4625 = EDGE_LOOP('',(#4626,#4653,#4664,#4665));
#4626 = ORIENTED_EDGE('',*,*,#4627,.T.);
#4627 = EDGE_CURVE('',#3218,#4628,#4630,.T.);
#4628 = VERTEX_POINT('',#4629);
#4629 = CARTESIAN_POINT('',(165.89,-118.47,-0.5));
#4630 = B_SPLINE_CURVE_WITH_KNOTS('',6,(#4631,#4632,#4633,#4634,#4635,
    #4636,#4637,#4638,#4639,#4640,#4641,#4642,#4643,#4644,#4645,#4646,
    #4647,#4648,#4649,#4650,#4651,#4652),.UNSPECIFIED.,.F.,.F.,(7,5,5,5,
    7),(0.,0.141016830894,0.49719905714,0.852412907824,1.),
  .UNSPECIFIED.);
#4631 = CARTESIAN_POINT('',(165.92022520117,-117.97,-1.));
#4632 = CARTESIAN_POINT('',(165.91917057537,-117.9868321045,
    -0.999999998222));
#4633 = CARTESIAN_POINT('',(165.91810346359,-118.0039147734,
    -0.999320037805));
#4634 = CARTESIAN_POINT('',(165.91702676973,-118.0212040798,
    -0.997922132507));
#4635 = CARTESIAN_POINT('',(165.91594378486,-118.0386488458,
    -0.995772327443));
#4636 = CARTESIAN_POINT('',(165.91485811227,-118.0561917259,
    -0.992842673944));
#4637 = CARTESIAN_POINT('',(165.91103429716,-118.1181704689,
    -0.979693259597));
#4638 = CARTESIAN_POINT('',(165.90830229266,-118.162799217,
    -0.965170153862));
#4639 = CARTESIAN_POINT('',(165.90563927076,-118.2066537288,
    -0.945223294418));
#4640 = CARTESIAN_POINT('',(165.90311659114,-118.2485206702,
    -0.919846216965));
#4641 = CARTESIAN_POINT('',(165.90079965282,-118.2872205489,
    -0.889557068563));
#4642 = CARTESIAN_POINT('',(165.89667350046,-118.3564917195,
    -0.820928019721));
#4643 = CARTESIAN_POINT('',(165.8948628867,-118.3870852848,
    -0.782609752019));
#4644 = CARTESIAN_POINT('',(165.89334718877,-118.4128353883,
    -0.741068706254));
#4645 = CARTESIAN_POINT('',(165.89215238536,-118.433203844,
    -0.697465627455));
#4646 = CARTESIAN_POINT('',(165.89127605631,-118.4481721419,
    -0.653008707325));
#4647 = CARTESIAN_POINT('',(165.8904591158,-118.4621404602,
    -0.590296350616));
#4648 = CARTESIAN_POINT('',(165.89027096192,-118.4653602428,
    -0.571914560055));
#4649 = CARTESIAN_POINT('',(165.89013306182,-118.4677212724,
    -0.553631375247));
#4650 = CARTESIAN_POINT('',(165.89004350601,-118.4692549483,
    -0.535513250052));
#4651 = CARTESIAN_POINT('',(165.89,-118.47,-0.517619307182));
#4652 = CARTESIAN_POINT('',(165.89,-118.47,-0.5));
#4653 = ORIENTED_EDGE('',*,*,#4654,.T.);
#4654 = EDGE_CURVE('',#4628,#4369,#4655,.T.);
#4655 = ( BOUNDED_CURVE() B_SPLINE_CURVE(7,(#4656,#4657,#4658,#4659,
    #4660,#4661,#4662,#4663),.UNSPECIFIED.,.F.,.F.) 
B_SPLINE_CURVE_WITH_KNOTS((8,8),(-2.749E-14,4.495893090556),
.PIECEWISE_BEZIER_KNOTS.) CURVE() GEOMETRIC_REPRESENTATION_ITEM() 
RATIONAL_B_SPLINE_CURVE((1.,1.,1.,1.,1.,1.,1.,1.)) REPRESENTATION_ITEM(
  '') );
#4656 = CARTESIAN_POINT('',(165.89,-118.47,-0.5));
#4657 = CARTESIAN_POINT('',(165.358,-118.4076571428,-0.5));
#4658 = CARTESIAN_POINT('',(164.82452380952,-118.2567380952,-0.5));
#4659 = CARTESIAN_POINT('',(164.28957142857,-118.0172428571,-0.5));
#4660 = CARTESIAN_POINT('',(163.75314285714,-117.6891714285,-0.5));
#4661 = CARTESIAN_POINT('',(163.21523809523,-117.2725238095,-0.5));
#4662 = CARTESIAN_POINT('',(162.67585714285,-116.7673,-0.5));
#4663 = CARTESIAN_POINT('',(162.135,-116.1735,-0.5));
#4664 = ORIENTED_EDGE('',*,*,#4411,.F.);
#4665 = ORIENTED_EDGE('',*,*,#3217,.F.);
#4666 = ( BOUNDED_SURFACE() B_SPLINE_SURFACE(2,7,(
    (#4667,#4668,#4669,#4670,#4671,#4672,#4673,#4674)
    ,(#4675,#4676,#4677,#4678,#4679,#4680,#4681,#4682)
    ,(#4683,#4684,#4685,#4686,#4687,#4688,#4689,#4690
)),.UNSPECIFIED.,.F.,.F.,.F.) B_SPLINE_SURFACE_WITH_KNOTS((3,3),(8,8),(
    0.,4.495893090556),(-2.749E-14,4.495893090556),
.PIECEWISE_BEZIER_KNOTS.) GEOMETRIC_REPRESENTATION_ITEM() 
RATIONAL_B_SPLINE_SURFACE((
    (1.,1.,1.,1.,1.,1.,1.,1.)
    ,(0.707106781187,0.707106781187,0.707106781187,0.707106781187
      ,0.707106781187,0.707106781187,0.707106781187,0.707106781187)
,(1.,1.,1.,1.,1.,1.,1.,1.))) REPRESENTATION_ITEM('') SURFACE() );
#4667 = CARTESIAN_POINT('',(165.94819469351,-117.9733981699,-1.));
#4668 = CARTESIAN_POINT('',(165.4859688366,-117.919231853,-1.));
#4669 = CARTESIAN_POINT('',(165.01790681659,-117.7875367793,-1.));
#4670 = CARTESIAN_POINT('',(164.53737228272,-117.5760047319,-1.));
#4671 = CARTESIAN_POINT('',(164.04235610923,-117.2765294047,-1.));
#4672 = CARTESIAN_POINT('',(163.53768599076,-116.8873445133,-1.));
#4673 = CARTESIAN_POINT('',(163.02446635075,-116.4075114876,-1.));
#4674 = CARTESIAN_POINT('',(162.50464794736,-115.8368096452,-1.));
#4675 = CARTESIAN_POINT('',(165.89,-118.47,-1.));
#4676 = CARTESIAN_POINT('',(165.358,-118.4076571428,-1.));
#4677 = CARTESIAN_POINT('',(164.82452380952,-118.2567380952,-1.));
#4678 = CARTESIAN_POINT('',(164.28957142857,-118.0172428571,-1.));
#4679 = CARTESIAN_POINT('',(163.75314285714,-117.6891714285,-1.));
#4680 = CARTESIAN_POINT('',(163.21523809523,-117.2725238095,-1.));
#4681 = CARTESIAN_POINT('',(162.67585714285,-116.7673,-1.));
#4682 = CARTESIAN_POINT('',(162.135,-116.1735,-1.));
#4683 = CARTESIAN_POINT('',(165.89,-118.47,-0.5));
#4684 = CARTESIAN_POINT('',(165.358,-118.4076571428,-0.5));
#4685 = CARTESIAN_POINT('',(164.82452380952,-118.2567380952,-0.5));
#4686 = CARTESIAN_POINT('',(164.28957142857,-118.0172428571,-0.5));
#4687 = CARTESIAN_POINT('',(163.75314285714,-117.6891714285,-0.5));
#4688 = CARTESIAN_POINT('',(163.21523809523,-117.2725238095,-0.5));
#4689 = CARTESIAN_POINT('',(162.67585714285,-116.7673,-0.5));
#4690 = CARTESIAN_POINT('',(162.135,-116.1735,-0.5));
#4691 = ADVANCED_FACE('',(#4692),#4703,.T.);
#4692 = FACE_BOUND('',#4693,.F.);
#4693 = EDGE_LOOP('',(#4694,#4695,#4701,#4702));
#4694 = ORIENTED_EDGE('',*,*,#4627,.T.);
#4695 = ORIENTED_EDGE('',*,*,#4696,.T.);
#4696 = EDGE_CURVE('',#4628,#4560,#4697,.T.);
#4697 = LINE('',#4698,#4699);
#4698 = CARTESIAN_POINT('',(165.89,-118.47,-0.5));
#4699 = VECTOR('',#4700,1.);
#4700 = DIRECTION('',(1.,0.,0.));
#4701 = ORIENTED_EDGE('',*,*,#4559,.F.);
#4702 = ORIENTED_EDGE('',*,*,#3230,.F.);
#4703 = CYLINDRICAL_SURFACE('',#4704,0.5);
#4704 = AXIS2_PLACEMENT_3D('',#4705,#4706,#4707);
#4705 = CARTESIAN_POINT('',(165.89,-117.97,-0.5));
#4706 = DIRECTION('',(1.,0.,0.));
#4707 = DIRECTION('',(0.,0.,-1.));
#4708 = ADVANCED_FACE('',(#4709),#4729,.T.);
#4709 = FACE_BOUND('',#4710,.F.);
#4710 = EDGE_LOOP('',(#4711,#4720,#4721,#4722));
#4711 = ORIENTED_EDGE('',*,*,#4712,.F.);
#4712 = EDGE_CURVE('',#3369,#4713,#4715,.T.);
#4713 = VERTEX_POINT('',#4714);
#4714 = CARTESIAN_POINT('',(185.98,-93.85,-0.5));
#4715 = CIRCLE('',#4716,0.5);
#4716 = AXIS2_PLACEMENT_3D('',#4717,#4718,#4719);
#4717 = CARTESIAN_POINT('',(186.48,-93.85,-0.5));
#4718 = DIRECTION('',(-0.,1.,0.));
#4719 = DIRECTION('',(1.,0.,0.));
#4720 = ORIENTED_EDGE('',*,*,#3368,.F.);
#4721 = ORIENTED_EDGE('',*,*,#4712,.T.);
#4722 = ORIENTED_EDGE('',*,*,#4723,.T.);
#4723 = EDGE_CURVE('',#4713,#4713,#4724,.T.);
#4724 = CIRCLE('',#4725,1.1);
#4725 = AXIS2_PLACEMENT_3D('',#4726,#4727,#4728);
#4726 = CARTESIAN_POINT('',(184.88,-93.85,-0.5));
#4727 = DIRECTION('',(0.,0.,1.));
#4728 = DIRECTION('',(1.,0.,0.));
#4729 = TOROIDAL_SURFACE('',#4730,1.6,0.5);
#4730 = AXIS2_PLACEMENT_3D('',#4731,#4732,#4733);
#4731 = CARTESIAN_POINT('',(184.88,-93.85,-0.5));
#4732 = DIRECTION('',(-0.,-0.,-1.));
#4733 = DIRECTION('',(1.,0.,0.));
#4734 = ADVANCED_FACE('',(#4735),#4762,.T.);
#4735 = FACE_BOUND('',#4736,.T.);
#4736 = EDGE_LOOP('',(#4737,#4746,#4754,#4761));
#4737 = ORIENTED_EDGE('',*,*,#4738,.T.);
#4738 = EDGE_CURVE('',#3380,#4739,#4741,.T.);
#4739 = VERTEX_POINT('',#4740);
#4740 = CARTESIAN_POINT('',(215.654236,-98.505165,-0.5));
#4741 = ELLIPSE('',#4742,0.707106781187,0.5);
#4742 = AXIS2_PLACEMENT_3D('',#4743,#4744,#4745);
#4743 = CARTESIAN_POINT('',(215.154236,-98.005165,-0.5));
#4744 = DIRECTION('',(-0.707106781187,-0.707106781187,0.));
#4745 = DIRECTION('',(0.707106781187,-0.707106781187,0.));
#4746 = ORIENTED_EDGE('',*,*,#4747,.T.);
#4747 = EDGE_CURVE('',#4739,#4748,#4750,.T.);
#4748 = VERTEX_POINT('',#4749);
#4749 = CARTESIAN_POINT('',(215.654236,-100.453819,-0.5));
#4750 = LINE('',#4751,#4752);
#4751 = CARTESIAN_POINT('',(215.654236,-98.505165,-0.5));
#4752 = VECTOR('',#4753,1.);
#4753 = DIRECTION('',(0.,-1.,0.));
#4754 = ORIENTED_EDGE('',*,*,#4755,.F.);
#4755 = EDGE_CURVE('',#3382,#4748,#4756,.T.);
#4756 = ELLIPSE('',#4757,0.707106781187,0.5);
#4757 = AXIS2_PLACEMENT_3D('',#4758,#4759,#4760);
#4758 = CARTESIAN_POINT('',(215.154236,-100.953819,-0.5));
#4759 = DIRECTION('',(0.707106781187,-0.707106781187,0.));
#4760 = DIRECTION('',(-0.707106781187,-0.707106781187,0.));
#4761 = ORIENTED_EDGE('',*,*,#3379,.F.);
#4762 = CYLINDRICAL_SURFACE('',#4763,0.5);
#4763 = AXIS2_PLACEMENT_3D('',#4764,#4765,#4766);
#4764 = CARTESIAN_POINT('',(215.154236,-98.505165,-0.5));
#4765 = DIRECTION('',(0.,-1.,0.));
#4766 = DIRECTION('',(-0.,-0.,-1.));
#4767 = ADVANCED_FACE('',(#4768),#4787,.T.);
#4768 = FACE_BOUND('',#4769,.T.);
#4769 = EDGE_LOOP('',(#4770,#4779,#4785,#4786));
#4770 = ORIENTED_EDGE('',*,*,#4771,.T.);
#4771 = EDGE_CURVE('',#3390,#4772,#4774,.T.);
#4772 = VERTEX_POINT('',#4773);
#4773 = CARTESIAN_POINT('',(217.677521,-98.505165,-0.5));
#4774 = ELLIPSE('',#4775,0.707106781187,0.5);
#4775 = AXIS2_PLACEMENT_3D('',#4776,#4777,#4778);
#4776 = CARTESIAN_POINT('',(218.177521,-98.005165,-0.5));
#4777 = DIRECTION('',(-0.707106781187,0.707106781187,0.));
#4778 = DIRECTION('',(-0.707106781187,-0.707106781187,0.));
#4779 = ORIENTED_EDGE('',*,*,#4780,.T.);
#4780 = EDGE_CURVE('',#4772,#4739,#4781,.T.);
#4781 = LINE('',#4782,#4783);
#4782 = CARTESIAN_POINT('',(217.677521,-98.505165,-0.5));
#4783 = VECTOR('',#4784,1.);
#4784 = DIRECTION('',(-1.,0.,0.));
#4785 = ORIENTED_EDGE('',*,*,#4738,.F.);
#4786 = ORIENTED_EDGE('',*,*,#3389,.F.);
#4787 = CYLINDRICAL_SURFACE('',#4788,0.5);
#4788 = AXIS2_PLACEMENT_3D('',#4789,#4790,#4791);
#4789 = CARTESIAN_POINT('',(217.677521,-98.005165,-0.5));
#4790 = DIRECTION('',(-1.,0.,0.));
#4791 = DIRECTION('',(0.,0.,-1.));
#4792 = ADVANCED_FACE('',(#4793),#4812,.T.);
#4793 = FACE_BOUND('',#4794,.T.);
#4794 = EDGE_LOOP('',(#4795,#4796,#4804,#4811));
#4795 = ORIENTED_EDGE('',*,*,#4755,.T.);
#4796 = ORIENTED_EDGE('',*,*,#4797,.T.);
#4797 = EDGE_CURVE('',#4748,#4798,#4800,.T.);
#4798 = VERTEX_POINT('',#4799);
#4799 = CARTESIAN_POINT('',(217.677521,-100.453819,-0.5));
#4800 = LINE('',#4801,#4802);
#4801 = CARTESIAN_POINT('',(215.654236,-100.453819,-0.5));
#4802 = VECTOR('',#4803,1.);
#4803 = DIRECTION('',(1.,0.,0.));
#4804 = ORIENTED_EDGE('',*,*,#4805,.F.);
#4805 = EDGE_CURVE('',#3398,#4798,#4806,.T.);
#4806 = ELLIPSE('',#4807,0.707106781187,0.5);
#4807 = AXIS2_PLACEMENT_3D('',#4808,#4809,#4810);
#4808 = CARTESIAN_POINT('',(218.177521,-100.953819,-0.5));
#4809 = DIRECTION('',(0.707106781187,0.707106781187,-0.));
#4810 = DIRECTION('',(-0.707106781187,0.707106781187,0.));
#4811 = ORIENTED_EDGE('',*,*,#3405,.F.);
#4812 = CYLINDRICAL_SURFACE('',#4813,0.5);
#4813 = AXIS2_PLACEMENT_3D('',#4814,#4815,#4816);
#4814 = CARTESIAN_POINT('',(215.654236,-100.953819,-0.5));
#4815 = DIRECTION('',(1.,0.,0.));
#4816 = DIRECTION('',(0.,0.,-1.));
#4817 = ADVANCED_FACE('',(#4818),#4829,.T.);
#4818 = FACE_BOUND('',#4819,.T.);
#4819 = EDGE_LOOP('',(#4820,#4821,#4827,#4828));
#4820 = ORIENTED_EDGE('',*,*,#4805,.T.);
#4821 = ORIENTED_EDGE('',*,*,#4822,.T.);
#4822 = EDGE_CURVE('',#4798,#4772,#4823,.T.);
#4823 = LINE('',#4824,#4825);
#4824 = CARTESIAN_POINT('',(217.677521,-100.453819,-0.5));
#4825 = VECTOR('',#4826,1.);
#4826 = DIRECTION('',(0.,1.,0.));
#4827 = ORIENTED_EDGE('',*,*,#4771,.F.);
#4828 = ORIENTED_EDGE('',*,*,#3397,.F.);
#4829 = CYLINDRICAL_SURFACE('',#4830,0.5);
#4830 = AXIS2_PLACEMENT_3D('',#4831,#4832,#4833);
#4831 = CARTESIAN_POINT('',(218.177521,-100.453819,-0.5));
#4832 = DIRECTION('',(0.,1.,0.));
#4833 = DIRECTION('',(0.,0.,-1.));
#4834 = ADVANCED_FACE('',(#4835),#4862,.T.);
#4835 = FACE_BOUND('',#4836,.T.);
#4836 = EDGE_LOOP('',(#4837,#4846,#4854,#4861));
#4837 = ORIENTED_EDGE('',*,*,#4838,.T.);
#4838 = EDGE_CURVE('',#3414,#4839,#4841,.T.);
#4839 = VERTEX_POINT('',#4840);
#4840 = CARTESIAN_POINT('',(152.168427,-98.490479,-0.5));
#4841 = ELLIPSE('',#4842,0.707106781187,0.5);
#4842 = AXIS2_PLACEMENT_3D('',#4843,#4844,#4845);
#4843 = CARTESIAN_POINT('',(151.668427,-97.990479,-0.5));
#4844 = DIRECTION('',(-0.707106781187,-0.707106781187,0.));
#4845 = DIRECTION('',(0.707106781187,-0.707106781187,0.));
#4846 = ORIENTED_EDGE('',*,*,#4847,.T.);
#4847 = EDGE_CURVE('',#4839,#4848,#4850,.T.);
#4848 = VERTEX_POINT('',#4849);
#4849 = CARTESIAN_POINT('',(152.168427,-100.486168,-0.5));
#4850 = LINE('',#4851,#4852);
#4851 = CARTESIAN_POINT('',(152.168427,-98.490479,-0.5));
#4852 = VECTOR('',#4853,1.);
#4853 = DIRECTION('',(0.,-1.,0.));
#4854 = ORIENTED_EDGE('',*,*,#4855,.F.);
#4855 = EDGE_CURVE('',#3416,#4848,#4856,.T.);
#4856 = ELLIPSE('',#4857,0.707106781187,0.5);
#4857 = AXIS2_PLACEMENT_3D('',#4858,#4859,#4860);
#4858 = CARTESIAN_POINT('',(151.668427,-100.986168,-0.5));
#4859 = DIRECTION('',(0.707106781187,-0.707106781187,0.));
#4860 = DIRECTION('',(-0.707106781187,-0.707106781187,0.));
#4861 = ORIENTED_EDGE('',*,*,#3413,.F.);
#4862 = CYLINDRICAL_SURFACE('',#4863,0.5);
#4863 = AXIS2_PLACEMENT_3D('',#4864,#4865,#4866);
#4864 = CARTESIAN_POINT('',(151.668427,-98.490479,-0.5));
#4865 = DIRECTION('',(0.,-1.,0.));
#4866 = DIRECTION('',(-0.,-0.,-1.));
#4867 = ADVANCED_FACE('',(#4868),#4887,.T.);
#4868 = FACE_BOUND('',#4869,.T.);
#4869 = EDGE_LOOP('',(#4870,#4879,#4885,#4886));
#4870 = ORIENTED_EDGE('',*,*,#4871,.T.);
#4871 = EDGE_CURVE('',#3424,#4872,#4874,.T.);
#4872 = VERTEX_POINT('',#4873);
#4873 = CARTESIAN_POINT('',(154.178635,-98.490479,-0.5));
#4874 = ELLIPSE('',#4875,0.707106781187,0.5);
#4875 = AXIS2_PLACEMENT_3D('',#4876,#4877,#4878);
#4876 = CARTESIAN_POINT('',(154.678635,-97.990479,-0.5));
#4877 = DIRECTION('',(-0.707106781187,0.707106781187,0.));
#4878 = DIRECTION('',(-0.707106781187,-0.707106781187,0.));
#4879 = ORIENTED_EDGE('',*,*,#4880,.T.);
#4880 = EDGE_CURVE('',#4872,#4839,#4881,.T.);
#4881 = LINE('',#4882,#4883);
#4882 = CARTESIAN_POINT('',(154.178635,-98.490479,-0.5));
#4883 = VECTOR('',#4884,1.);
#4884 = DIRECTION('',(-1.,0.,0.));
#4885 = ORIENTED_EDGE('',*,*,#4838,.F.);
#4886 = ORIENTED_EDGE('',*,*,#3423,.F.);
#4887 = CYLINDRICAL_SURFACE('',#4888,0.5);
#4888 = AXIS2_PLACEMENT_3D('',#4889,#4890,#4891);
#4889 = CARTESIAN_POINT('',(154.178635,-97.990479,-0.5));
#4890 = DIRECTION('',(-1.,0.,0.));
#4891 = DIRECTION('',(0.,0.,-1.));
#4892 = ADVANCED_FACE('',(#4893),#4912,.T.);
#4893 = FACE_BOUND('',#4894,.T.);
#4894 = EDGE_LOOP('',(#4895,#4896,#4904,#4911));
#4895 = ORIENTED_EDGE('',*,*,#4855,.T.);
#4896 = ORIENTED_EDGE('',*,*,#4897,.T.);
#4897 = EDGE_CURVE('',#4848,#4898,#4900,.T.);
#4898 = VERTEX_POINT('',#4899);
#4899 = CARTESIAN_POINT('',(154.178635,-100.486168,-0.5));
#4900 = LINE('',#4901,#4902);
#4901 = CARTESIAN_POINT('',(152.168427,-100.486168,-0.5));
#4902 = VECTOR('',#4903,1.);
#4903 = DIRECTION('',(1.,0.,0.));
#4904 = ORIENTED_EDGE('',*,*,#4905,.F.);
#4905 = EDGE_CURVE('',#3432,#4898,#4906,.T.);
#4906 = ELLIPSE('',#4907,0.707106781187,0.5);
#4907 = AXIS2_PLACEMENT_3D('',#4908,#4909,#4910);
#4908 = CARTESIAN_POINT('',(154.678635,-100.986168,-0.5));
#4909 = DIRECTION('',(0.707106781187,0.707106781187,-0.));
#4910 = DIRECTION('',(-0.707106781187,0.707106781187,0.));
#4911 = ORIENTED_EDGE('',*,*,#3439,.F.);
#4912 = CYLINDRICAL_SURFACE('',#4913,0.5);
#4913 = AXIS2_PLACEMENT_3D('',#4914,#4915,#4916);
#4914 = CARTESIAN_POINT('',(152.168427,-100.986168,-0.5));
#4915 = DIRECTION('',(1.,0.,0.));
#4916 = DIRECTION('',(0.,0.,-1.));
#4917 = ADVANCED_FACE('',(#4918),#4929,.T.);
#4918 = FACE_BOUND('',#4919,.T.);
#4919 = EDGE_LOOP('',(#4920,#4921,#4927,#4928));
#4920 = ORIENTED_EDGE('',*,*,#4905,.T.);
#4921 = ORIENTED_EDGE('',*,*,#4922,.T.);
#4922 = EDGE_CURVE('',#4898,#4872,#4923,.T.);
#4923 = LINE('',#4924,#4925);
#4924 = CARTESIAN_POINT('',(154.178635,-100.486168,-0.5));
#4925 = VECTOR('',#4926,1.);
#4926 = DIRECTION('',(0.,1.,0.));
#4927 = ORIENTED_EDGE('',*,*,#4871,.F.);
#4928 = ORIENTED_EDGE('',*,*,#3431,.F.);
#4929 = CYLINDRICAL_SURFACE('',#4930,0.5);
#4930 = AXIS2_PLACEMENT_3D('',#4931,#4932,#4933);
#4931 = CARTESIAN_POINT('',(154.678635,-100.486168,-0.5));
#4932 = DIRECTION('',(0.,1.,0.));
#4933 = DIRECTION('',(0.,0.,-1.));
#4934 = ADVANCED_FACE('',(#4935),#4954,.F.);
#4935 = FACE_BOUND('',#4936,.F.);
#4936 = EDGE_LOOP('',(#4937,#4945,#4946,#4947));
#4937 = ORIENTED_EDGE('',*,*,#4938,.F.);
#4938 = EDGE_CURVE('',#3448,#4939,#4941,.T.);
#4939 = VERTEX_POINT('',#4940);
#4940 = CARTESIAN_POINT('',(206.43,-113.51,-0.5));
#4941 = LINE('',#4942,#4943);
#4942 = CARTESIAN_POINT('',(206.43,-113.51,-0.5));
#4943 = VECTOR('',#4944,1.);
#4944 = DIRECTION('',(-0.707106781187,0.,0.707106781187));
#4945 = ORIENTED_EDGE('',*,*,#3447,.T.);
#4946 = ORIENTED_EDGE('',*,*,#4938,.T.);
#4947 = ORIENTED_EDGE('',*,*,#4948,.F.);
#4948 = EDGE_CURVE('',#4939,#4939,#4949,.T.);
#4949 = CIRCLE('',#4950,0.5);
#4950 = AXIS2_PLACEMENT_3D('',#4951,#4952,#4953);
#4951 = CARTESIAN_POINT('',(205.93,-113.51,-0.5));
#4952 = DIRECTION('',(0.,0.,1.));
#4953 = DIRECTION('',(1.,0.,-0.));
#4954 = CONICAL_SURFACE('',#4955,0.5,0.785398163397);
#4955 = AXIS2_PLACEMENT_3D('',#4956,#4957,#4958);
#4956 = CARTESIAN_POINT('',(205.93,-113.51,-0.5));
#4957 = DIRECTION('',(-0.,-0.,-1.));
#4958 = DIRECTION('',(1.,0.,-0.));
#4959 = ADVANCED_FACE('',(#4960),#4979,.F.);
#4960 = FACE_BOUND('',#4961,.F.);
#4961 = EDGE_LOOP('',(#4962,#4970,#4971,#4972));
#4962 = ORIENTED_EDGE('',*,*,#4963,.F.);
#4963 = EDGE_CURVE('',#3459,#4964,#4966,.T.);
#4964 = VERTEX_POINT('',#4965);
#4965 = CARTESIAN_POINT('',(164.43,-85.54,-0.5));
#4966 = LINE('',#4967,#4968);
#4967 = CARTESIAN_POINT('',(164.43,-85.54,-0.5));
#4968 = VECTOR('',#4969,1.);
#4969 = DIRECTION('',(-0.707106781187,0.,0.707106781187));
#4970 = ORIENTED_EDGE('',*,*,#3458,.T.);
#4971 = ORIENTED_EDGE('',*,*,#4963,.T.);
#4972 = ORIENTED_EDGE('',*,*,#4973,.F.);
#4973 = EDGE_CURVE('',#4964,#4964,#4974,.T.);
#4974 = CIRCLE('',#4975,0.5);
#4975 = AXIS2_PLACEMENT_3D('',#4976,#4977,#4978);
#4976 = CARTESIAN_POINT('',(163.93,-85.54,-0.5));
#4977 = DIRECTION('',(0.,0.,1.));
#4978 = DIRECTION('',(1.,0.,-0.));
#4979 = CONICAL_SURFACE('',#4980,0.5,0.785398163397);
#4980 = AXIS2_PLACEMENT_3D('',#4981,#4982,#4983);
#4981 = CARTESIAN_POINT('',(163.93,-85.54,-0.5));
#4982 = DIRECTION('',(-0.,-0.,-1.));
#4983 = DIRECTION('',(1.,0.,-0.));
#4984 = ADVANCED_FACE('',(#4985),#5004,.F.);
#4985 = FACE_BOUND('',#4986,.F.);
#4986 = EDGE_LOOP('',(#4987,#4995,#4996,#4997));
#4987 = ORIENTED_EDGE('',*,*,#4988,.F.);
#4988 = EDGE_CURVE('',#3470,#4989,#4991,.T.);
#4989 = VERTEX_POINT('',#4990);
#4990 = CARTESIAN_POINT('',(164.43,-113.52,-0.5));
#4991 = LINE('',#4992,#4993);
#4992 = CARTESIAN_POINT('',(164.43,-113.52,-0.5));
#4993 = VECTOR('',#4994,1.);
#4994 = DIRECTION('',(-0.707106781187,0.,0.707106781187));
#4995 = ORIENTED_EDGE('',*,*,#3469,.T.);
#4996 = ORIENTED_EDGE('',*,*,#4988,.T.);
#4997 = ORIENTED_EDGE('',*,*,#4998,.F.);
#4998 = EDGE_CURVE('',#4989,#4989,#4999,.T.);
#4999 = CIRCLE('',#5000,0.5);
#5000 = AXIS2_PLACEMENT_3D('',#5001,#5002,#5003);
#5001 = CARTESIAN_POINT('',(163.93,-113.52,-0.5));
#5002 = DIRECTION('',(0.,0.,1.));
#5003 = DIRECTION('',(1.,0.,-0.));
#5004 = CONICAL_SURFACE('',#5005,0.5,0.785398163397);
#5005 = AXIS2_PLACEMENT_3D('',#5006,#5007,#5008);
#5006 = CARTESIAN_POINT('',(163.93,-113.52,-0.5));
#5007 = DIRECTION('',(-0.,-0.,-1.));
#5008 = DIRECTION('',(1.,0.,-0.));
#5009 = ADVANCED_FACE('',(#5010),#5029,.F.);
#5010 = FACE_BOUND('',#5011,.F.);
#5011 = EDGE_LOOP('',(#5012,#5020,#5027,#5028));
#5012 = ORIENTED_EDGE('',*,*,#5013,.F.);
#5013 = EDGE_CURVE('',#5014,#3487,#5016,.T.);
#5014 = VERTEX_POINT('',#5015);
#5015 = CARTESIAN_POINT('',(206.43,-85.54,0.));
#5016 = LINE('',#5017,#5018);
#5017 = CARTESIAN_POINT('',(206.43,-85.54,0.));
#5018 = VECTOR('',#5019,1.);
#5019 = DIRECTION('',(-0.,-0.,-1.));
#5020 = ORIENTED_EDGE('',*,*,#5021,.F.);
#5021 = EDGE_CURVE('',#5014,#5014,#5022,.T.);
#5022 = CIRCLE('',#5023,0.5);
#5023 = AXIS2_PLACEMENT_3D('',#5024,#5025,#5026);
#5024 = CARTESIAN_POINT('',(205.93,-85.54,0.));
#5025 = DIRECTION('',(0.,0.,1.));
#5026 = DIRECTION('',(1.,0.,0.));
#5027 = ORIENTED_EDGE('',*,*,#5013,.T.);
#5028 = ORIENTED_EDGE('',*,*,#3496,.T.);
#5029 = CYLINDRICAL_SURFACE('',#5030,0.5);
#5030 = AXIS2_PLACEMENT_3D('',#5031,#5032,#5033);
#5031 = CARTESIAN_POINT('',(205.93,-85.54,0.));
#5032 = DIRECTION('',(0.,0.,1.));
#5033 = DIRECTION('',(1.,0.,0.));
#5034 = ADVANCED_FACE('',(#5035),#5054,.F.);
#5035 = FACE_BOUND('',#5036,.F.);
#5036 = EDGE_LOOP('',(#5037,#5045,#5052,#5053));
#5037 = ORIENTED_EDGE('',*,*,#5038,.F.);
#5038 = EDGE_CURVE('',#5039,#3512,#5041,.T.);
#5039 = VERTEX_POINT('',#5040);
#5040 = CARTESIAN_POINT('',(185.98,-103.85,0.));
#5041 = LINE('',#5042,#5043);
#5042 = CARTESIAN_POINT('',(185.98,-103.85,0.));
#5043 = VECTOR('',#5044,1.);
#5044 = DIRECTION('',(-0.,-0.,-1.));
#5045 = ORIENTED_EDGE('',*,*,#5046,.F.);
#5046 = EDGE_CURVE('',#5039,#5039,#5047,.T.);
#5047 = CIRCLE('',#5048,1.1);
#5048 = AXIS2_PLACEMENT_3D('',#5049,#5050,#5051);
#5049 = CARTESIAN_POINT('',(184.88,-103.85,0.));
#5050 = DIRECTION('',(0.,0.,1.));
#5051 = DIRECTION('',(1.,0.,0.));
#5052 = ORIENTED_EDGE('',*,*,#5038,.T.);
#5053 = ORIENTED_EDGE('',*,*,#3522,.T.);
#5054 = CYLINDRICAL_SURFACE('',#5055,1.1);
#5055 = AXIS2_PLACEMENT_3D('',#5056,#5057,#5058);
#5056 = CARTESIAN_POINT('',(184.88,-103.85,0.));
#5057 = DIRECTION('',(0.,0.,1.));
#5058 = DIRECTION('',(1.,0.,0.));
#5059 = ADVANCED_FACE('',(#5060),#5085,.T.);
#5060 = FACE_BOUND('',#5061,.T.);
#5061 = EDGE_LOOP('',(#5062,#5070,#5078,#5084));
#5062 = ORIENTED_EDGE('',*,*,#5063,.F.);
#5063 = EDGE_CURVE('',#5064,#3571,#5066,.T.);
#5064 = VERTEX_POINT('',#5065);
#5065 = CARTESIAN_POINT('',(165.89,-80.47,0.));
#5066 = LINE('',#5067,#5068);
#5067 = CARTESIAN_POINT('',(165.89,-80.47,0.));
#5068 = VECTOR('',#5069,1.);
#5069 = DIRECTION('',(-0.,-0.,-1.));
#5070 = ORIENTED_EDGE('',*,*,#5071,.T.);
#5071 = EDGE_CURVE('',#5064,#5072,#5074,.T.);
#5072 = VERTEX_POINT('',#5073);
#5073 = CARTESIAN_POINT('',(203.89,-80.47,0.));
#5074 = LINE('',#5075,#5076);
#5075 = CARTESIAN_POINT('',(184.89,-80.47,0.));
#5076 = VECTOR('',#5077,1.);
#5077 = DIRECTION('',(1.,0.,0.));
#5078 = ORIENTED_EDGE('',*,*,#5079,.T.);
#5079 = EDGE_CURVE('',#5072,#3538,#5080,.T.);
#5080 = LINE('',#5081,#5082);
#5081 = CARTESIAN_POINT('',(203.89,-80.47,0.));
#5082 = VECTOR('',#5083,1.);
#5083 = DIRECTION('',(-0.,-0.,-1.));
#5084 = ORIENTED_EDGE('',*,*,#3597,.T.);
#5085 = PLANE('',#5086);
#5086 = AXIS2_PLACEMENT_3D('',#5087,#5088,#5089);
#5087 = CARTESIAN_POINT('',(184.89,-80.47,-0.5));
#5088 = DIRECTION('',(0.,1.,0.));
#5089 = DIRECTION('',(0.,0.,1.));
#5090 = ADVANCED_FACE('',(#5091),#5109,.F.);
#5091 = FACE_BOUND('',#5092,.F.);
#5092 = EDGE_LOOP('',(#5093,#5094,#5095,#5103));
#5093 = ORIENTED_EDGE('',*,*,#5079,.T.);
#5094 = ORIENTED_EDGE('',*,*,#3612,.T.);
#5095 = ORIENTED_EDGE('',*,*,#5096,.F.);
#5096 = EDGE_CURVE('',#5097,#3613,#5099,.T.);
#5097 = VERTEX_POINT('',#5098);
#5098 = CARTESIAN_POINT('',(207.645,-82.7665,0.));
#5099 = LINE('',#5100,#5101);
#5100 = CARTESIAN_POINT('',(207.645,-82.7665,0.));
#5101 = VECTOR('',#5102,1.);
#5102 = DIRECTION('',(-0.,-0.,-1.));
#5103 = ORIENTED_EDGE('',*,*,#5104,.F.);
#5104 = EDGE_CURVE('',#5072,#5097,#5105,.T.);
#5105 = B_SPLINE_CURVE_WITH_KNOTS('',2,(#5106,#5107,#5108),
  .UNSPECIFIED.,.F.,.F.,(3,3),(0.,1.),.PIECEWISE_BEZIER_KNOTS.);
#5106 = CARTESIAN_POINT('',(203.89,-80.47,0.));
#5107 = CARTESIAN_POINT('',(205.752,-80.6882,0.));
#5108 = CARTESIAN_POINT('',(207.645,-82.7665,0.));
#5109 = SURFACE_OF_LINEAR_EXTRUSION('',#5110,#5114);
#5110 = B_SPLINE_CURVE_WITH_KNOTS('',2,(#5111,#5112,#5113),
  .UNSPECIFIED.,.F.,.F.,(3,3),(0.,1.),.PIECEWISE_BEZIER_KNOTS.);
#5111 = CARTESIAN_POINT('',(203.89,-80.47,0.));
#5112 = CARTESIAN_POINT('',(205.752,-80.6882,0.));
#5113 = CARTESIAN_POINT('',(207.645,-82.7665,0.));
#5114 = VECTOR('',#5115,1.);
#5115 = DIRECTION('',(0.,0.,1.));
#5116 = ADVANCED_FACE('',(#5117),#5135,.T.);
#5117 = FACE_BOUND('',#5118,.T.);
#5118 = EDGE_LOOP('',(#5119,#5120,#5121,#5129));
#5119 = ORIENTED_EDGE('',*,*,#5063,.T.);
#5120 = ORIENTED_EDGE('',*,*,#3704,.T.);
#5121 = ORIENTED_EDGE('',*,*,#5122,.F.);
#5122 = EDGE_CURVE('',#5123,#3686,#5125,.T.);
#5123 = VERTEX_POINT('',#5124);
#5124 = CARTESIAN_POINT('',(162.135,-82.7665,0.));
#5125 = LINE('',#5126,#5127);
#5126 = CARTESIAN_POINT('',(162.135,-82.7665,0.));
#5127 = VECTOR('',#5128,1.);
#5128 = DIRECTION('',(-0.,-0.,-1.));
#5129 = ORIENTED_EDGE('',*,*,#5130,.F.);
#5130 = EDGE_CURVE('',#5064,#5123,#5131,.T.);
#5131 = B_SPLINE_CURVE_WITH_KNOTS('',2,(#5132,#5133,#5134),
  .UNSPECIFIED.,.F.,.F.,(3,3),(0.,1.),.PIECEWISE_BEZIER_KNOTS.);
#5132 = CARTESIAN_POINT('',(165.89,-80.47,0.));
#5133 = CARTESIAN_POINT('',(164.028,-80.6882,0.));
#5134 = CARTESIAN_POINT('',(162.135,-82.7665,0.));
#5135 = SURFACE_OF_LINEAR_EXTRUSION('',#5136,#5140);
#5136 = B_SPLINE_CURVE_WITH_KNOTS('',2,(#5137,#5138,#5139),
  .UNSPECIFIED.,.F.,.F.,(3,3),(0.,1.),.PIECEWISE_BEZIER_KNOTS.);
#5137 = CARTESIAN_POINT('',(165.89,-80.47,0.));
#5138 = CARTESIAN_POINT('',(164.028,-80.6882,0.));
#5139 = CARTESIAN_POINT('',(162.135,-82.7665,0.));
#5140 = VECTOR('',#5141,1.);
#5141 = DIRECTION('',(0.,0.,1.));
#5142 = ADVANCED_FACE('',(#5143),#5162,.F.);
#5143 = FACE_BOUND('',#5144,.F.);
#5144 = EDGE_LOOP('',(#5145,#5146,#5147,#5155));
#5145 = ORIENTED_EDGE('',*,*,#5096,.T.);
#5146 = ORIENTED_EDGE('',*,*,#3744,.T.);
#5147 = ORIENTED_EDGE('',*,*,#5148,.F.);
#5148 = EDGE_CURVE('',#5149,#3745,#5151,.T.);
#5149 = VERTEX_POINT('',#5150);
#5150 = CARTESIAN_POINT('',(215.89,-89.54,0.));
#5151 = LINE('',#5152,#5153);
#5152 = CARTESIAN_POINT('',(215.89,-89.54,0.));
#5153 = VECTOR('',#5154,1.);
#5154 = DIRECTION('',(-0.,-0.,-1.));
#5155 = ORIENTED_EDGE('',*,*,#5156,.F.);
#5156 = EDGE_CURVE('',#5097,#5149,#5157,.T.);
#5157 = B_SPLINE_CURVE_WITH_KNOTS('',3,(#5158,#5159,#5160,#5161),
  .UNSPECIFIED.,.F.,.F.,(4,4),(0.,1.),.PIECEWISE_BEZIER_KNOTS.);
#5158 = CARTESIAN_POINT('',(207.645,-82.7665,0.));
#5159 = CARTESIAN_POINT('',(209.79,-85.6645,0.));
#5160 = CARTESIAN_POINT('',(212.144,-89.8236,0.));
#5161 = CARTESIAN_POINT('',(215.89,-89.54,0.));
#5162 = SURFACE_OF_LINEAR_EXTRUSION('',#5163,#5168);
#5163 = B_SPLINE_CURVE_WITH_KNOTS('',3,(#5164,#5165,#5166,#5167),
  .UNSPECIFIED.,.F.,.F.,(4,4),(0.,1.),.PIECEWISE_BEZIER_KNOTS.);
#5164 = CARTESIAN_POINT('',(207.645,-82.7665,0.));
#5165 = CARTESIAN_POINT('',(209.79,-85.6645,0.));
#5166 = CARTESIAN_POINT('',(212.144,-89.8236,0.));
#5167 = CARTESIAN_POINT('',(215.89,-89.54,0.));
#5168 = VECTOR('',#5169,1.);
#5169 = DIRECTION('',(0.,0.,1.));
#5170 = ADVANCED_FACE('',(#5171),#5190,.T.);
#5171 = FACE_BOUND('',#5172,.T.);
#5172 = EDGE_LOOP('',(#5173,#5174,#5175,#5183));
#5173 = ORIENTED_EDGE('',*,*,#5122,.T.);
#5174 = ORIENTED_EDGE('',*,*,#3913,.T.);
#5175 = ORIENTED_EDGE('',*,*,#5176,.F.);
#5176 = EDGE_CURVE('',#5177,#3914,#5179,.T.);
#5177 = VERTEX_POINT('',#5178);
#5178 = CARTESIAN_POINT('',(153.89,-89.54,0.));
#5179 = LINE('',#5180,#5181);
#5180 = CARTESIAN_POINT('',(153.89,-89.54,0.));
#5181 = VECTOR('',#5182,1.);
#5182 = DIRECTION('',(-0.,-0.,-1.));
#5183 = ORIENTED_EDGE('',*,*,#5184,.F.);
#5184 = EDGE_CURVE('',#5123,#5177,#5185,.T.);
#5185 = B_SPLINE_CURVE_WITH_KNOTS('',3,(#5186,#5187,#5188,#5189),
  .UNSPECIFIED.,.F.,.F.,(4,4),(0.,1.),.PIECEWISE_BEZIER_KNOTS.);
#5186 = CARTESIAN_POINT('',(162.135,-82.7665,0.));
#5187 = CARTESIAN_POINT('',(159.99,-85.6645,0.));
#5188 = CARTESIAN_POINT('',(157.636,-89.8236,0.));
#5189 = CARTESIAN_POINT('',(153.89,-89.54,0.));
#5190 = SURFACE_OF_LINEAR_EXTRUSION('',#5191,#5196);
#5191 = B_SPLINE_CURVE_WITH_KNOTS('',3,(#5192,#5193,#5194,#5195),
  .UNSPECIFIED.,.F.,.F.,(4,4),(0.,1.),.PIECEWISE_BEZIER_KNOTS.);
#5192 = CARTESIAN_POINT('',(162.135,-82.7665,0.));
#5193 = CARTESIAN_POINT('',(159.99,-85.6645,0.));
#5194 = CARTESIAN_POINT('',(157.636,-89.8236,0.));
#5195 = CARTESIAN_POINT('',(153.89,-89.54,0.));
#5196 = VECTOR('',#5197,1.);
#5197 = DIRECTION('',(0.,0.,1.));
#5198 = ADVANCED_FACE('',(#5199),#5228,.T.);
#5199 = FACE_BOUND('',#5200,.T.);
#5200 = EDGE_LOOP('',(#5201,#5202,#5211,#5220,#5226,#5227));
#5201 = ORIENTED_EDGE('',*,*,#5148,.F.);
#5202 = ORIENTED_EDGE('',*,*,#5203,.F.);
#5203 = EDGE_CURVE('',#5204,#5149,#5206,.T.);
#5204 = VERTEX_POINT('',#5205);
#5205 = CARTESIAN_POINT('',(225.82,-99.47,0.));
#5206 = CIRCLE('',#5207,9.93);
#5207 = AXIS2_PLACEMENT_3D('',#5208,#5209,#5210);
#5208 = CARTESIAN_POINT('',(215.89,-99.47,0.));
#5209 = DIRECTION('',(0.,0.,1.));
#5210 = DIRECTION('',(1.,0.,0.));
#5211 = ORIENTED_EDGE('',*,*,#5212,.F.);
#5212 = EDGE_CURVE('',#5213,#5204,#5215,.T.);
#5213 = VERTEX_POINT('',#5214);
#5214 = CARTESIAN_POINT('',(215.89,-109.4,0.));
#5215 = CIRCLE('',#5216,9.93);
#5216 = AXIS2_PLACEMENT_3D('',#5217,#5218,#5219);
#5217 = CARTESIAN_POINT('',(215.89,-99.47,0.));
#5218 = DIRECTION('',(0.,0.,1.));
#5219 = DIRECTION('',(1.,0.,0.));
#5220 = ORIENTED_EDGE('',*,*,#5221,.T.);
#5221 = EDGE_CURVE('',#5213,#4136,#5222,.T.);
#5222 = LINE('',#5223,#5224);
#5223 = CARTESIAN_POINT('',(215.89,-109.4,0.));
#5224 = VECTOR('',#5225,1.);
#5225 = DIRECTION('',(-0.,-0.,-1.));
#5226 = ORIENTED_EDGE('',*,*,#4144,.F.);
#5227 = ORIENTED_EDGE('',*,*,#4092,.F.);
#5228 = CYLINDRICAL_SURFACE('',#5229,9.93);
#5229 = AXIS2_PLACEMENT_3D('',#5230,#5231,#5232);
#5230 = CARTESIAN_POINT('',(215.89,-99.47,0.));
#5231 = DIRECTION('',(0.,0.,1.));
#5232 = DIRECTION('',(1.,0.,0.));
#5233 = ADVANCED_FACE('',(#5234),#5263,.T.);
#5234 = FACE_BOUND('',#5235,.T.);
#5235 = EDGE_LOOP('',(#5236,#5244,#5253,#5260,#5261,#5262));
#5236 = ORIENTED_EDGE('',*,*,#5237,.F.);
#5237 = EDGE_CURVE('',#5238,#4162,#5240,.T.);
#5238 = VERTEX_POINT('',#5239);
#5239 = CARTESIAN_POINT('',(153.89,-109.4,0.));
#5240 = LINE('',#5241,#5242);
#5241 = CARTESIAN_POINT('',(153.89,-109.4,0.));
#5242 = VECTOR('',#5243,1.);
#5243 = DIRECTION('',(-0.,-0.,-1.));
#5244 = ORIENTED_EDGE('',*,*,#5245,.F.);
#5245 = EDGE_CURVE('',#5246,#5238,#5248,.T.);
#5246 = VERTEX_POINT('',#5247);
#5247 = CARTESIAN_POINT('',(143.96,-99.47,0.));
#5248 = CIRCLE('',#5249,9.93);
#5249 = AXIS2_PLACEMENT_3D('',#5250,#5251,#5252);
#5250 = CARTESIAN_POINT('',(153.89,-99.47,0.));
#5251 = DIRECTION('',(0.,0.,1.));
#5252 = DIRECTION('',(1.,0.,0.));
#5253 = ORIENTED_EDGE('',*,*,#5254,.F.);
#5254 = EDGE_CURVE('',#5177,#5246,#5255,.T.);
#5255 = CIRCLE('',#5256,9.93);
#5256 = AXIS2_PLACEMENT_3D('',#5257,#5258,#5259);
#5257 = CARTESIAN_POINT('',(153.89,-99.47,0.));
#5258 = DIRECTION('',(0.,0.,1.));
#5259 = DIRECTION('',(1.,0.,0.));
#5260 = ORIENTED_EDGE('',*,*,#5176,.T.);
#5261 = ORIENTED_EDGE('',*,*,#4118,.T.);
#5262 = ORIENTED_EDGE('',*,*,#4170,.T.);
#5263 = CYLINDRICAL_SURFACE('',#5264,9.93);
#5264 = AXIS2_PLACEMENT_3D('',#5265,#5266,#5267);
#5265 = CARTESIAN_POINT('',(153.89,-99.47,0.));
#5266 = DIRECTION('',(0.,0.,1.));
#5267 = DIRECTION('',(1.,0.,0.));
#5268 = ADVANCED_FACE('',(#5269),#5288,.T.);
#5269 = FACE_BOUND('',#5270,.T.);
#5270 = EDGE_LOOP('',(#5271,#5279,#5280,#5281));
#5271 = ORIENTED_EDGE('',*,*,#5272,.T.);
#5272 = EDGE_CURVE('',#5273,#4187,#5275,.T.);
#5273 = VERTEX_POINT('',#5274);
#5274 = CARTESIAN_POINT('',(207.645,-116.1735,0.));
#5275 = LINE('',#5276,#5277);
#5276 = CARTESIAN_POINT('',(207.645,-116.1735,0.));
#5277 = VECTOR('',#5278,1.);
#5278 = DIRECTION('',(-0.,-0.,-1.));
#5279 = ORIENTED_EDGE('',*,*,#4186,.F.);
#5280 = ORIENTED_EDGE('',*,*,#5221,.F.);
#5281 = ORIENTED_EDGE('',*,*,#5282,.F.);
#5282 = EDGE_CURVE('',#5273,#5213,#5283,.T.);
#5283 = B_SPLINE_CURVE_WITH_KNOTS('',3,(#5284,#5285,#5286,#5287),
  .UNSPECIFIED.,.F.,.F.,(4,4),(0.,1.),.PIECEWISE_BEZIER_KNOTS.);
#5284 = CARTESIAN_POINT('',(207.645,-116.1735,0.));
#5285 = CARTESIAN_POINT('',(209.79,-113.2755,0.));
#5286 = CARTESIAN_POINT('',(212.144,-109.1164,0.));
#5287 = CARTESIAN_POINT('',(215.89,-109.4,0.));
#5288 = SURFACE_OF_LINEAR_EXTRUSION('',#5289,#5294);
#5289 = B_SPLINE_CURVE_WITH_KNOTS('',3,(#5290,#5291,#5292,#5293),
  .UNSPECIFIED.,.F.,.F.,(4,4),(0.,1.),.PIECEWISE_BEZIER_KNOTS.);
#5290 = CARTESIAN_POINT('',(207.645,-116.1735,0.));
#5291 = CARTESIAN_POINT('',(209.79,-113.2755,0.));
#5292 = CARTESIAN_POINT('',(212.144,-109.1164,0.));
#5293 = CARTESIAN_POINT('',(215.89,-109.4,0.));
#5294 = VECTOR('',#5295,1.);
#5295 = DIRECTION('',(0.,0.,1.));
#5296 = ADVANCED_FACE('',(#5297),#5316,.F.);
#5297 = FACE_BOUND('',#5298,.F.);
#5298 = EDGE_LOOP('',(#5299,#5307,#5308,#5309));
#5299 = ORIENTED_EDGE('',*,*,#5300,.T.);
#5300 = EDGE_CURVE('',#5301,#4369,#5303,.T.);
#5301 = VERTEX_POINT('',#5302);
#5302 = CARTESIAN_POINT('',(162.135,-116.1735,0.));
#5303 = LINE('',#5304,#5305);
#5304 = CARTESIAN_POINT('',(162.135,-116.1735,0.));
#5305 = VECTOR('',#5306,1.);
#5306 = DIRECTION('',(-0.,-0.,-1.));
#5307 = ORIENTED_EDGE('',*,*,#4368,.F.);
#5308 = ORIENTED_EDGE('',*,*,#5237,.F.);
#5309 = ORIENTED_EDGE('',*,*,#5310,.F.);
#5310 = EDGE_CURVE('',#5301,#5238,#5311,.T.);
#5311 = B_SPLINE_CURVE_WITH_KNOTS('',3,(#5312,#5313,#5314,#5315),
  .UNSPECIFIED.,.F.,.F.,(4,4),(0.,1.),.PIECEWISE_BEZIER_KNOTS.);
#5312 = CARTESIAN_POINT('',(162.135,-116.1735,0.));
#5313 = CARTESIAN_POINT('',(159.99,-113.2755,0.));
#5314 = CARTESIAN_POINT('',(157.636,-109.1164,0.));
#5315 = CARTESIAN_POINT('',(153.89,-109.4,0.));
#5316 = SURFACE_OF_LINEAR_EXTRUSION('',#5317,#5322);
#5317 = B_SPLINE_CURVE_WITH_KNOTS('',3,(#5318,#5319,#5320,#5321),
  .UNSPECIFIED.,.F.,.F.,(4,4),(0.,1.),.PIECEWISE_BEZIER_KNOTS.);
#5318 = CARTESIAN_POINT('',(162.135,-116.1735,0.));
#5319 = CARTESIAN_POINT('',(159.99,-113.2755,0.));
#5320 = CARTESIAN_POINT('',(157.636,-109.1164,0.));
#5321 = CARTESIAN_POINT('',(153.89,-109.4,0.));
#5322 = VECTOR('',#5323,1.);
#5323 = DIRECTION('',(0.,0.,1.));
#5324 = ADVANCED_FACE('',(#5325),#5343,.T.);
#5325 = FACE_BOUND('',#5326,.T.);
#5326 = EDGE_LOOP('',(#5327,#5335,#5336,#5337));
#5327 = ORIENTED_EDGE('',*,*,#5328,.T.);
#5328 = EDGE_CURVE('',#5329,#4560,#5331,.T.);
#5329 = VERTEX_POINT('',#5330);
#5330 = CARTESIAN_POINT('',(203.89,-118.47,0.));
#5331 = LINE('',#5332,#5333);
#5332 = CARTESIAN_POINT('',(203.89,-118.47,0.));
#5333 = VECTOR('',#5334,1.);
#5334 = DIRECTION('',(-0.,-0.,-1.));
#5335 = ORIENTED_EDGE('',*,*,#4586,.T.);
#5336 = ORIENTED_EDGE('',*,*,#5272,.F.);
#5337 = ORIENTED_EDGE('',*,*,#5338,.F.);
#5338 = EDGE_CURVE('',#5329,#5273,#5339,.T.);
#5339 = B_SPLINE_CURVE_WITH_KNOTS('',2,(#5340,#5341,#5342),
  .UNSPECIFIED.,.F.,.F.,(3,3),(0.,1.),.PIECEWISE_BEZIER_KNOTS.);
#5340 = CARTESIAN_POINT('',(203.89,-118.47,0.));
#5341 = CARTESIAN_POINT('',(205.752,-118.2518,0.));
#5342 = CARTESIAN_POINT('',(207.645,-116.1735,0.));
#5343 = SURFACE_OF_LINEAR_EXTRUSION('',#5344,#5348);
#5344 = B_SPLINE_CURVE_WITH_KNOTS('',2,(#5345,#5346,#5347),
  .UNSPECIFIED.,.F.,.F.,(3,3),(0.,1.),.PIECEWISE_BEZIER_KNOTS.);
#5345 = CARTESIAN_POINT('',(203.89,-118.47,0.));
#5346 = CARTESIAN_POINT('',(205.752,-118.2518,0.));
#5347 = CARTESIAN_POINT('',(207.645,-116.1735,0.));
#5348 = VECTOR('',#5349,1.);
#5349 = DIRECTION('',(0.,0.,1.));
#5350 = ADVANCED_FACE('',(#5351),#5369,.F.);
#5351 = FACE_BOUND('',#5352,.F.);
#5352 = EDGE_LOOP('',(#5353,#5361,#5362,#5363));
#5353 = ORIENTED_EDGE('',*,*,#5354,.T.);
#5354 = EDGE_CURVE('',#5355,#4628,#5357,.T.);
#5355 = VERTEX_POINT('',#5356);
#5356 = CARTESIAN_POINT('',(165.89,-118.47,0.));
#5357 = LINE('',#5358,#5359);
#5358 = CARTESIAN_POINT('',(165.89,-118.47,0.));
#5359 = VECTOR('',#5360,1.);
#5360 = DIRECTION('',(-0.,-0.,-1.));
#5361 = ORIENTED_EDGE('',*,*,#4654,.T.);
#5362 = ORIENTED_EDGE('',*,*,#5300,.F.);
#5363 = ORIENTED_EDGE('',*,*,#5364,.F.);
#5364 = EDGE_CURVE('',#5355,#5301,#5365,.T.);
#5365 = B_SPLINE_CURVE_WITH_KNOTS('',2,(#5366,#5367,#5368),
  .UNSPECIFIED.,.F.,.F.,(3,3),(0.,1.),.PIECEWISE_BEZIER_KNOTS.);
#5366 = CARTESIAN_POINT('',(165.89,-118.47,0.));
#5367 = CARTESIAN_POINT('',(164.028,-118.2518,0.));
#5368 = CARTESIAN_POINT('',(162.135,-116.1735,0.));
#5369 = SURFACE_OF_LINEAR_EXTRUSION('',#5370,#5374);
#5370 = B_SPLINE_CURVE_WITH_KNOTS('',2,(#5371,#5372,#5373),
  .UNSPECIFIED.,.F.,.F.,(3,3),(0.,1.),.PIECEWISE_BEZIER_KNOTS.);
#5371 = CARTESIAN_POINT('',(165.89,-118.47,0.));
#5372 = CARTESIAN_POINT('',(164.028,-118.2518,0.));
#5373 = CARTESIAN_POINT('',(162.135,-116.1735,0.));
#5374 = VECTOR('',#5375,1.);
#5375 = DIRECTION('',(0.,0.,1.));
#5376 = ADVANCED_FACE('',(#5377),#5388,.T.);
#5377 = FACE_BOUND('',#5378,.T.);
#5378 = EDGE_LOOP('',(#5379,#5380,#5381,#5382));
#5379 = ORIENTED_EDGE('',*,*,#5354,.T.);
#5380 = ORIENTED_EDGE('',*,*,#4696,.T.);
#5381 = ORIENTED_EDGE('',*,*,#5328,.F.);
#5382 = ORIENTED_EDGE('',*,*,#5383,.T.);
#5383 = EDGE_CURVE('',#5329,#5355,#5384,.T.);
#5384 = LINE('',#5385,#5386);
#5385 = CARTESIAN_POINT('',(184.89,-118.47,0.));
#5386 = VECTOR('',#5387,1.);
#5387 = DIRECTION('',(-1.,0.,0.));
#5388 = PLANE('',#5389);
#5389 = AXIS2_PLACEMENT_3D('',#5390,#5391,#5392);
#5390 = CARTESIAN_POINT('',(184.89,-118.47,-0.5));
#5391 = DIRECTION('',(-0.,-1.,-0.));
#5392 = DIRECTION('',(0.,0.,-1.));
#5393 = ADVANCED_FACE('',(#5394),#5413,.F.);
#5394 = FACE_BOUND('',#5395,.F.);
#5395 = EDGE_LOOP('',(#5396,#5404,#5411,#5412));
#5396 = ORIENTED_EDGE('',*,*,#5397,.F.);
#5397 = EDGE_CURVE('',#5398,#4713,#5400,.T.);
#5398 = VERTEX_POINT('',#5399);
#5399 = CARTESIAN_POINT('',(185.98,-93.85,0.));
#5400 = LINE('',#5401,#5402);
#5401 = CARTESIAN_POINT('',(185.98,-93.85,0.));
#5402 = VECTOR('',#5403,1.);
#5403 = DIRECTION('',(-0.,-0.,-1.));
#5404 = ORIENTED_EDGE('',*,*,#5405,.F.);
#5405 = EDGE_CURVE('',#5398,#5398,#5406,.T.);
#5406 = CIRCLE('',#5407,1.1);
#5407 = AXIS2_PLACEMENT_3D('',#5408,#5409,#5410);
#5408 = CARTESIAN_POINT('',(184.88,-93.85,0.));
#5409 = DIRECTION('',(0.,0.,1.));
#5410 = DIRECTION('',(1.,0.,0.));
#5411 = ORIENTED_EDGE('',*,*,#5397,.T.);
#5412 = ORIENTED_EDGE('',*,*,#4723,.T.);
#5413 = CYLINDRICAL_SURFACE('',#5414,1.1);
#5414 = AXIS2_PLACEMENT_3D('',#5415,#5416,#5417);
#5415 = CARTESIAN_POINT('',(184.88,-93.85,0.));
#5416 = DIRECTION('',(0.,0.,1.));
#5417 = DIRECTION('',(1.,0.,0.));
#5418 = ADVANCED_FACE('',(#5419),#5444,.F.);
#5419 = FACE_BOUND('',#5420,.F.);
#5420 = EDGE_LOOP('',(#5421,#5429,#5437,#5443));
#5421 = ORIENTED_EDGE('',*,*,#5422,.F.);
#5422 = EDGE_CURVE('',#5423,#4748,#5425,.T.);
#5423 = VERTEX_POINT('',#5424);
#5424 = CARTESIAN_POINT('',(215.654236,-100.453819,0.));
#5425 = LINE('',#5426,#5427);
#5426 = CARTESIAN_POINT('',(215.654236,-100.453819,0.));
#5427 = VECTOR('',#5428,1.);
#5428 = DIRECTION('',(-0.,-0.,-1.));
#5429 = ORIENTED_EDGE('',*,*,#5430,.F.);
#5430 = EDGE_CURVE('',#5431,#5423,#5433,.T.);
#5431 = VERTEX_POINT('',#5432);
#5432 = CARTESIAN_POINT('',(215.654236,-98.505165,0.));
#5433 = LINE('',#5434,#5435);
#5434 = CARTESIAN_POINT('',(215.654236,-98.505165,0.));
#5435 = VECTOR('',#5436,1.);
#5436 = DIRECTION('',(0.,-1.,0.));
#5437 = ORIENTED_EDGE('',*,*,#5438,.T.);
#5438 = EDGE_CURVE('',#5431,#4739,#5439,.T.);
#5439 = LINE('',#5440,#5441);
#5440 = CARTESIAN_POINT('',(215.654236,-98.505165,0.));
#5441 = VECTOR('',#5442,1.);
#5442 = DIRECTION('',(-0.,-0.,-1.));
#5443 = ORIENTED_EDGE('',*,*,#4747,.T.);
#5444 = PLANE('',#5445);
#5445 = AXIS2_PLACEMENT_3D('',#5446,#5447,#5448);
#5446 = CARTESIAN_POINT('',(215.654236,-98.505165,0.));
#5447 = DIRECTION('',(-1.,0.,0.));
#5448 = DIRECTION('',(0.,-1.,0.));
#5449 = ADVANCED_FACE('',(#5450),#5468,.F.);
#5450 = FACE_BOUND('',#5451,.F.);
#5451 = EDGE_LOOP('',(#5452,#5453,#5461,#5467));
#5452 = ORIENTED_EDGE('',*,*,#5438,.F.);
#5453 = ORIENTED_EDGE('',*,*,#5454,.F.);
#5454 = EDGE_CURVE('',#5455,#5431,#5457,.T.);
#5455 = VERTEX_POINT('',#5456);
#5456 = CARTESIAN_POINT('',(217.677521,-98.505165,0.));
#5457 = LINE('',#5458,#5459);
#5458 = CARTESIAN_POINT('',(217.677521,-98.505165,0.));
#5459 = VECTOR('',#5460,1.);
#5460 = DIRECTION('',(-1.,0.,0.));
#5461 = ORIENTED_EDGE('',*,*,#5462,.T.);
#5462 = EDGE_CURVE('',#5455,#4772,#5463,.T.);
#5463 = LINE('',#5464,#5465);
#5464 = CARTESIAN_POINT('',(217.677521,-98.505165,0.));
#5465 = VECTOR('',#5466,1.);
#5466 = DIRECTION('',(-0.,-0.,-1.));
#5467 = ORIENTED_EDGE('',*,*,#4780,.T.);
#5468 = PLANE('',#5469);
#5469 = AXIS2_PLACEMENT_3D('',#5470,#5471,#5472);
#5470 = CARTESIAN_POINT('',(217.677521,-98.505165,0.));
#5471 = DIRECTION('',(0.,1.,0.));
#5472 = DIRECTION('',(-1.,0.,0.));
#5473 = ADVANCED_FACE('',(#5474),#5492,.F.);
#5474 = FACE_BOUND('',#5475,.F.);
#5475 = EDGE_LOOP('',(#5476,#5484,#5490,#5491));
#5476 = ORIENTED_EDGE('',*,*,#5477,.F.);
#5477 = EDGE_CURVE('',#5478,#4798,#5480,.T.);
#5478 = VERTEX_POINT('',#5479);
#5479 = CARTESIAN_POINT('',(217.677521,-100.453819,0.));
#5480 = LINE('',#5481,#5482);
#5481 = CARTESIAN_POINT('',(217.677521,-100.453819,0.));
#5482 = VECTOR('',#5483,1.);
#5483 = DIRECTION('',(-0.,-0.,-1.));
#5484 = ORIENTED_EDGE('',*,*,#5485,.F.);
#5485 = EDGE_CURVE('',#5423,#5478,#5486,.T.);
#5486 = LINE('',#5487,#5488);
#5487 = CARTESIAN_POINT('',(215.654236,-100.453819,0.));
#5488 = VECTOR('',#5489,1.);
#5489 = DIRECTION('',(1.,0.,0.));
#5490 = ORIENTED_EDGE('',*,*,#5422,.T.);
#5491 = ORIENTED_EDGE('',*,*,#4797,.T.);
#5492 = PLANE('',#5493);
#5493 = AXIS2_PLACEMENT_3D('',#5494,#5495,#5496);
#5494 = CARTESIAN_POINT('',(215.654236,-100.453819,0.));
#5495 = DIRECTION('',(0.,-1.,0.));
#5496 = DIRECTION('',(1.,0.,0.));
#5497 = ADVANCED_FACE('',(#5498),#5509,.F.);
#5498 = FACE_BOUND('',#5499,.F.);
#5499 = EDGE_LOOP('',(#5500,#5501,#5507,#5508));
#5500 = ORIENTED_EDGE('',*,*,#5462,.F.);
#5501 = ORIENTED_EDGE('',*,*,#5502,.F.);
#5502 = EDGE_CURVE('',#5478,#5455,#5503,.T.);
#5503 = LINE('',#5504,#5505);
#5504 = CARTESIAN_POINT('',(217.677521,-100.453819,0.));
#5505 = VECTOR('',#5506,1.);
#5506 = DIRECTION('',(0.,1.,0.));
#5507 = ORIENTED_EDGE('',*,*,#5477,.T.);
#5508 = ORIENTED_EDGE('',*,*,#4822,.T.);
#5509 = PLANE('',#5510);
#5510 = AXIS2_PLACEMENT_3D('',#5511,#5512,#5513);
#5511 = CARTESIAN_POINT('',(217.677521,-100.453819,0.));
#5512 = DIRECTION('',(1.,0.,0.));
#5513 = DIRECTION('',(0.,1.,0.));
#5514 = ADVANCED_FACE('',(#5515),#5540,.F.);
#5515 = FACE_BOUND('',#5516,.F.);
#5516 = EDGE_LOOP('',(#5517,#5525,#5533,#5539));
#5517 = ORIENTED_EDGE('',*,*,#5518,.F.);
#5518 = EDGE_CURVE('',#5519,#4848,#5521,.T.);
#5519 = VERTEX_POINT('',#5520);
#5520 = CARTESIAN_POINT('',(152.168427,-100.486168,0.));
#5521 = LINE('',#5522,#5523);
#5522 = CARTESIAN_POINT('',(152.168427,-100.486168,0.));
#5523 = VECTOR('',#5524,1.);
#5524 = DIRECTION('',(-0.,-0.,-1.));
#5525 = ORIENTED_EDGE('',*,*,#5526,.F.);
#5526 = EDGE_CURVE('',#5527,#5519,#5529,.T.);
#5527 = VERTEX_POINT('',#5528);
#5528 = CARTESIAN_POINT('',(152.168427,-98.490479,0.));
#5529 = LINE('',#5530,#5531);
#5530 = CARTESIAN_POINT('',(152.168427,-98.490479,0.));
#5531 = VECTOR('',#5532,1.);
#5532 = DIRECTION('',(0.,-1.,0.));
#5533 = ORIENTED_EDGE('',*,*,#5534,.T.);
#5534 = EDGE_CURVE('',#5527,#4839,#5535,.T.);
#5535 = LINE('',#5536,#5537);
#5536 = CARTESIAN_POINT('',(152.168427,-98.490479,0.));
#5537 = VECTOR('',#5538,1.);
#5538 = DIRECTION('',(-0.,-0.,-1.));
#5539 = ORIENTED_EDGE('',*,*,#4847,.T.);
#5540 = PLANE('',#5541);
#5541 = AXIS2_PLACEMENT_3D('',#5542,#5543,#5544);
#5542 = CARTESIAN_POINT('',(152.168427,-98.490479,0.));
#5543 = DIRECTION('',(-1.,0.,0.));
#5544 = DIRECTION('',(0.,-1.,0.));
#5545 = ADVANCED_FACE('',(#5546),#5564,.F.);
#5546 = FACE_BOUND('',#5547,.F.);
#5547 = EDGE_LOOP('',(#5548,#5549,#5557,#5563));
#5548 = ORIENTED_EDGE('',*,*,#5534,.F.);
#5549 = ORIENTED_EDGE('',*,*,#5550,.F.);
#5550 = EDGE_CURVE('',#5551,#5527,#5553,.T.);
#5551 = VERTEX_POINT('',#5552);
#5552 = CARTESIAN_POINT('',(154.178635,-98.490479,0.));
#5553 = LINE('',#5554,#5555);
#5554 = CARTESIAN_POINT('',(154.178635,-98.490479,0.));
#5555 = VECTOR('',#5556,1.);
#5556 = DIRECTION('',(-1.,0.,0.));
#5557 = ORIENTED_EDGE('',*,*,#5558,.T.);
#5558 = EDGE_CURVE('',#5551,#4872,#5559,.T.);
#5559 = LINE('',#5560,#5561);
#5560 = CARTESIAN_POINT('',(154.178635,-98.490479,0.));
#5561 = VECTOR('',#5562,1.);
#5562 = DIRECTION('',(-0.,-0.,-1.));
#5563 = ORIENTED_EDGE('',*,*,#4880,.T.);
#5564 = PLANE('',#5565);
#5565 = AXIS2_PLACEMENT_3D('',#5566,#5567,#5568);
#5566 = CARTESIAN_POINT('',(154.178635,-98.490479,0.));
#5567 = DIRECTION('',(0.,1.,0.));
#5568 = DIRECTION('',(-1.,0.,0.));
#5569 = ADVANCED_FACE('',(#5570),#5588,.F.);
#5570 = FACE_BOUND('',#5571,.F.);
#5571 = EDGE_LOOP('',(#5572,#5580,#5586,#5587));
#5572 = ORIENTED_EDGE('',*,*,#5573,.F.);
#5573 = EDGE_CURVE('',#5574,#4898,#5576,.T.);
#5574 = VERTEX_POINT('',#5575);
#5575 = CARTESIAN_POINT('',(154.178635,-100.486168,0.));
#5576 = LINE('',#5577,#5578);
#5577 = CARTESIAN_POINT('',(154.178635,-100.486168,0.));
#5578 = VECTOR('',#5579,1.);
#5579 = DIRECTION('',(-0.,-0.,-1.));
#5580 = ORIENTED_EDGE('',*,*,#5581,.F.);
#5581 = EDGE_CURVE('',#5519,#5574,#5582,.T.);
#5582 = LINE('',#5583,#5584);
#5583 = CARTESIAN_POINT('',(152.168427,-100.486168,0.));
#5584 = VECTOR('',#5585,1.);
#5585 = DIRECTION('',(1.,0.,0.));
#5586 = ORIENTED_EDGE('',*,*,#5518,.T.);
#5587 = ORIENTED_EDGE('',*,*,#4897,.T.);
#5588 = PLANE('',#5589);
#5589 = AXIS2_PLACEMENT_3D('',#5590,#5591,#5592);
#5590 = CARTESIAN_POINT('',(152.168427,-100.486168,0.));
#5591 = DIRECTION('',(0.,-1.,0.));
#5592 = DIRECTION('',(1.,0.,0.));
#5593 = ADVANCED_FACE('',(#5594),#5605,.F.);
#5594 = FACE_BOUND('',#5595,.F.);
#5595 = EDGE_LOOP('',(#5596,#5597,#5603,#5604));
#5596 = ORIENTED_EDGE('',*,*,#5558,.F.);
#5597 = ORIENTED_EDGE('',*,*,#5598,.F.);
#5598 = EDGE_CURVE('',#5574,#5551,#5599,.T.);
#5599 = LINE('',#5600,#5601);
#5600 = CARTESIAN_POINT('',(154.178635,-100.486168,0.));
#5601 = VECTOR('',#5602,1.);
#5602 = DIRECTION('',(0.,1.,0.));
#5603 = ORIENTED_EDGE('',*,*,#5573,.T.);
#5604 = ORIENTED_EDGE('',*,*,#4922,.T.);
#5605 = PLANE('',#5606);
#5606 = AXIS2_PLACEMENT_3D('',#5607,#5608,#5609);
#5607 = CARTESIAN_POINT('',(154.178635,-100.486168,0.));
#5608 = DIRECTION('',(1.,0.,0.));
#5609 = DIRECTION('',(0.,1.,0.));
#5610 = ADVANCED_FACE('',(#5611),#5630,.F.);
#5611 = FACE_BOUND('',#5612,.F.);
#5612 = EDGE_LOOP('',(#5613,#5621,#5628,#5629));
#5613 = ORIENTED_EDGE('',*,*,#5614,.F.);
#5614 = EDGE_CURVE('',#5615,#4939,#5617,.T.);
#5615 = VERTEX_POINT('',#5616);
#5616 = CARTESIAN_POINT('',(206.43,-113.51,0.));
#5617 = LINE('',#5618,#5619);
#5618 = CARTESIAN_POINT('',(206.43,-113.51,0.));
#5619 = VECTOR('',#5620,1.);
#5620 = DIRECTION('',(-0.,-0.,-1.));
#5621 = ORIENTED_EDGE('',*,*,#5622,.F.);
#5622 = EDGE_CURVE('',#5615,#5615,#5623,.T.);
#5623 = CIRCLE('',#5624,0.5);
#5624 = AXIS2_PLACEMENT_3D('',#5625,#5626,#5627);
#5625 = CARTESIAN_POINT('',(205.93,-113.51,0.));
#5626 = DIRECTION('',(0.,0.,1.));
#5627 = DIRECTION('',(1.,0.,0.));
#5628 = ORIENTED_EDGE('',*,*,#5614,.T.);
#5629 = ORIENTED_EDGE('',*,*,#4948,.T.);
#5630 = CYLINDRICAL_SURFACE('',#5631,0.5);
#5631 = AXIS2_PLACEMENT_3D('',#5632,#5633,#5634);
#5632 = CARTESIAN_POINT('',(205.93,-113.51,0.));
#5633 = DIRECTION('',(0.,0.,1.));
#5634 = DIRECTION('',(1.,0.,0.));
#5635 = ADVANCED_FACE('',(#5636),#5655,.F.);
#5636 = FACE_BOUND('',#5637,.F.);
#5637 = EDGE_LOOP('',(#5638,#5646,#5653,#5654));
#5638 = ORIENTED_EDGE('',*,*,#5639,.F.);
#5639 = EDGE_CURVE('',#5640,#4964,#5642,.T.);
#5640 = VERTEX_POINT('',#5641);
#5641 = CARTESIAN_POINT('',(164.43,-85.54,0.));
#5642 = LINE('',#5643,#5644);
#5643 = CARTESIAN_POINT('',(164.43,-85.54,0.));
#5644 = VECTOR('',#5645,1.);
#5645 = DIRECTION('',(-0.,-0.,-1.));
#5646 = ORIENTED_EDGE('',*,*,#5647,.F.);
#5647 = EDGE_CURVE('',#5640,#5640,#5648,.T.);
#5648 = CIRCLE('',#5649,0.5);
#5649 = AXIS2_PLACEMENT_3D('',#5650,#5651,#5652);
#5650 = CARTESIAN_POINT('',(163.93,-85.54,0.));
#5651 = DIRECTION('',(0.,0.,1.));
#5652 = DIRECTION('',(1.,0.,0.));
#5653 = ORIENTED_EDGE('',*,*,#5639,.T.);
#5654 = ORIENTED_EDGE('',*,*,#4973,.T.);
#5655 = CYLINDRICAL_SURFACE('',#5656,0.5);
#5656 = AXIS2_PLACEMENT_3D('',#5657,#5658,#5659);
#5657 = CARTESIAN_POINT('',(163.93,-85.54,0.));
#5658 = DIRECTION('',(0.,0.,1.));
#5659 = DIRECTION('',(1.,0.,0.));
#5660 = ADVANCED_FACE('',(#5661),#5680,.F.);
#5661 = FACE_BOUND('',#5662,.F.);
#5662 = EDGE_LOOP('',(#5663,#5671,#5678,#5679));
#5663 = ORIENTED_EDGE('',*,*,#5664,.F.);
#5664 = EDGE_CURVE('',#5665,#4989,#5667,.T.);
#5665 = VERTEX_POINT('',#5666);
#5666 = CARTESIAN_POINT('',(164.43,-113.52,0.));
#5667 = LINE('',#5668,#5669);
#5668 = CARTESIAN_POINT('',(164.43,-113.52,0.));
#5669 = VECTOR('',#5670,1.);
#5670 = DIRECTION('',(-0.,-0.,-1.));
#5671 = ORIENTED_EDGE('',*,*,#5672,.F.);
#5672 = EDGE_CURVE('',#5665,#5665,#5673,.T.);
#5673 = CIRCLE('',#5674,0.5);
#5674 = AXIS2_PLACEMENT_3D('',#5675,#5676,#5677);
#5675 = CARTESIAN_POINT('',(163.93,-113.52,0.));
#5676 = DIRECTION('',(0.,0.,1.));
#5677 = DIRECTION('',(1.,0.,0.));
#5678 = ORIENTED_EDGE('',*,*,#5664,.T.);
#5679 = ORIENTED_EDGE('',*,*,#4998,.T.);
#5680 = CYLINDRICAL_SURFACE('',#5681,0.5);
#5681 = AXIS2_PLACEMENT_3D('',#5682,#5683,#5684);
#5682 = CARTESIAN_POINT('',(163.93,-113.52,0.));
#5683 = DIRECTION('',(0.,0.,1.));
#5684 = DIRECTION('',(1.,0.,0.));
#5685 = ADVANCED_FACE('',(#5686,#5702,#5705,#5708,#5711,#5717,#5720,
    #5723,#5729),#5732,.T.);
#5686 = FACE_BOUND('',#5687,.T.);
#5687 = EDGE_LOOP('',(#5688,#5689,#5690,#5691,#5692,#5693,#5694,#5695,
    #5696,#5697,#5698,#5699,#5700,#5701));
#5688 = ORIENTED_EDGE('',*,*,#5130,.T.);
#5689 = ORIENTED_EDGE('',*,*,#5184,.T.);
#5690 = ORIENTED_EDGE('',*,*,#5254,.T.);
#5691 = ORIENTED_EDGE('',*,*,#5245,.T.);
#5692 = ORIENTED_EDGE('',*,*,#5310,.F.);
#5693 = ORIENTED_EDGE('',*,*,#5364,.F.);
#5694 = ORIENTED_EDGE('',*,*,#5383,.F.);
#5695 = ORIENTED_EDGE('',*,*,#5338,.T.);
#5696 = ORIENTED_EDGE('',*,*,#5282,.T.);
#5697 = ORIENTED_EDGE('',*,*,#5212,.T.);
#5698 = ORIENTED_EDGE('',*,*,#5203,.T.);
#5699 = ORIENTED_EDGE('',*,*,#5156,.F.);
#5700 = ORIENTED_EDGE('',*,*,#5104,.F.);
#5701 = ORIENTED_EDGE('',*,*,#5071,.F.);
#5702 = FACE_BOUND('',#5703,.T.);
#5703 = EDGE_LOOP('',(#5704));
#5704 = ORIENTED_EDGE('',*,*,#5672,.F.);
#5705 = FACE_BOUND('',#5706,.T.);
#5706 = EDGE_LOOP('',(#5707));
#5707 = ORIENTED_EDGE('',*,*,#5046,.F.);
#5708 = FACE_BOUND('',#5709,.T.);
#5709 = EDGE_LOOP('',(#5710));
#5710 = ORIENTED_EDGE('',*,*,#5622,.F.);
#5711 = FACE_BOUND('',#5712,.T.);
#5712 = EDGE_LOOP('',(#5713,#5714,#5715,#5716));
#5713 = ORIENTED_EDGE('',*,*,#5526,.F.);
#5714 = ORIENTED_EDGE('',*,*,#5550,.F.);
#5715 = ORIENTED_EDGE('',*,*,#5598,.F.);
#5716 = ORIENTED_EDGE('',*,*,#5581,.F.);
#5717 = FACE_BOUND('',#5718,.T.);
#5718 = EDGE_LOOP('',(#5719));
#5719 = ORIENTED_EDGE('',*,*,#5405,.F.);
#5720 = FACE_BOUND('',#5721,.T.);
#5721 = EDGE_LOOP('',(#5722));
#5722 = ORIENTED_EDGE('',*,*,#5647,.F.);
#5723 = FACE_BOUND('',#5724,.T.);
#5724 = EDGE_LOOP('',(#5725,#5726,#5727,#5728));
#5725 = ORIENTED_EDGE('',*,*,#5430,.F.);
#5726 = ORIENTED_EDGE('',*,*,#5454,.F.);
#5727 = ORIENTED_EDGE('',*,*,#5502,.F.);
#5728 = ORIENTED_EDGE('',*,*,#5485,.F.);
#5729 = FACE_BOUND('',#5730,.T.);
#5730 = EDGE_LOOP('',(#5731));
#5731 = ORIENTED_EDGE('',*,*,#5021,.F.);
#5732 = PLANE('',#5733);
#5733 = AXIS2_PLACEMENT_3D('',#5734,#5735,#5736);
#5734 = CARTESIAN_POINT('',(184.89,-99.47,0.));
#5735 = DIRECTION('',(0.,0.,1.));
#5736 = DIRECTION('',(1.,0.,0.));
#5737 = ( GEOMETRIC_REPRESENTATION_CONTEXT(3) 
GLOBAL_UNCERTAINTY_ASSIGNED_CONTEXT((#5741)) 
GLOBAL_UNIT_ASSIGNED_CONTEXT((#5738,#5739,#5740)) REPRESENTATION_CONTEXT
('Context #1','3D Context with UNIT and UNCERTAINTY') );
#5738 = ( LENGTH_UNIT() NAMED_UNIT(*) SI_UNIT(.MILLI.,.METRE.) );
#5739 = ( NAMED_UNIT(*) PLANE_ANGLE_UNIT() SI_UNIT($,.RADIAN.) );
#5740 = ( NAMED_UNIT(*) SI_UNIT($,.STERADIAN.) SOLID_ANGLE_UNIT() );
#5741 = UNCERTAINTY_MEASURE_WITH_UNIT(LENGTH_MEASURE(5.E-05),#5738,
  'distance_accuracy_value','confusion accuracy');
#5742 = CONTEXT_DEPENDENT_SHAPE_REPRESENTATION(#5743,#5745);
#5743 = ( REPRESENTATION_RELATIONSHIP('','',#3061,#10) 
REPRESENTATION_RELATIONSHIP_WITH_TRANSFORMATION(#5744) 
SHAPE_REPRESENTATION_RELATIONSHIP() );
#5744 = ITEM_DEFINED_TRANSFORMATION('','',#11,#19);
#5745 = PRODUCT_DEFINITION_SHAPE('Placement','Placement of an item',
  #5746);
#5746 = NEXT_ASSEMBLY_USAGE_OCCURRENCE('4','Bottom Case','',#5,#3056,$);
#5747 = PRODUCT_RELATED_PRODUCT_CATEGORY('part',$,(#3058));
#5748 = MECHANICAL_DESIGN_GEOMETRIC_PRESENTATION_REPRESENTATION('',(
    #5749),#5737);
#5749 = STYLED_ITEM('color',(#5750),#3062);
#5750 = PRESENTATION_STYLE_ASSIGNMENT((#5751,#5757));
#5751 = SURFACE_STYLE_USAGE(.BOTH.,#5752);
#5752 = SURFACE_SIDE_STYLE('',(#5753));
#5753 = SURFACE_STYLE_FILL_AREA(#5754);
#5754 = FILL_AREA_STYLE('',(#5755));
#5755 = FILL_AREA_STYLE_COLOUR('',#5756);
#5756 = COLOUR_RGB('',0.447058818107,0.474509808674,0.501960817233);
#5757 = CURVE_STYLE('',#5758,POSITIVE_LENGTH_MEASURE(0.1),#5759);
#5758 = DRAUGHTING_PRE_DEFINED_CURVE_FONT('continuous');
#5759 = COLOUR_RGB('',9.803921802644E-02,9.803921802644E-02,
  9.803921802644E-02);
#5760 = MECHANICAL_DESIGN_GEOMETRIC_PRESENTATION_REPRESENTATION('',(
    #5761),#3043);
#5761 = STYLED_ITEM('color',(#5762),#37);
#5762 = PRESENTATION_STYLE_ASSIGNMENT((#5763,#5770));
#5763 = SURFACE_STYLE_USAGE(.BOTH.,#5764);
#5764 = SURFACE_SIDE_STYLE('',(#5765,#5768));
#5765 = SURFACE_STYLE_FILL_AREA(#5766);
#5766 = FILL_AREA_STYLE('',(#5767));
#5767 = FILL_AREA_STYLE_COLOUR('',#5756);
#5768 = SURFACE_STYLE_RENDERING_WITH_PROPERTIES(.NORMAL_SHADING.,#5756,(
    #5769));
#5769 = SURFACE_STYLE_TRANSPARENT(0.699999988079);
#5770 = CURVE_STYLE('',#5771,POSITIVE_LENGTH_MEASURE(0.1),#5759);
#5771 = DRAUGHTING_PRE_DEFINED_CURVE_FONT('continuous');
ENDSEC;
END-ISO-10303-21;
